CompanyKey,Company,Year,WomenPct,BvdID,NACE,IncorpYear,NumDirectors,TotalAssets_m,ShareFunds_m,NetIncome_m,Revenue_m,MarketCap_m,Employees,ROA,TotalDebt_m,TobinQ,GenderDiv,GenderDivSq,Blau,FCA_Post,CriticalMass,GenderDiv_x_Post,FirmSize,Leverage,FirmAge,Industry
BURBERRY,Burberry Group Plc,2025,55.6,GB03458224,4771,1996.0,29.0,3091.0,946.0,21.0,2431.0,3927.626522593,7613.0,0.006793917825946296,2145.0,1.964615503912326,0.556,0.3091360000000001,0.49372799999999994,1,1,0.556,8.036249942132116,0.693950177935943,29.0,47
NEXT,Next Plc,2025,33.3,GB04412362,4791,2001.0,16.0,4915.3,1780.5,888.5,6901.3,16241.215834506,49181.0,0.18076211014587104,3134.8,3.941980313410372,0.33299999999999996,0.11088899999999997,0.444222,1,1,0.33299999999999996,8.500108068358424,0.6377637173722865,24.0,47
NEXT,Next Plc,2025,33.3,GB01579589,7320,1980.0,13.0,521.235,131.898,-30.244,627.831,354.106428737,3350.0,-0.05802373209780617,389.337,1.4263114118142488,0.33299999999999996,0.11088899999999997,0.444222,1,1,0.33299999999999996,6.268012441050478,0.7469509913954357,45.0,73
MARKS AND SPENCER,Marks & Spencer Group Plc,2025,66.7,GB04256886,4719,2000.0,21.0,10114.8,3222.9,259.4,17374.5,7003.285000912,64442.0,0.025645588642385416,6891.9,1.3737478744920315,0.667,0.44488900000000003,0.444222,1,1,0.667,9.221754976791436,0.6813678965476332,25.0,47
CONVATEC,Convatec Group Plc,2025,55.6,GB10361298,4690,2015.0,21.0,2810.00521011078,1128.16395370224,130.058426810205,1812.64287422909,4754.199981656,10741.0,0.04628405183813793,1681.84125640854,2.290401887835222,0.556,0.3091360000000001,0.49372799999999994,1,1,0.556,7.940941616458023,0.5985189103411791,10.0,46
DIAGEO,Diageo Plc,2025,77.8,GB00023307,1101,1886.0,23.0,35994.9011883697,9617.225738216941,1717.9351485629602,14774.6801540599,40678.96735225,29632.0,0.047727180568509005,26377.67545015276,1.8629483784794887,0.778,0.605284,0.34543199999999996,1,1,0.778,10.491132573750857,0.7328169984996553,139.0,11
HALEON,Haleon Plc,2025,58.3,GB13691224,2120,2020.0,29.0,32630.0,16484.0,1667.0,11044.0,33381.965959084,24384.0,0.051087955868832365,16146.0,1.517865950324364,0.583,0.33988899999999994,0.48622200000000004,1,1,0.583,10.392987389587367,0.49482071713147413,5.0,21
PEARSON,Pearson Plc,2025,63.6,GB00053723,5811,1897.0,27.0,6458.0,3663.0,335.0,3609.0,6676.05624,17062.0,0.051873645091359555,2795.0,1.4665618209972127,0.636,0.404496,0.463008,1,1,0.636,8.77307495131822,0.43279653143388047,128.0,58
ASTRAZENECA,AstraZeneca Plc,2025,50.0,GB02723534,2120,1991.0,33.0,84778.7713139848,36207.5228329508,7599.1280807677,43922.5887113321,213870.193667309,96100.0,0.08963479846415484,48571.248481034,3.095603275215804,0.5,0.25,0.5,1,1,0.5,11.347800452161657,0.5729175798166098,34.0,21
NATIONAL GRID,National Grid Plc,2025,41.7,GB04031152,3522,1999.0,50.0,108281.0,39330.0,3241.0,17687.0,63137.652114471,33026.0,0.029931382236957547,68951.0,1.2198691563106272,0.41700000000000004,0.17388900000000004,0.48622200000000004,1,1,0.41700000000000004,11.59248497900144,0.636778382172311,26.0,35
GSK,GSK Plc,2025,50.0,GB03888792,2120,1999.0,30.0,61118.0,15956.0,573.0,34061.0,74356.142342798,66841.0,0.009375306783598939,45162.0,1.9555309784809385,0.5,0.25,0.5,1,1,0.5,11.02056170079192,0.7389312477502537,26.0,21
HALMA,Halma Plc,2025,54.5,GB00040932,2611,1894.0,22.0,3712.7,2168.0,372.3,2582.3,14434.115696428,9382.0,0.10027742613192556,1544.6999999999998,4.303826244088668,0.545,0.29702500000000004,0.49595,1,1,0.545,8.21951465371378,0.41605839416058393,131.0,26
SEVERN TRENT,Severn Trent Plc,2025,62.5,GB02366619,3600,1988.0,17.0,17571.0,1841.0,371.0,2834.0,9303.669421243,10860.0,0.021114336122019236,15730.0,1.4247151227160093,0.625,0.390625,0.46875,1,1,0.625,9.774005094757891,0.8952250867907348,37.0,36
AUTO TRADER,Auto Trader Group Plc,2025,55.6,GB09439967,4511,2014.0,29.0,685.3,407.1,293.9,624.3,3864.409334543,1244.0,0.3728120567375876,278.19999999999993,6.044957441329345,0.556,0.3091360000000001,0.49372799999999994,1,1,0.556,6.529856698591778,0.40595359696483285,11.0,45
LAND SECURITIES,Land Securities Group Plc,2025,45.5,GB04369054,9499,1904.0,23.0,11540.0,6538.0,157.0,892.0,4120.082753646,700.0,0.013604852686308492,5002.0,0.7904751086348354,0.455,0.20702500000000001,0.4959500000000001,1,1,0.455,9.353574540062091,0.4334488734835355,121.0,94
SPIRAX,Spirax Group Plc,2025,50.0,GB00596337,2813,1957.0,21.0,2661.1,1222.3,163.4,1702.9,5020.351474353,10072.0,0.061403179136447335,1438.8,2.4272486845112926,0.5,0.25,0.5,1,1,0.5,7.886494850128781,0.5406786667167712,68.0,28
RELX,RELX Plc,2025,40.0,GB00077536,6311,1902.0,20.0,14757.0,2390.0,2078.0,9590.0,55083.000716556,37600.0,0.1408145286982449,12367.0,4.570712252934608,0.4,0.16000000000000003,0.48,1,1,0.4,9.59947282546345,0.8380429626617876,123.0,63
BAE SYSTEMS,BAE Systems Plc,2025,41.7,GB01470151,3030,1979.0,22.0,37679.0,11937.0,2062.0,28494.0,51437.411842705,104000.0,0.054725443881207037,25742.0,2.0483402384008333,0.41700000000000004,0.17388900000000004,0.48622200000000004,1,1,0.41700000000000004,10.536858189059995,0.6831922290931288,46.0,30
SAGE,Sage Group Plc,2025,40.0,GB02231246,5829,1987.0,18.0,3713.0,720.0,369.0,2513.0,10597.62682,11094.0,0.09938055480743334,2993.0,3.6602819337462966,0.4,0.16000000000000003,0.48,1,1,0.4,8.21959545417708,0.8060867223269593,38.0,58
INFORMA,Informa Plc,2025,45.5,GB08860726,5814,2013.0,26.0,12324.8,6259.9,11.0,4042.8,11381.232088092,14052.0,0.0008925094119174348,6064.9,1.4155306445615345,0.455,0.20702500000000001,0.4959500000000001,1,1,0.455,9.419368771598702,0.49208912112164094,12.0,58
SSE,SSE Plc,2025,45.5,GBSC117119,3511,1988.0,24.0,35353.6,16401.3,1208.7,10223.8,31456.07374132,15197.0,0.03418888034033309,18952.3,1.4258342500147085,0.455,0.20702500000000001,0.4959500000000001,1,1,0.455,10.473155504894809,0.5360783625995655,37.0,35
KINGFISHER,Kingfisher Plc,2025,37.5,GB01664812,4719,1981.0,23.0,11398.0,6158.0,245.0,12971.0,5770.507631625,69720.0,0.021494999122653097,5240.0,0.9660034770683453,0.375,0.140625,0.46875,1,1,0.375,9.341193180394946,0.45972977715388663,44.0,47
ANGLO AMERICAN,Anglo American Plc,2025,45.5,GB03564138,0710,1997.0,26.0,41614.2374332036,17923.537596467,-2780.2775696970098,16768.6187663923,36342.851340591,43000.0,-0.06681072972104142,23690.6998367366,1.4426204799184281,0.455,0.20702500000000001,0.4959500000000001,1,1,0.455,10.636197633687026,0.5692931385505582,28.0,07
BUNZL,Bunzl Plc,2025,55.6,GB00358948,4639,1939.0,21.0,8572.2,2792.8,459.2,11845.4,6730.629340246,26777.0,0.05356851216723828,5779.400000000001,1.4593720795415412,0.556,0.3091360000000001,0.49372799999999994,1,1,0.556,9.056279688099167,0.6742026550943748,86.0,46
BARRATT REDROW,Barratt Redrow Plc,2025,50.0,GB00604574,4110,1957.0,21.0,11549.8,7873.0,186.4,5980.8,6564.162693901,7756.0,0.016138807598399973,3676.7999999999993,0.8866787904466744,0.5,0.25,0.5,1,1,0.5,9.3544233997827,0.3183431747735891,68.0,41
SEGRO,SEGRO Plc,2025,44.4,GB00167591,6831,1919.0,18.0,18181.0,12273.0,551.0,726.0,9750.580968738,495.0,0.03030636378637039,5908.0,0.8612607100125406,0.444,0.197136,0.49372799999999994,1,1,0.444,9.808132371719273,0.3249546229580331,106.0,68
EXPERIAN,Experian Plc,2025,44.4,GBJE93905,7490,1904.0,20.0,10826.9901339469,4230.0270061459405,1138.00834018112,6398.45568097841,23459.058656815,25221.0,0.10510846745976182,6596.963127800959,2.7760274474046516,0.444,0.197136,0.49372799999999994,1,1,0.444,9.289797382065162,0.609307207837649,121.0,74
UNITED UTILITIES,United Utilities Group Plc,2025,45.5,GB06559020,3600,1988.0,22.0,18127.0,2241.4,586.8,2639.6,8966.83243658,6807.0,0.03237160037513102,15885.6,1.3710174014773542,0.455,0.20702500000000001,0.4959500000000001,1,1,0.455,9.805157818462918,0.876350195840459,37.0,36
WPP NEW,WPP Plc,2025,45.5,GBJE111714,7311,1904.0,49.0,24075.0,2772.0,-215.0,13550.0,3640.95795825,98655.0,-0.008930425752855659,21303.0,1.036093788504673,0.455,0.20702500000000001,0.4959500000000001,1,1,0.455,10.088929236666326,0.8848598130841121,121.0,73
CRODA,Croda International Plc,2025,33.3,GB00206132,2059,1924.0,18.0,3411.0,2202.1,62.0,1699.4,3763.175268433,5954.0,0.01817648783347992,1208.9,1.4576591229648197,0.33299999999999996,0.11088899999999997,0.444222,1,1,0.33299999999999996,8.134760782418645,0.35441219583699796,101.0,20
MELROSE INDUSTRIES,Melrose Industries Plc,2025,40.0,GB09800044,3030,2014.0,20.0,7596.0,2827.0,370.0,3589.0,7402.18186859,13647.0,0.04870984728804634,4769.0,1.6023146219839388,0.4,0.16000000000000003,0.48,1,1,0.4,8.935377071932177,0.6278304370721433,11.0,30
SAINSBURY J,J Sainsbury Plc,2025,50.0,GB00185647,4711,1921.0,27.0,18943.0,6150.0,393.0,33845.0,7900.275291198,91.0,0.02074644987594362,12793.0,1.0923969429973077,0.5,0.25,0.5,1,1,0.5,9.849189749128278,0.6753418149184395,104.0,47
HIKMA PHARMACEUTICALS,Hikma Pharmaceuticals Plc,2025,45.5,GB05557934,2120,2004.0,21.0,4214.63621966099,1936.75577295654,298.7627861583,2511.98561496282,3439.2400215,9603.0,0.0708869687885735,2277.8804467044497,1.356492036378958,0.455,0.20702500000000001,0.4959500000000001,1,1,0.455,8.346318560581116,0.5404690530770587,21.0,21
BERKELEY,Berkeley Group Holdings Plc,2025,44.4,GB05172586,4110,1904.0,14.0,6692.8,3559.8,382.0,2486.5,4131.066912282,2552.0,0.0570762610566579,3133.0,1.0853554435037651,0.444,0.197136,0.49372799999999994,1,1,0.444,8.808787600687934,0.46811498924217065,121.0,41
INTERCONTINENTAL HOTELS,InterContinental Hotels Group Plc,2025,40.0,GB05134420,5510,2003.0,21.0,3972.35595028884,-2033.37060430126,564.081976851118,3866.82282681999,15862.046685408,13049.0,0.14200187090738992,6005.7265545901,5.504988352921404,0.4,0.16000000000000003,0.48,1,1,0.4,8.287114636026235,1.139816536841041,22.0,55
IMPERIAL BRANDS,Imperial Brands Plc,2025,36.4,GB03236483,1200,1995.0,21.0,28715.0,5432.0,2071.0,32171.0,25494.581245248,25100.0,0.072122584015323,23283.0,1.6986794792006965,0.364,0.132496,0.463008,1,1,0.364,10.265174913298397,0.810830576353822,30.0,12
PERSIMMON,Persimmon Plc,2025,44.4,GB01818486,4120,1983.0,11.0,5318.2,3614.1,285.7,3772.7,4356.453108943,4605.0,0.05372118385920048,1704.1,1.1395872868532588,0.444,0.197136,0.49372799999999994,1,1,0.444,8.578890179219153,0.3204279643488398,42.0,41
UNILEVER,Unilever Plc,2025,40.0,GB00041424,2042,1894.0,22.0,61538.7461015419,15357.8341117313,8268.79690703269,50817.8653720414,105970.649491301,96092.0,0.13436732840459206,46180.9119898106,2.472451441081594,0.4,0.16000000000000003,0.48,1,1,0.4,11.027422273327891,0.7504363497041338,131.0,20
SHELL,Shell Plc,2025,41.7,GB04366849,0610,2001.0,23.0,275240.790680911,130295.504742505,13256.298051506501,198742.65360418,157561.512190589,85000.0,0.04816254894019194,144945.28593840598,1.0990623787289353,0.41700000000000004,0.17388900000000004,0.48622200000000004,1,1,0.41700000000000004,12.525401596008523,0.5266126636965024,24.0,06
LONDON STOCK EXCHANGE,London Stock Exchange Group Plc,2025,33.3,GB05369106,8411,1904.0,22.0,796704.0,22168.0,1249.0,9375.0,45691.729160594,28516.0,0.0015677089609189862,774536.0,1.0295263098473135,0.33299999999999996,0.11088899999999997,0.444222,1,1,0.33299999999999996,12.639734497244369,0.9721753624934731,121.0,84
DIPLOMA,Diploma Plc,2025,44.4,GB03899848,4690,1999.0,21.0,1809.4,994.2,184.9,1524.5,7118.047678982,3390.0,0.10218857079694926,815.2,4.38446318060241,0.444,0.197136,0.49372799999999994,1,1,0.444,7.500750577591641,0.45053608931137396,26.0,46
IMI,IMI Plc,2025,44.4,GB00714275,2899,1961.0,13.0,2480.1,1109.1,309.9,2304.0,6145.510067904,10358.0,0.12495463892584976,1371.0,3.030728627032781,0.444,0.197136,0.49372799999999994,1,1,0.444,7.81605416092674,0.5528002903108746,64.0,28
TESCO,Tesco Plc,2025,36.4,GB00445790,4711,1946.0,24.0,39474.0,11457.0,1787.0,73712.0,30687.190003386,342303.0,0.045270304504230634,28017.0,1.487160916131783,0.364,0.132496,0.463008,1,1,0.364,10.583397506314054,0.7097583219334246,79.0,47
BABCOCK,Babcock International Group Plc,2025,40.0,GB02342138,7490,1988.0,26.0,3930.1,629.3,211.2,5177.7,5730.435476205,29000.0,0.053739090608381467,3300.8,2.2979658217869776,0.4,0.16000000000000003,0.48,1,1,0.4,8.276420149832202,0.8398768479173558,37.0,74
GLENCORE,Glencore Plc,2025,44.4,GBJE107710,2399,1904.0,22.0,105681.018479911,24975.6770936215,269.778336754883,184109.222610506,47744.235671579,,0.002552760567936478,80705.3413862895,1.215446055549565,0.444,0.197136,0.49372799999999994,1,1,0.444,11.568180576544837,0.7636692241155004,121.0,23
EASYJET,easyJet Plc,2025,40.0,GB03959649,5110,1999.0,21.0,11507.0,3498.0,494.0,10141.0,3517.166414795,18968.0,0.042930390197271226,8009.0,1.001665630902494,0.4,0.16000000000000003,0.48,1,1,0.4,9.350710824823459,0.6960111236638568,26.0,51
WHITBREAD,Whitbread Plc,2025,50.0,GB04120344,5510,1999.0,23.0,9566.6,3136.4,212.9,2926.8,4361.27991,29478.0,0.02225451048439362,6430.200000000001,1.1280371197708696,0.5,0.25,0.5,1,1,0.5,9.166033144414207,0.672151025442686,26.0,55
LONDONMETRIC PROPERTY,Londonmetric Property Plc,2025,44.4,GB07124797,6831,2009.0,22.0,8156.1,4732.9,295.7,464.6,4255.097653953,54.0,0.036255072890229396,3423.2000000000007,0.9414177920762374,0.444,0.197136,0.49372799999999994,1,1,0.444,9.006521392531393,0.41971040080430605,16.0,68
RIO TINTO,Rio Tinto Plc,2025,40.0,GB00719885,0710,1961.0,23.0,95204.2548070909,49811.634277298195,7406.6416090886,43549.506824139404,75285.256496292,56890.0,0.07779738021264304,45392.6205297927,1.2675681068100384,0.4,0.16000000000000003,0.48,1,1,0.4,11.463779913132534,0.47679193142964255,64.0,07
ENTAIN,Entain Plc,2025,36.4,GBIM004685V,9329,2009.0,9.0,9396.3,1329.2,-666.7,5259.4,4903.193598831,28413.0,-0.07095346040462737,8067.099999999999,1.3803618018614774,0.364,0.132496,0.463008,1,1,0.364,9.148071273749304,0.8585400636420719,16.0,93
RECKITT BENCKISER,Reckitt Benckiser Group Plc,2025,58.3,GB06270876,7010,2006.0,35.0,25068.0,7781.0,3182.0,14205.0,40356.246409405,36200.0,0.12693473751396203,17287.0,2.299475283604795,0.583,0.33988899999999994,0.48622200000000004,1,1,0.583,10.129347411344567,0.6896042763682783,19.0,70
BRITISH AMERICAN TOBACCO,British American Tobacco Plc,2025,50.0,GB03407696,1200,1996.0,25.0,109290.0,48145.0,7764.0,25802.0,91842.702188619,47797.0,0.07104035135877025,61145.0,1.3998325756118493,0.5,0.25,0.5,1,1,0.5,11.60176017867072,0.5594747918382286,29.0,12
MONDI,Mondi Plc,2025,40.0,GB06209386,1729,2006.0,17.0,8858.24013358745,4540.895967533,144.08612204672,6691.7088075395,4008.908499796,22100.0,0.016265772870662443,4317.3441660544495,0.9399443388625375,0.4,0.16000000000000003,0.48,1,1,0.4,9.089103393348868,0.4873817034700314,19.0,17
RENTOKIL INITIAL,Rentokil Initial Plc,2025,36.4,GB05393279,3900,2004.0,26.0,10727.2190433057,4083.0914108301,349.299774861694,5327.9363531563495,11304.028244473,63388.0,0.03256200637383962,6644.1276324756,1.6731415481022653,0.364,0.132496,0.463008,1,1,0.364,9.280539626199305,0.6193709297492023,21.0,39
ROLLS ROYCE,Rolls-Royce Holdings Plc,2025,50.0,GB07524813,3030,2010.0,43.0,38115.0,2753.0,5841.0,21207.0,97103.798348,43162.0,0.15324675324675324,35362.0,3.4754243302636754,0.5,0.25,0.5,1,1,0.5,10.548363184422374,0.9277712186803095,15.0,30
VODAFONE,Vodafone Group Plc,2025,46.2,GB01833679,6190,1983.0,28.0,113179.401088107,47360.628551509,-345.850630643779,35248.0160364684,26157.321487745,91128.0,-0.0030557736418356197,65818.772536598,0.8126575431578948,0.462,0.21344400000000002,0.497112,1,1,0.462,11.636729459006485,0.5815437429763383,42.0,61
CENTRICA,Centrica Plc,2025,46.2,GB03033654,3522,1904.0,19.0,15415.0,3496.0,-72.0,19492.0,7817.251962624,22066.0,-0.004670775218942588,11919.0,1.280327730303211,0.462,0.21344400000000002,0.497112,1,1,0.462,9.64309634032025,0.773207914369121,121.0,35
WEIR,Weir Group Plc,2025,44.4,GBSC002934,2813,1895.0,19.0,4539.5,1915.1,246.9,2568.1,7388.558762238,12787.0,0.05438924991739178,2624.4,2.2057404476788194,0.444,0.197136,0.49372799999999994,1,1,0.444,8.420572152811811,0.5781253442009032,130.0,28
ASSOCIATED BRITISH FOODS,Associated British Foods Plc,2025,60.0,GB00293262,1089,1933.0,11.0,19291.0,11186.0,1025.0,19459.0,14106.097444619,138155.0,0.05313358560986989,8105.0,1.1513709732320254,0.6,0.36,0.48,1,1,0.6,9.867393944887889,0.4201441086517029,92.0,10
AIRTEL AFRICA,Airtel Africa Plc,2025,33.3,GB11462215,6190,2017.0,25.0,10579.2346564241,2642.7250935764,514.452505314901,4880.85867339999,12558.410991554,4512.0,0.0486285182267421,7936.509562847699,1.9372781888297024,0.33299999999999996,0.11088899999999997,0.444222,1,1,0.33299999999999996,9.266648364083443,0.7501969490797106,8.0,61
HOWDEN JOINERY,Howden Joinery Group Plc,2025,55.6,GB02128710,3102,1986.0,19.0,2354.1,1190.9,267.7,2418.0,4487.487184587,11605.0,0.1137164946263965,1163.1999999999998,2.4003598762104414,0.556,0.3091360000000001,0.49372799999999994,1,1,0.556,7.7639137678015375,0.49411664755108103,39.0,31
FRESNILLO,Fresnillo Plc,2025,38.5,GB06344120,2441,2006.0,21.0,5409.88653948496,3771.46175870971,1028.56744002401,3402.56106414121,24568.032369701,18273.0,0.1901273589597192,1638.42478077525,4.8441787011990085,0.385,0.148225,0.47355,1,1,0.385,8.595983399251836,0.3028575125960467,19.0,24
SMITHS,Smiths Group Plc,2025,27.3,GB00137013,2651,1913.0,22.0,4011.0,2060.0,290.0,3336.0,7754.174957477,16103.0,0.07230117177761157,1951.0,2.4196397301114434,0.273,0.07452900000000001,0.39694200000000013,1,0,0.273,8.296795865770052,0.48641236599351784,112.0,26
SMITH NEPHEW,Smith & Nephew Plc,2025,30.8,GB00324357,3250,1936.0,29.0,7771.54839516752,3930.73725370957,464.494381465018,4581.0293877606,10524.29891092,17530.0,0.05976857607344355,3840.81114145795,1.848423161246788,0.308,0.094864,0.426272,1,1,0.308,8.958224702165678,0.49421440183609117,89.0,32
JD SPORTS FASHION,JD Sports Fashion Plc,2025,30.0,GB01888425,4764,1984.0,15.0,9791.0,3440.0,436.0,12694.0,4045.111961349,96084.0,0.04453069145133286,6351.0,1.0618028762484937,0.3,0.09,0.42000000000000004,1,1,0.3,9.189218875354072,0.6486569298335206,41.0,47
INTERTEK,Intertek Group Plc,2025,30.8,GB04267576,7120,2000.0,31.0,3761.5,1127.5,343.5,3431.6,7120.884532071,45425.0,0.09131995214674997,2634.0,2.593349603102751,0.308,0.094864,0.426272,1,1,0.308,8.232573093000276,0.7002525588196198,25.0,71
ANTOFAGASTA,Antofagasta Plc,2025,30.8,GB01627889,0729,1981.0,30.0,19633.9173876727,10724.543555668499,987.626533646181,6406.52946646864,32326.241931629,8457.0,0.050302062199073405,8909.373832004201,2.1002235544458023,0.308,0.094864,0.426272,1,1,0.308,9.885013828627882,0.4537746419162392,44.0,07
MARKS AND SPENCER,Marks & Spencer Group Plc,2024,60.0,GB04256886,4719,2000.0,21.0,8821.4,2831.9,295.7,13866.3,7303.305960389,63493.0,0.03352075634253066,5989.5,1.506881669620355,0.6,0.36,0.48,1,1,0.6,9.084935866563269,0.6789738590246447,24.0,47
PEARSON,Pearson Plc,2024,60.0,GB00053723,5811,1897.0,27.0,6892.0,4053.0,434.0,3594.0,8541.514930092,17024.0,0.06297156123041207,2839.0,1.6512644994329657,0.6,0.36,0.48,1,1,0.6,8.83811659764782,0.4119268717353453,127.0,58
NEXT,Next Plc,2024,33.3,GB04412362,4791,2001.0,16.0,4872.5,1754.3,736.1,6121.5,12304.985478377,50945.0,0.15107234479220114,3118.2,3.165353612801847,0.33299999999999996,0.11088899999999997,0.444222,1,1,0.33299999999999996,8.491362431381717,0.6399589533093893,23.0,47
NEXT,Next Plc,2024,33.3,GB01579589,7320,1980.0,13.0,604.962,181.192,39.465,729.788,342.135126657,3992.0,0.06523550239519177,423.77,1.2660384068040638,0.33299999999999996,0.11088899999999997,0.444222,1,1,0.33299999999999996,6.405165646140861,0.7004902787282506,44.0,73
DIAGEO,Diageo Plc,2024,70.0,GB00023307,1101,1886.0,23.0,35929.3701626819,9536.6032867918,3057.71787240135,16014.698593204901,55345.261913796,30092.0,0.08510357566961343,26392.7668758901,2.2749641426941416,0.7,0.48999999999999994,0.42000000000000004,1,1,0.7,10.489310350387594,0.734573602498131,138.0,11
ASTRAZENECA,AstraZeneca Plc,2024,42.9,GB02723534,2120,1991.0,33.0,82926.1974081526,32578.2343852415,5607.59166402031,43351.0277525812,162311.180771709,94300.0,0.06762147354255774,50347.9630229111,2.564438626649403,0.429,0.18404099999999998,0.4899180000000001,1,1,0.429,11.325706303363129,0.6071418272696695,33.0,21
NATIONAL GRID,National Grid Plc,2024,36.4,GB04031152,3522,1999.0,50.0,106742.0,37826.0,2902.0,18378.0,49436.465796108,31654.0,0.027187049146540257,68916.0,1.1087712971099286,0.364,0.132496,0.463008,1,1,0.364,11.578169986830629,0.6456315227370669,25.0,35
HALEON,Haleon Plc,2024,54.5,GB13691224,2120,2020.0,29.0,34315.0,16224.0,1442.0,11371.0,34167.383329755,24427.0,0.042022439166545245,18091.0,1.52290203496299,0.545,0.29702500000000004,0.49595,1,1,0.545,10.443337855342735,0.5272038467142649,4.0,21
SAGE,Sage Group Plc,2024,40.0,GB02231246,5829,1987.0,18.0,3639.0,1093.0,323.0,2332.0,10293.914739963,10740.0,0.08876064852981588,2546.0,3.5284184501134925,0.4,0.16000000000000003,0.48,1,1,0.4,8.19946419761216,0.6996427589997252,37.0,58
SEVERN TRENT,Severn Trent Plc,2024,66.7,GB02366619,3600,1988.0,17.0,15909.7,1770.8,229.4,2429.4,7598.380214159,9539.0,0.014418876534441252,14138.900000000001,1.3662910183195787,0.667,0.44488900000000003,0.444222,1,1,0.667,9.674684265088688,0.8886968327498319,36.0,36
GSK,GSK Plc,2024,50.0,GB03888792,2120,1999.0,30.0,59463.0,13086.0,2575.0,32015.0,55814.210808732,68629.0,0.04330423961118679,46377.0,1.7185680306868472,0.5,0.25,0.5,1,1,0.5,10.993109549366105,0.7799303768730135,25.0,21
LAND SECURITIES,Land Securities Group Plc,2024,50.0,GB04369054,9499,1904.0,23.0,11621.0,6532.0,396.0,842.0,4097.185554,704.0,0.03407624128732467,5089.0,0.7904815036571723,0.5,0.25,0.5,1,1,0.5,9.360569085222874,0.4379141209878668,120.0,94
WPP NEW,WPP Plc,2024,41.7,GBJE111714,7311,1904.0,49.0,25509.0,3734.0,542.0,14741.0,8926.010891165,108044.0,0.021247402877415816,21775.0,1.203536433853346,0.41700000000000004,0.17388900000000004,0.48622200000000004,1,1,0.41700000000000004,10.146786610053903,0.8536202908777294,120.0,73
CONVATEC,Convatec Group Plc,2024,44.4,GB10361298,4690,2015.0,21.0,2801.80308443943,1346.2205488790198,151.847364889249,1824.71909556152,4534.134285567,10843.0,0.05419630156472249,1455.5825355604104,2.1378079189051222,0.444,0.197136,0.49372799999999994,1,1,0.444,7.9380184476392115,0.5195163584637268,9.0,46
AUTO TRADER,Auto Trader Group Plc,2024,66.7,GB09439967,4511,2014.0,29.0,639.6,569.4,282.6,601.1,6549.7006176,1267.0,0.3728120567375876,70.20000000000005,8.71465224789989,0.667,0.44488900000000003,0.444222,1,1,0.667,6.460842980959799,0.2194338772094706,10.0,45
RELX,RELX Plc,2024,40.0,GB00077536,6311,1902.0,20.0,15133.0,3504.0,1934.0,9434.0,67543.833075182,36400.0,0.12780017180995176,11629.0,5.231800242858785,0.4,0.16000000000000003,0.48,1,1,0.4,9.624633068687027,0.7684530496266437,122.0,63
HALMA,Halma Plc,2024,50.0,GB00040932,2611,1894.0,22.0,3258.6,1899.4,296.4,2248.1,9798.645816168,9286.0,0.09095930767814399,1359.1999999999998,3.4241225729356164,0.5,0.25,0.5,1,1,0.5,8.089052934268855,0.41711164303688697,130.0,26
SAINSBURY J,J Sainsbury Plc,2024,44.4,GB00185647,4711,1921.0,27.0,24757.0,6765.0,253.0,33249.0,6049.75061125,95.0,0.01021933190612756,17992.0,0.9711092059316556,0.444,0.197136,0.49372799999999994,1,1,0.444,10.116863556291285,0.7267439512057196,103.0,47
BARRATT REDROW,Barratt Developments Plc,2024,41.7,GB00604574,4110,1957.0,21.0,7875.2,5439.1,114.1,4501.9,4602.024775411,6451.0,0.01448852092645266,2436.0999999999995,0.8937074328792919,0.41700000000000004,0.17388900000000004,0.48622200000000004,1,1,0.41700000000000004,8.971473860196737,0.309338175538399,67.0,41
UNILEVER,Unilever Plc,2024,40.0,GB00041424,2042,1894.0,22.0,66041.4387098269,18677.9266470238,4756.63979873662,50316.5373974645,112591.295259106,120040.0,0.07202507836990589,47363.51206280311,2.422036988393289,0.4,0.16000000000000003,0.48,1,1,0.4,11.098037683227215,0.7171786833855796,130.0,20
UNITED UTILITIES,United Utilities Group Plc,2024,44.4,GB06559020,3600,1988.0,22.0,16769.5,1999.9,264.7,2162.7,6876.844721542,6203.0,0.01578460896270014,14769.6,1.2908223096420288,0.444,0.197136,0.49372799999999994,1,1,0.444,9.72731703922668,0.8807418229523838,36.0,36
KINGFISHER,Kingfisher Plc,2024,55.6,GB01664812,4719,1981.0,23.0,11443.0,6344.0,185.0,12804.0,4414.571082652,73178.0,0.01616708905007428,5099.0,0.8313878425807918,0.556,0.3091360000000001,0.49372799999999994,1,1,0.556,9.345133468317714,0.44559993008826354,43.0,47
BRITISH LAND,British Land Company Plc,2024,50.0,GB00621920,6831,1958.0,17.0,8875.0,5710.0,338.0,454.0,3690.875838463,646.0,0.038084507042253524,3165.0,0.7724930522211831,0.5,0.25,0.5,1,1,0.5,9.090993614343617,0.35661971830985917,66.0,68
BAE SYSTEMS,BAE Systems Plc,2024,41.7,GB01470151,3030,1979.0,22.0,38142.0,11777.0,1956.0,26533.0,34586.297897957,100000.0,0.05128205128205128,26365.0,1.5980100125309895,0.41700000000000004,0.17388900000000004,0.48622200000000004,1,1,0.41700000000000004,10.549071316164463,0.691232761784909,45.0,30
BUNZL,Bunzl Plc,2024,50.0,GB00358948,4639,1939.0,21.0,9529.2,2790.7,500.4,11776.4,10915.577795999,26978.0,0.05251227805062334,6738.500000000001,1.8526295802374806,0.5,0.25,0.5,1,1,0.5,9.162116047689166,0.7071422574822651,85.0,46
LONDONMETRIC PROPERTY,Londonmetric Property Plc,2024,40.0,GB07124797,6831,2009.0,22.0,6607.6,4123.9,347.9,396.7,3754.76001723,48.0,0.052651492221078754,2483.7000000000007,0.9441340300911073,0.4,0.16000000000000003,0.48,1,1,0.4,8.795975780680985,0.37588534414916164,15.0,68
SSE,SSE Plc,2024,46.2,GBSC117119,3511,1988.0,24.0,30363.6,12692.8,1189.4,10239.4,17634.168057905,15824.0,0.039171903199884076,17670.8,1.1627398614757474,0.462,0.21344400000000002,0.497112,1,1,0.462,10.32099980155496,0.5819731520636552,36.0,35
INFORMA,Informa Plc,2024,45.5,GB08860726,5814,2013.0,26.0,13690.7,7319.5,297.7,3582.6,10620.674222294,13214.0,0.02174468799988313,6371.200000000001,1.2411253056669125,0.455,0.20702500000000001,0.4959500000000001,1,1,0.455,9.524472049188581,0.46536700095685396,11.0,58
WHITBREAD,Whitbread Plc,2024,36.4,GB04120344,5510,1999.0,23.0,9904.7,3334.5,253.7,2929.3,4717.5780405,31613.0,0.02561410239583228,6570.200000000001,1.1396385595222471,0.364,0.132496,0.463008,1,1,0.364,9.2007646709405,0.6633416458852868,25.0,55
SMITHS,Smiths Group Plc,2024,40.0,GB00137013,2651,1913.0,22.0,4232.0,2252.0,250.0,3132.0,6163.446811471,15765.0,0.05907372400756144,1980.0,1.9242549176443762,0.4,0.16000000000000003,0.48,1,1,0.4,8.350429973538136,0.4678638941398866,111.0,26
IMI,IMI Plc,2024,50.0,GB00714275,2899,1961.0,13.0,2490.5,1085.1,248.5,2210.0,4663.334202146,10352.0,0.09977916081108211,1405.4,2.4367533435639435,0.5,0.25,0.5,1,1,0.5,7.820238772513338,0.5643043565549087,63.0,28
SEGRO,SEGRO Plc,2024,44.4,GB00167591,6831,1919.0,18.0,17574.0,12049.0,594.0,675.0,9486.272713821,466.0,0.03379993171730966,5525.0,0.8541750719142482,0.444,0.197136,0.49372799999999994,1,1,0.444,9.774175816055788,0.3143848867645385,105.0,68
UNITE,Unite Group Plc,2024,40.0,GB03199160,5590,1995.0,25.0,6419.9,4811.5,441.9,299.3,3942.107871705,1908.0,0.06883284786367388,1608.3999999999996,0.8645785560063242,0.4,0.16000000000000003,0.48,1,1,0.4,8.767157820238706,0.2505334974065016,29.0,55
EXPERIAN,Experian Plc,2024,50.0,GBJE93905,7490,1904.0,20.0,9958.65402974764,3933.6915265726802,901.116762275784,5813.9806197261805,32759.026216992,23297.0,0.09048579854105233,6024.96250317496,3.8945010645328924,0.5,0.25,0.5,1,1,0.5,9.2061972038712,0.6049976718919753,120.0,74
GLENCORE,Glencore Plc,2024,42.9,GBJE107710,2399,1904.0,22.0,103989.539230716,28424.5513488222,-1302.4598122259,184237.483903815,43117.315085724,84146.0,-0.012524911850375665,75564.98788189379,1.1412907860309272,0.429,0.18404099999999998,0.4899180000000001,1,1,0.429,11.552045588744528,0.7266595124942502,120.0,23
MELROSE INDUSTRIES,Melrose Industries Plc,2024,33.3,GB09800044,3030,2014.0,20.0,7436.0,2844.0,-49.0,3468.0,7124.196755645,13922.0,-0.0065895642818719746,4592.0,1.5756047277629102,0.33299999999999996,0.11088899999999997,0.444222,1,1,0.33299999999999996,8.914088348841334,0.6175363098440022,10.0,30
PERSIMMON,Persimmon Plc,2024,40.0,GB01818486,4120,1983.0,11.0,4833.4,3506.6,267.1,3210.5,3832.579972195,4731.0,0.05526130674059669,1326.7999999999997,1.0674432019272149,0.4,0.16000000000000003,0.48,1,1,0.4,8.48330543274888,0.27450655853022715,41.0,41
CRODA,Croda International Plc,2024,40.0,GB00206132,2059,1924.0,18.0,3509.3,2296.9,158.5,1628.1,4726.659498633,6027.0,0.04516570256176445,1212.4,1.6923772543336277,0.4,0.16000000000000003,0.48,1,1,0.4,8.163171866371634,0.34548200495825376,100.0,20
BERKELEY,Berkeley Group Holdings Plc,2024,44.4,GB05172586,4110,1904.0,14.0,6996.3,3560.5,397.6,2464.3,4993.427925891,2610.0,0.0568300387347598,3435.8,1.2048122473151524,0.444,0.197136,0.49372799999999994,1,1,0.444,8.853136716865757,0.49108814659176997,120.0,41
DIPLOMA,Diploma Plc,2024,50.0,GB03899848,4690,1999.0,21.0,1772.1,894.7,129.3,1363.4,5945.638191961,3597.0,0.07296427966819029,877.3999999999999,3.8502557372388693,0.5,0.25,0.5,1,1,0.5,7.479920562981299,0.49511878562157885,25.0,46
SPIRAX,Spirax Group Plc,2024,50.0,GB00596337,2813,1957.0,21.0,2645.0,1209.2,191.2,1665.2,5046.116191897,9960.0,0.07228733459357277,1435.8,2.450629940225709,0.5,0.25,0.5,1,1,0.5,7.8804263442924,0.5428355387523629,67.0,28
EASYJET,easyJet Plc,2024,44.4,GB03959649,5110,1999.0,21.0,11035.0,2973.0,452.0,9362.0,3941.651985421,17639.0,0.04096057997281377,8062.0,1.0877799714926144,0.444,0.197136,0.49372799999999994,1,1,0.444,9.308827318690836,0.730584503851382,25.0,51
CENTRICA,Centrica Plc,2024,45.5,GB03033654,3522,1904.0,19.0,18733.0,4812.0,1332.0,19913.0,6802.015151825,1543.0,0.07110446805103293,13921.0,1.106230457045054,0.455,0.20702500000000001,0.4959500000000001,1,1,0.455,9.838041953461058,0.7431271019057278,120.0,35
RIO TINTO,Rio Tinto Plc,2024,42.9,GB00719885,0710,1961.0,23.0,81930.6207218183,46203.8451748312,9208.087974806349,43521.6069446353,59175.502888808,59594.0,0.11238884673009948,35726.7755469871,1.1583249046534128,0.429,0.18404099999999998,0.4899180000000001,1,1,0.429,11.31362807935296,0.4360613313097112,63.0,07
ANGLO AMERICAN,Anglo American Plc,2024,45.5,GB03564138,0710,1997.0,26.0,51704.6255690607,22743.6265741992,-2445.49981879379,21860.4408508539,31620.329704188,54000.0,-0.04729750562698479,28960.9989948615,1.1716810252911005,0.455,0.20702500000000001,0.4959500000000001,1,1,0.455,10.853302525915273,0.560123947830914,27.0,07
JD SPORTS FASHION,JD Sports Fashion Plc,2024,36.4,GB01888425,4764,1984.0,15.0,9959.0,3372.0,490.0,11483.0,4619.206961186,97676.0,0.04920172708103223,6587.0,1.1252341561588513,0.364,0.132496,0.463008,1,1,0.364,9.20623194393164,0.6614117883321619,40.0,47
IMPERIAL BRANDS,Imperial Brands Plc,2024,45.5,GB03236483,1200,1995.0,21.0,27826.0,6029.0,2613.0,32411.0,18397.89129465,25600.0,0.09390498095306547,21797.0,1.4445084199902969,0.455,0.20702500000000001,0.4959500000000001,1,1,0.455,10.233726114401822,0.7833321354129231,29.0,12
ENTAIN,Entain Plc,2024,36.4,GBIM004685V,9329,2009.0,9.0,10141.0,2019.4,-452.7,5089.2,4393.317911729,28957.0,-0.04464056799132236,8121.6,1.2340911065702593,0.364,0.132496,0.463008,1,1,0.364,9.224341891611996,0.8008677645202643,15.0,93
TESCO,Tesco Plc,2024,45.5,GB00445790,4711,1946.0,24.0,38890.0,11662.0,1626.0,70463.0,25202.526213797,336440.0,0.041810233993314475,27228.0,1.3481750119258678,0.455,0.20702500000000001,0.4959500000000001,1,1,0.455,10.568492427149794,0.700128567755207,78.0,47
BRITISH AMERICAN TOBACCO,British American Tobacco Plc,2024,50.0,GB03407696,1200,1996.0,25.0,118899.0,49995.0,3068.0,26207.0,63630.154151177,48989.0,0.025803412980765186,68904.0,1.114678459458675,0.5,0.25,0.5,1,1,0.5,11.686029672214573,0.5795170691090757,28.0,12
WEIR,Weir Group Plc,2024,44.4,GBSC002934,2813,1895.0,19.0,3785.0,1853.6,312.2,2513.0,5669.927255294,11830.0,0.08248348745046234,1931.4,2.008276685678732,0.444,0.197136,0.49372799999999994,1,1,0.444,8.23880116587155,0.5102774108322325,129.0,28
SHELL,Shell Plc,2024,41.7,GB04366849,0610,2001.0,23.0,308962.757256468,143611.737728957,12828.5117612996,227088.730565658,151408.1728717,96000.0,0.041521223707395694,165351.019527511,1.025234223088808,0.41700000000000004,0.17388900000000004,0.48622200000000004,1,1,0.41700000000000004,12.639734497244369,0.5351810716469435,23.0,06
MONDI,Mondi Plc,2024,40.0,GB06209386,1729,2006.0,17.0,7735.33641364882,4430.36610780657,180.527067570436,6141.232720653,5261.637391277,21200.0,0.023337972379830853,3304.97030584225,1.1074641410558008,0.4,0.16000000000000003,0.48,1,1,0.4,8.953554254452973,0.42725618242158253,18.0,17
ASSOCIATED BRITISH FOODS,Associated British Foods Plc,2024,50.0,GB00293262,1089,1933.0,11.0,19014.0,11278.0,1455.0,20073.0,16289.612627632,138271.0,0.07652256232249921,7736.0,1.2635748726008205,0.5,0.25,0.5,1,1,0.5,9.852930828918975,0.40685810455453875,91.0,10
ROLLS ROYCE,Rolls-Royce Holdings Plc,2024,50.0,GB07524813,3030,2010.0,43.0,35686.0,-881.0,2521.0,18909.0,48358.843176371,42211.0,0.07064395000840666,36567.0,2.3798084172048144,0.5,0.25,0.5,1,1,0.5,10.482513733991373,1.024687552541613,14.0,30
HIKMA PHARMACEUTICALS,Hikma Pharmaceuticals Plc,2024,45.5,GB05557934,2120,2004.0,21.0,4091.50931221269,1850.06684466114,286.158551156118,2494.91995854777,4422.197076004,9308.0,0.06993960646795237,2241.44246755155,1.6286507093275688,0.455,0.20702500000000001,0.4959500000000001,1,1,0.455,8.31666920595475,0.5478277810247429,20.0,21
RECKITT BENCKISER,Reckitt Benckiser Group Plc,2024,53.8,GB06270876,7010,2006.0,35.0,25298.0,6720.0,1426.0,14169.0,33184.470513219,37900.0,0.05636809233931536,18578.0,2.0461091988781326,0.5379999999999999,0.2894439999999999,0.497112,1,1,0.5379999999999999,10.138480620207487,0.7343663530713891,18.0,70
VODAFONE,Vodafone Group Plc,2024,38.5,GB01833679,6190,1983.0,28.0,107419.50808144,45063.6876286283,-3484.50392691875,35080.7385033903,18199.830315709,92834.0,-0.03243827856926115,62355.8204528117,0.7634976344696593,0.385,0.148225,0.47355,1,1,0.385,11.584497084054439,0.5804887917149713,41.0,61
INTERTEK,Intertek Group Plc,2024,33.3,GB04267576,7120,2000.0,31.0,3599.3,1444.9,345.4,3393.2,7630.666847547,45000.0,0.0959631039368766,2154.4,2.7186027415183505,0.33299999999999996,0.11088899999999997,0.444222,1,1,0.33299999999999996,8.188494661092985,0.5985608312727475,24.0,71
TAYLOR WIMPEY,Taylor Wimpey Plc,2024,44.4,GB00296805,4120,1934.0,17.0,6291.3,4405.2,219.6,3512.3,4322.377268352,4326.0,0.0349053454770874,1886.1000000000004,0.9868353549110677,0.444,0.197136,0.49372799999999994,1,1,0.444,8.746923005605183,0.29979495493777125,90.0,41
HOWDEN JOINERY,Howden Joinery Group Plc,2024,45.5,GB02128710,3102,1986.0,19.0,2237.5,1128.7,249.3,2322.1,4362.245500258,12206.0,0.11141899441340783,1108.8,2.4451600001153073,0.455,0.20702500000000001,0.4959500000000001,1,1,0.455,7.7131144501490105,0.4955530726256983,38.0,31
ANTOFAGASTA,Antofagasta Plc,2024,45.5,GB01627889,0729,1981.0,30.0,18042.2567954419,10325.7802322746,661.113934063745,5271.53471369324,15675.121074426,7015.0,0.03664252989851942,7716.4765631673,1.2964895635175102,0.455,0.20702500000000001,0.4959500000000001,1,1,0.455,9.800471885317926,0.42768909957632073,43.0,07
FRESNILLO,Fresnillo Plc,2024,41.7,GB06344120,2441,2006.0,21.0,4687.30735770029,3356.08183574147,112.32719506663,2812.67392098725,4579.793768076,18095.0,0.023964119801552875,1331.2255219588196,1.261069274734933,0.41700000000000004,0.17388900000000004,0.48622200000000004,1,1,0.41700000000000004,8.452613572410222,0.2840064498377491,18.0,24
SMITH NEPHEW,Smith & Nephew Plc,2024,27.3,GB00324357,3250,1936.0,29.0,8253.1633389149,4196.72638394697,328.40479965548997,4631.14535436504,8668.680273298,18060.0,0.039791384971991556,4056.4369549679295,1.5418472536784893,0.273,0.07452900000000001,0.39694200000000013,1,0,0.273,9.018351840856292,0.4915008692292836,88.0,32
RENTOKIL INITIAL,Rentokil Initial Plc,2024,30.0,GB05393279,3900,2004.0,26.0,10530.4752627395,4219.04515673909,312.462819089689,5532.66435536105,10118.35559906,68500.0,0.02967224282794639,6311.430106000409,1.5602131238268733,0.3,0.09,0.42000000000000004,1,1,0.3,9.2620287382728,0.5993490273257138,20.0,39
AIRTEL AFRICA,Airtel Africa Plc,2024,25.0,GB11462215,6190,2017.0,25.0,9291.70397327766,2144.59606802341,170.022030618072,3846.3620290279396,6075.582341135,4253.0,0.018298261665141764,7147.107905254249,1.4230640886124712,0.25,0.0625,0.375,1,0,0.25,9.136877235147523,0.7691923812692344,7.0,61
BURBERRY,Burberry Group Plc,2023,50.0,GB03458224,4771,1996.0,29.0,3370.0,1154.0,270.0,2981.0,4349.526387316,9169.0,0.08011869436201781,2216.0,1.9482274146338279,0.5,0.25,0.5,1,1,0.5,8.122668023346407,0.657566765578635,27.0,47
MARKS AND SPENCER,Marks & Spencer Group Plc,2023,54.5,GB04256886,4719,2000.0,21.0,8682.2,2830.1,431.2,13063.7,5383.286787299,65848.0,0.04966483149432171,5852.1,1.294071409009122,0.545,0.29702500000000004,0.49595,1,1,0.545,9.069030231760992,0.6740342309552878,23.0,47
NEXT,Next Plc,2023,36.4,GB04412362,4791,2001.0,16.0,4724.3,1638.8,802.3,5611.9,10790.289847567,44081.0,0.16982410092500475,3085.5,2.9371102274552845,0.364,0.132496,0.463008,1,1,0.364,8.460474680804674,0.6531126304426053,22.0,47
NEXT,Next Plc,2023,36.4,GB01579589,7320,1980.0,13.0,637.822,156.221,52.907,734.673,901.310921924,4340.0,0.08294947493187754,481.601,2.1681784603290577,0.364,0.132496,0.463008,1,1,0.364,6.45805924755272,0.7550711640551753,43.0,73
NATIONAL GRID,National Grid Plc,2023,41.7,GB04031152,3522,1999.0,50.0,98325.0,29892.0,2290.0,19862.0,39652.504392532,31425.0,0.023290109331299262,68433.0,1.0992677792273784,0.41700000000000004,0.17388900000000004,0.48622200000000004,1,1,0.41700000000000004,11.496033597300011,0.6959877955758963,24.0,35
PEARSON,Pearson Plc,2023,54.5,GB00053723,5811,1897.0,27.0,6727.0,3988.0,378.0,3715.0,6715.229333684,18360.0,0.05619146722164412,2739.0,1.4054153907661664,0.545,0.29702500000000004,0.49595,1,1,0.545,8.813884558025606,0.40716515534413555,126.0,58
ASTRAZENECA,AstraZeneca Plc,2023,46.2,GB02723534,2120,1991.0,33.0,79399.3445056531,30753.416538023597,4675.90755971839,36922.7877717276,164317.238356,89900.0,0.05889100960254745,48645.92796762951,2.6821778901268747,0.462,0.21344400000000002,0.497112,1,1,0.462,11.28224539160484,0.612674175970886,32.0,21
DIAGEO,Diageo Plc,2023,70.0,GB00023307,1101,1886.0,23.0,35489.0338588362,9258.31823748663,3514.66603173867,16252.8594561054,75926.946598952,30269.0,0.09903526947842156,26230.71562134957,2.8785698316457817,0.7,0.48999999999999994,0.42000000000000004,1,1,0.7,10.476979022357515,0.7391217164628037,137.0,11
HALEON,Haleon Plc,2023,45.5,GB13691224,2120,2020.0,29.0,34055.0,16729.0,1049.0,11302.0,29703.007132523,25284.0,0.030803112611951254,17326.0,1.380972166569461,0.455,0.20702500000000001,0.4959500000000001,1,1,0.455,10.435732143675418,0.5087652327117897,3.0,21
SAINSBURY J,J Sainsbury Plc,2023,44.4,GB00185647,4711,1921.0,27.0,25061.0,6868.0,137.0,32779.0,5908.272188581,100.0,0.005466661346314992,18193.0,0.9617043289805275,0.444,0.197136,0.49372799999999994,1,1,0.444,10.129068131883756,0.7259486852080923,102.0,47
LAND SECURITIES,Land Securities Group Plc,2023,40.0,GB04369054,9499,1904.0,23.0,10664.0,6447.0,-319.0,824.0,4902.849195404,598.0,-0.029913728432108027,4217.0,0.8551996619846212,0.4,0.16000000000000003,0.48,1,1,0.4,9.274628861858545,0.3954426106526632,119.0,94
CONVATEC,Convatec Group Plc,2023,44.4,GB10361298,4690,2015.0,21.0,2916.02315777098,1329.11985328889,102.312469358742,1682.2274317280799,5005.585923233,10129.0,0.03508630207071129,1586.90330448209,2.2607808206689333,0.444,0.197136,0.49372799999999994,1,1,0.444,7.977976034719435,0.5442012009586116,8.0,46
GSK,GSK Plc,2023,41.7,GB03888792,2120,1999.0,30.0,59005.0,12795.0,4928.0,31518.0,59676.857862113,70212.0,0.08351834590288959,46210.0,1.7945404264403526,0.41700000000000004,0.17388900000000004,0.48622200000000004,1,1,0.41700000000000004,10.98537746505985,0.7831539700025422,24.0,21
WPP NEW,WPP Plc,2023,41.7,GBJE111714,7311,1904.0,49.0,26622.4,3832.7,110.4,14844.8,8093.52809898,114173.0,0.004146883827153074,22789.7,1.1600467312856841,0.41700000000000004,0.17388900000000004,0.48622200000000004,1,1,0.41700000000000004,10.189508245661242,0.8560347677144059,119.0,73
AUTO TRADER,Auto Trader Group Plc,2023,55.6,GB09439967,4511,2014.0,29.0,658.0,552.3,256.9,570.9,6318.003683675,1233.0,0.3728120567375876,105.70000000000005,8.71465224789989,0.556,0.3091360000000001,0.49372799999999994,1,1,0.556,6.489204931325317,0.2194338772094706,9.0,45
SAGE,Sage Group Plc,2023,40.0,GB02231246,5829,1987.0,18.0,3936.0,1407.0,211.0,2184.0,10155.871491802,11326.0,0.05360772357723577,2529.0,3.2227823912098574,0.4,0.16000000000000003,0.48,1,1,0.4,8.277920258172143,0.6425304878048781,36.0,58
SEVERN TRENT,Severn Trent Plc,2023,75.0,GB02366619,3600,1988.0,17.0,14203.7,1834.0,140.2,2346.7,7387.695757693,8691.0,0.009870667502129725,12369.7,1.3910034538671614,0.75,0.5625,0.375,1,1,0.75,9.561257773028892,0.870878714701099,35.0,36
MELROSE INDUSTRIES,Melrose Industries Plc,2023,40.0,GB09800044,3030,2014.0,20.0,7104.0,3567.0,-1019.0,4932.0,7561.816641983,38621.0,-0.11873999054673742,3537.0,1.5623334237025621,0.4,0.16000000000000003,0.48,1,1,0.4,8.868413284672005,0.4978885135135135,9.0,30
UNILEVER,Unilever Plc,2023,41.7,GB00041424,2042,1894.0,22.0,65304.8535768141,18015.9697561843,5628.47215413059,52209.3502282257,94962.677578,128377.0,0.08618765445220948,47288.8838206298,2.1782693568297797,0.41700000000000004,0.17388900000000004,0.48622200000000004,1,1,0.41700000000000004,11.086821639865537,0.7241251029681398,129.0,20
HALMA,Halma Plc,2023,50.0,GB00040932,2611,1894.0,22.0,2999.9,1736.5,268.8,2034.1,8990.001577619,8615.0,0.08960298676622554,1263.4,3.417914456354878,0.5,0.25,0.5,1,1,0.5,8.006334233761345,0.42114737157905263,129.0,26
RELX,RELX Plc,2023,40.0,GB00077536,6311,1902.0,20.0,14917.0,3439.0,1781.0,9161.0,58687.657127557,36500.0,0.11939398002279279,11478.0,4.703737824465844,0.4,0.16000000000000003,0.48,1,1,0.4,9.61025678115393,0.769457665750486,121.0,63
WHITBREAD,Whitbread Plc,2023,38.5,GB04120344,5510,1999.0,23.0,9521.3,3519.4,312.1,2973.5,6097.996359804,36700.0,0.03277913730267926,6001.9,1.2708239798981231,0.385,0.148225,0.47355,1,1,0.385,9.161286673084525,0.630365601335952,24.0,55
UNITED UTILITIES,United Utilities Group Plc,2023,44.4,GB06559020,3600,1988.0,22.0,15653.4,2056.1,126.9,1968.3,7016.631795208,6035.0,0.008106864962244624,13597.3,1.316898041013965,0.444,0.197136,0.49372799999999994,1,1,0.444,9.658443424768581,0.8686483447685487,35.0,36
SSE,SSE Plc,2023,41.7,GBSC117119,3511,1988.0,24.0,28270.2,11803.1,1884.4,10578.5,18033.4820655,14980.0,0.0666567622443421,16467.1,1.220386911500449,0.41700000000000004,0.17388900000000004,0.48622200000000004,1,1,0.41700000000000004,10.249563525300037,0.5824896887889013,35.0,35
SMITH NEPHEW,Smith & Nephew Plc,2023,33.3,GB00324357,3250,1936.0,29.0,7841.86209889297,4096.42480924448,206.509435466992,4357.113526259839,9428.588481478,19081.0,0.026334234504856287,3745.43728964849,1.6799614179629934,0.33299999999999996,0.11088899999999997,0.444222,1,1,0.33299999999999996,8.967231597756697,0.4776209071793332,87.0,32
CRODA,Croda International Plc,2023,50.0,GB00206132,2059,1924.0,18.0,3579.2,2368.1,171.0,1694.5,7051.589821,5852.0,0.04777603933839965,1211.1,2.3085297890590075,0.5,0.25,0.5,1,1,0.5,8.182894590735865,0.3383717031738936,99.0,20
KINGFISHER,Kingfisher Plc,2023,44.4,GB01664812,4719,1981.0,23.0,11900.0,6604.0,345.0,13005.0,4131.537479601,76000.0,0.028991596638655463,5296.0,0.792230040302605,0.444,0.197136,0.49372799999999994,1,1,0.444,9.38429367909962,0.4450420168067227,42.0,47
TESCO,Tesco Plc,2023,41.7,GB00445790,4711,1946.0,24.0,47039.0,11665.0,1188.0,68897.0,19687.889635567,336712.0,0.025255638937902593,35374.0,1.1705582524196305,0.41700000000000004,0.17388900000000004,0.48622200000000004,1,1,0.41700000000000004,10.758732323843143,0.752014286017985,77.0,47
BUNZL,Bunzl Plc,2023,44.4,GB00358948,4639,1939.0,21.0,8747.2,2966.3,526.2,11797.1,10782.872227355,24528.0,0.06015639290287177,5780.900000000001,1.8936084949875387,0.444,0.197136,0.49372799999999994,1,1,0.444,9.076488928140735,0.6608857691604171,84.0,46
INFORMA,Informa Plc,2023,36.4,GB08860726,5814,2013.0,26.0,11524.2,7184.6,419.0,3282.5,10691.049542441,11475.0,0.03635827215772027,4339.6,1.304268369382777,0.364,0.132496,0.463008,1,1,0.364,9.352204451138862,0.3765640998941358,10.0,58
ROLLS ROYCE,Rolls-Royce Holdings Plc,2023,50.0,GB07524813,3030,2010.0,43.0,31512.0,-3629.0,2412.0,16486.0,25224.842706141,41400.0,0.07654226961157654,35141.0,1.915646188948369,0.5,0.25,0.5,1,1,0.5,10.358123704650742,1.1151624777862401,13.0,30
BERKELEY,Berkeley Group Holdings Plc,2023,44.4,GB05172586,4110,1904.0,14.0,6859.7,3332.3,465.7,2550.2,4783.997386217,2802.0,0.06788926629444436,3527.3999999999996,1.2116269496066883,0.444,0.197136,0.49372799999999994,1,1,0.444,8.833418987985244,0.5142207385162616,119.0,41
SEGRO,SEGRO Plc,2023,50.0,GB00167591,6831,1919.0,18.0,17306.0,10904.0,-253.0,749.0,10719.80604797,460.0,-0.014619207211371778,6402.0,0.9893566420877152,0.5,0.25,0.5,1,1,0.5,9.758808541166685,0.3699295042181902,104.0,68
SMITHS,Smiths Group Plc,2023,40.0,GB00137013,2651,1913.0,22.0,4381.0,2406.0,231.0,3047.0,5935.051820186,15765.0,0.05272768774252454,1975.0,1.8055356813937458,0.4,0.16000000000000003,0.48,1,1,0.4,8.385032287813898,0.45081031727916,110.0,26
GLENCORE,Glencore Plc,2023,37.5,GBJE107710,2399,1904.0,22.0,97262.8032770374,30023.959254568,3360.68586995713,171159.417274125,57671.960070066,83426.0,0.03455263221629299,67238.84402246939,1.284260785047981,0.375,0.140625,0.46875,1,1,0.375,11.485171906049484,0.6913109817629911,119.0,23
CENTRICA,Centrica Plc,2023,41.7,GB03033654,3522,1904.0,19.0,21366.0,4233.0,3929.0,26458.0,7619.847833341,21014.0,0.1838902929888608,17133.0,1.1585157649228215,0.41700000000000004,0.17388900000000004,0.48622200000000004,1,1,0.41700000000000004,9.969556152505833,0.8018814939623701,119.0,35
OCADO,Ocado Group Plc,2023,45.5,GB07098618,4778,2009.0,19.0,4429.0,1511.0,-314.0,3005.4,4922.494123148,18869.0,-0.070896364867916,2918.0,1.7702628410810566,0.455,0.20702500000000001,0.4959500000000001,1,1,0.455,8.395929103923198,0.6588394671483405,14.0,47
JD SPORTS FASHION,JD Sports Fashion Plc,2023,41.7,GB01888425,4764,1984.0,15.0,8048.0,2869.0,539.0,10572.0,5856.938744305,53499.0,0.06697316103379722,5179.0,1.3712647545110586,0.41700000000000004,0.17388900000000004,0.48622200000000004,1,1,0.41700000000000004,8.99317889233952,0.643513916500994,39.0,47
SPIRAX,Spirax-Sarco Engineering Plc,2023,40.0,GB00596337,2813,1957.0,21.0,2708.4,1157.7,183.6,1682.6,7732.961309397,9911.0,0.06778910057598582,1550.7,3.427729031678113,0.4,0.16000000000000003,0.48,1,1,0.4,7.90411333361149,0.5725520602569782,66.0,28
BAE SYSTEMS,BAE Systems Plc,2023,38.5,GB01470151,3030,1979.0,22.0,32064.0,10723.0,1857.0,23229.0,33671.909347512,92000.0,0.05791541916167665,21341.0,1.7157219731634232,0.385,0.148225,0.47355,1,1,0.385,10.375489184444536,0.6655750998003992,44.0,30
RECKITT BENCKISER,Reckitt Benckiser Group Plc,2023,42.9,GB06270876,7010,2006.0,35.0,27136.0,8469.0,1643.0,14607.0,38700.339520074,40100.0,0.060546875,18667.0,2.114067641512161,0.429,0.18404099999999998,0.4899180000000001,1,1,0.429,10.20861653859163,0.6879053655660378,17.0,70
EXPERIAN,Experian Plc,2023,45.5,GBJE93905,7490,1904.0,20.0,9286.02299460262,3701.8819468749703,950.6439182486799,5626.95570292818,31738.616905813,22261.0,0.1023736338797814,5584.1410477276495,4.019240311512691,0.455,0.20702500000000001,0.4959500000000001,1,1,0.455,9.136265644842428,0.6013490437158469,119.0,74
ANGLO AMERICAN,Anglo American Plc,2023,40.0,GB03564138,0710,1997.0,26.0,52250.8132080438,24825.8890538399,222.213575046231,24217.353645144398,26358.300865734,58000.0,0.004252825198364992,27424.9241542039,1.0293279992751998,0.4,0.16000000000000003,0.48,1,1,0.4,10.863810733496255,0.5248707622024521,26.0,07
UNITE,Unite Group Plc,2023,40.0,GB03199160,5590,1995.0,25.0,5470.9,4093.1,102.5,276.1,4550.26444199,1821.0,0.018735491418231005,1377.7999999999997,1.083562931508527,0.4,0.16000000000000003,0.48,1,1,0.4,8.607198415702664,0.2518415617174505,28.0,55
VODAFONE,Vodafone Group Plc,2023,45.5,GB01833679,6190,1983.0,28.0,123731.775700405,52285.3540296036,977.168162788094,38950.4372677665,19080.653223018,96282.0,0.007897471423623119,71446.42167080141,0.7634976344696593,0.455,0.20702500000000001,0.4959500000000001,1,1,0.455,11.725871402518644,0.577429857984068,40.0,61
IMI,IMI Plc,2023,44.4,GB00714275,2899,1961.0,13.0,2470.4,1030.2,237.3,2196.0,4403.086048497,10771.0,0.09605731865284974,1440.2,2.3653198059006635,0.444,0.197136,0.49372799999999994,1,1,0.444,7.8121353598304575,0.5829825129533679,62.0,28
TAYLOR WIMPEY,Taylor Wimpey Plc,2023,44.4,GB00296805,4120,1934.0,17.0,6253.6,4523.4,349.0,3600.2,5197.138003984,4719.0,0.05580785467570679,1730.2000000000007,1.10773602468722,0.444,0.197136,0.49372799999999994,1,1,0.444,8.740912576906121,0.2766726365613408,89.0,41
BARRATT REDROW,Barratt Developments Plc,2023,33.3,GB00604574,4110,1957.0,21.0,8004.0,5596.4,530.3,5461.4,4029.90759782,7031.0,0.0662543728135932,2407.6000000000004,0.804286306574213,0.33299999999999996,0.11088899999999997,0.444222,1,1,0.33299999999999996,8.987696695703624,0.3007996001999001,66.0,41
ASSOCIATED BRITISH FOODS,Associated British Foods Plc,2023,40.0,GB00293262,1089,1933.0,11.0,18844.0,11193.0,1044.0,19750.0,16048.274970355,133487.0,0.05540225005306729,7651.0,1.257656281593876,0.4,0.16000000000000003,0.48,1,1,0.4,9.843949839819931,0.4060178306092125,90.0,10
BRITISH AMERICAN TOBACCO,British American Tobacco Plc,2023,45.5,GB03407696,1200,1996.0,25.0,118716.0,52934.0,-14367.0,27715.0,51336.746708946,46725.0,-0.11873999054673742,65782.0,0.9865455937611274,0.455,0.20702500000000001,0.4959500000000001,1,1,0.455,11.684489365111222,0.5541123353212709,27.0,12
IMPERIAL BRANDS,Imperial Brands Plc,2023,40.0,GB03236483,1200,1995.0,21.0,29491.0,6642.0,2328.0,32475.0,14974.678705395,25200.0,0.07893933742497711,22849.0,1.2825498865889593,0.4,0.16000000000000003,0.48,1,1,0.4,10.29184041103433,0.7747787460581195,28.0,12
SHELL,Shell Plc,2023,41.7,GB04366849,0610,2001.0,23.0,319006.03934287,147903.15697123,15200.8219057243,249143.818803689,167708.783817337,103000.0,0.047650577202353044,171102.88237164,1.06208542912512,0.41700000000000004,0.17388900000000004,0.48622200000000004,1,1,0.41700000000000004,12.639734497244369,0.5363625175375987,22.0,06
MONDI,Mondi Plc,2023,40.0,GB06209386,1729,2006.0,17.0,8645.30546381335,5289.21940058272,-132.75107747525502,6975.07131910834,7465.389535886,21400.0,-0.015355279004415877,3356.086063230631,1.2517169745374612,0.4,0.16000000000000003,0.48,1,1,0.4,9.064771731653172,0.3881975110397427,17.0,17
RENTOKIL INITIAL,Rentokil Initial Plc,2023,33.3,GB05393279,3900,2004.0,26.0,11127.0,4088.0,381.0,5375.0,11119.355793835,62900.0,0.03424103531949312,7039.0,1.631918378164375,0.33299999999999996,0.11088899999999997,0.444222,1,1,0.33299999999999996,9.3171298661577,0.63260537431473,19.0,39
WEIR,Weir Group Plc,2023,44.4,GBSC002934,2813,1895.0,19.0,3892.7,1699.7,227.9,2641.9,4897.58130156,12391.0,0.058545482569938606,2193.0,1.8215072575744342,0.444,0.197136,0.49372799999999994,1,1,0.444,8.266858283248832,0.5633621907673337,128.0,28
ENTAIN,Entain Plc,2023,33.3,GBIM004685V,9329,2009.0,9.0,10850.6,2792.7,-928.6,4769.6,6350.948764878,31180.0,-0.08558052089285385,8057.900000000001,1.3279310604831067,0.33299999999999996,0.11088899999999997,0.444222,1,1,0.33299999999999996,9.291975656978813,0.7426225277864819,14.0,93
HIKMA PHARMACEUTICALS,Hikma Pharmaceuticals Plc,2023,41.7,GB05557934,2120,2004.0,21.0,3674.76866154191,1734.52221652694,149.18932600276997,2261.39609941041,3955.145592253,8967.0,0.04059829059829063,1940.2464450149703,1.604289298253213,0.41700000000000004,0.17388900000000004,0.48622200000000004,1,1,0.41700000000000004,8.209245460425254,0.527991452991453,19.0,21
INTERTEK,Intertek Group Plc,2023,41.7,GB04267576,7120,2000.0,31.0,3537.9,1360.1,297.4,3328.7,6852.75202466,43908.0,0.08406116622855365,2177.8,2.5525176021538196,0.41700000000000004,0.17388900000000004,0.48622200000000004,1,1,0.41700000000000004,8.171288609764034,0.6155629045478956,23.0,71
DIPLOMA,Diploma Plc,2023,37.5,GB03899848,4690,1999.0,21.0,1589.3,902.0,117.7,1200.3,4026.396232352,3319.0,0.07405776127855031,687.3,2.9658945651242687,0.375,0.140625,0.46875,1,1,0.375,7.371048946702774,0.4324545397344743,24.0,46
ANTOFAGASTA,Antofagasta Plc,2023,40.0,GB01627889,0729,1981.0,30.0,15427.1185570612,9460.48776532512,655.726348131122,5005.930052976099,16557.46326774,6630.0,0.042504784396758734,5966.630791736079,1.4600324730872376,0.4,0.16000000000000003,0.48,1,1,0.4,9.64388218501911,0.3867624903294123,42.0,07
FRESNILLO,Fresnillo Plc,2023,33.3,GB06344120,2441,2006.0,21.0,4505.20827373394,3193.59146921309,183.66697924201,2151.09650466166,4380.095672922,7303.0,0.04076769997800476,1311.6168045208497,1.2633627862725931,0.33299999999999996,0.11088899999999997,0.444222,1,1,0.33299999999999996,8.412989400657237,0.2911334448548757,17.0,24
RIO TINTO,Rio Tinto Plc30,2023,30.8,GB00719885,0710,1961.0,23.0,81307.3974645307,44239.346401695104,7897.611794399259,43078.0252798103,73102.181979082,57174.0,0.09713275840423363,37068.0510628356,1.3549841278584513,0.308,0.094864,0.426272,1,1,0.308,11.305992281120213,0.45590010526417424,62.0,07
HOWDEN JOINERY,Howden Joinery Group Plc,2023,28.6,GB02128710,3102,1986.0,19.0,2064.5,978.4,254.6,2310.9,4464.006159106,12412.0,0.12332283845967547,1086.1,2.688353673580044,0.28600000000000003,0.08179600000000002,0.4084080000000001,1,0,0.28600000000000003,7.632643345326145,0.5260837975296682,37.0,31
AIRTEL AFRICA,Airtel Africa Plc,2023,27.3,GB11462215,6190,2017.0,25.0,7818.43175800687,1823.58716594826,-130.822557557158,3964.3199259744797,3968.293877751,4132.0,-0.016732582902342582,5994.84459205861,1.2743141819465702,0.273,0.07452900000000001,0.39694200000000013,1,0,0.273,8.964239270973666,0.7667579353006796,6.0,61
FRASERS,Frasers Group Plc,2023,28.6,GB06035106,4764,2006.0,14.0,4302.7,1668.2,491.7,5693.1,3592.547991891,32481.0,0.11427708183233784,2634.5,1.4472419624633373,0.28600000000000003,0.08179600000000002,0.4084080000000001,1,0,0.28600000000000003,8.366998011607295,0.6122899574685663,17.0,47
BURBERRY,Burberry Group Plc,2022,41.7,GB03458224,4771,1996.0,29.0,3697.0,1617.0,396.0,2864.0,6638.851405164,8979.0,0.10711387611576954,2080.0,2.358358508294293,0.41700000000000004,0.17388900000000004,0.48622200000000004,1,1,0.41700000000000004,8.215276958936633,0.562618339193941,26.0,47
NEXT,Next Plc,2022,40.0,GB04412362,4791,2001.0,16.0,3983.8,1165.1,711.7,5034.0,8554.649138068,44048.0,0.17864852653245644,2818.7000000000003,2.8548996280104424,0.4,0.16000000000000003,0.48,1,1,0.4,8.289991416641174,0.707540539183694,21.0,47
NEXT,Next Plc,2022,40.0,GB01579589,7320,1980.0,13.0,594.426,114.4,1.623,720.5,987.009423692,3979.0,0.0027303650917019106,480.02600000000007,2.467986635328872,0.4,0.16000000000000003,0.48,1,1,0.4,6.38759623403507,0.8075454303815782,42.0,73
SAINSBURY J,J Sainsbury Plc31,2022,44.4,GB00185647,4711,1921.0,27.0,26158.0,7253.0,207.0,31564.0,6201.236627998,107.0,0.007913449040446517,18905.0,0.9597919041210337,0.444,0.197136,0.49372799999999994,1,1,0.444,10.171910350049098,0.722723449805031,101.0,47
PEARSON,Pearson Plc,2022,50.0,GB00053723,5811,1897.0,27.0,7324.0,4415.0,242.0,3914.0,6722.166741448,20438.0,0.03304205352266521,2909.0,1.315014574200983,0.5,0.25,0.5,1,1,0.5,8.898911905794401,0.3971873293282359,125.0,58
WPP NEW,WPP Plc,2022,38.5,GBJE111714,7311,1904.0,49.0,28822.5,4160.4,682.7,14428.7,8783.827727779,115473.0,0.02368635614537254,24662.1,1.1604103643951424,0.385,0.148225,0.47355,1,1,0.385,10.268911611107109,0.8556544366380432,118.0,73
WHITBREAD,Whitbread Plc,2022,33.0,GB04120344,5510,1999.0,23.0,9942.8,4111.4,278.8,2637.9,6294.817933162,38723.0,0.0280403910367301,5831.4,1.2195978932656797,0.33,0.10890000000000001,0.44220000000000004,1,1,0.33,9.204603950124246,0.5864947499698274,23.0,55
HALEON,Haleon Plc,2022,45.5,GB13691224,2120,2020.0,29.0,34815.0,16457.0,1060.0,10889.0,30229.377118735,24622.0,0.030446646560390637,18358.0,1.3955874513495619,0.455,0.20702500000000001,0.4959500000000001,1,1,0.455,10.457803607376647,0.5273014505241993,2.0,21
HALMA,Halma Plc,2022,50.0,GB00040932,2611,1894.0,22.0,2788.4,1598.9,234.5,1852.8,8462.294797856,8141.0,0.08409840768899728,1189.5,3.4614096965485586,0.5,0.25,0.5,1,1,0.5,7.933223233612244,0.4265887247166834,128.0,26
UNITED UTILITIES,United Utilities Group Plc,2022,44.4,GB06559020,3600,1988.0,22.0,14527.2,2508.7,204.9,1829.2,7228.01749092,5975.0,0.014104576243185197,12018.5,1.32486077777686,0.444,0.197136,0.49372799999999994,1,1,0.444,9.583778033245586,0.8273101492372927,34.0,36
ASTRAZENECA,AstraZeneca Plc,2022,38.5,GB02723534,2120,1991.0,33.0,79949.4778530744,30707.6661202412,2724.56166558781,37163.5845924415,173856.567838361,83500.0,0.03407854233388266,49241.811732833194,2.7904920152347827,0.385,0.148225,0.47355,1,1,0.385,11.28915018732238,0.6159116113719514,31.0,21
AUTO TRADER,Auto Trader Group Plc,2022,55.6,GB09439967,4511,2014.0,29.0,662.7,527.3,233.9,500.2,5661.048987339,1160.0,0.35295005281424474,135.4000000000001,8.71465224789989,0.556,0.3091360000000001,0.49372799999999994,1,1,0.556,6.496322399094181,0.2194338772094706,8.0,45
DIAGEO,Diageo Plc,2022,63.6,GB00023307,1101,1886.0,23.0,36516.0,9513.99999999997,3249.0,15452.0,80521.742215493,28558.0,0.08897469602366086,27002.00000000003,2.944565182810084,0.636,0.404496,0.463008,1,1,0.636,10.505505799684972,0.7394566765253595,136.0,11
SEVERN TRENT,Severn Trent Plc,2022,55.6,GB02366619,3600,1988.0,17.0,12148.6,970.6,132.2,2168.2,7242.468051062,7651.0,0.010881912319114959,11178.0,1.5162626188253792,0.556,0.3091360000000001,0.49372799999999994,1,1,0.556,9.404969215792182,0.9201060204468005,34.0,36
NATIONAL GRID,National Grid Plc,2022,41.7,GB04031152,3522,1999.0,50.0,92697.0,29562.0,7797.0,24252.0,40322.469662419,29450.0,0.08411275445807308,63135.0,1.1160821780901107,0.41700000000000004,0.17388900000000004,0.48622200000000004,1,1,0.41700000000000004,11.437091388570725,0.6810900029127156,23.0,35
JD SPORTS FASHION,JD Sports Fashion Plc,2022,44.4,GB01888425,4764,1984.0,15.0,8110.6,2631.0,188.3,10153.6,8435.547063466,51297.0,0.02321653145266688,5479.6,1.7156741872939116,0.444,0.197136,0.49372799999999994,1,1,0.444,9.000927127110232,0.6756096959534437,38.0,47
MELROSE INDUSTRIES,Melrose Industries Plc,2022,40.0,GB09800044,3030,2014.0,20.0,13987.0,7168.0,-308.0,7669.0,5453.202711326,39959.0,-0.02202044755844713,6819.0,0.8774006371148925,0.4,0.16000000000000003,0.48,1,1,0.4,9.545883605779304,0.4875241295488668,8.0,30
RELX,RELX Plc,2022,40.0,GB00077536,6311,1902.0,20.0,15829.0,3754.0,1632.0,8553.0,43816.77592305,35700.0,0.10310190157306211,12075.0,3.5309732720355047,0.4,0.16000000000000003,0.48,1,1,0.4,9.669598979685738,0.7628403563080423,120.0,63
UNILEVER,Unilever Plc,2022,38.5,GB00041424,2042,1894.0,22.0,68780.1329759881,19179.8828813806,6754.1894373305595,53094.0096923264,105762.598284108,127056.0,0.09819971472995728,49600.2500946075,2.2588332074460276,0.385,0.148225,0.47355,1,1,0.385,11.138670217336934,0.7211421081713159,128.0,20
SAGE,Sage Group Plc32,2022,36.4,GB02231246,5829,1987.0,18.0,3897.0,1397.0,260.0,1947.0,7108.793497489,11574.0,0.06671798819604824,2500.0,2.4656898890143704,0.364,0.132496,0.463008,1,1,0.364,8.26796230533871,0.6415191172696947,35.0,58
JOHNSON MATTHEY,Johnson Matthey Plc,2022,33.0,GB00033774,2059,1891.0,16.0,7029.0,2539.0,276.0,14968.0,3638.798358238,12638.0,0.039265898420828,4490.0,1.1564658355723432,0.33,0.10890000000000001,0.44220000000000004,1,1,0.33,8.857799727175905,0.6387821880779627,131.0,20
CONVATEC,Convatec Group Plc,2022,40.0,GB10361298,4690,2015.0,21.0,2976.46761033802,1333.85855021189,52.1213286999614,1717.35220557504,4754.046332969,10028.0,0.017511135857461013,1642.6090601261303,2.149076096402977,0.4,0.16000000000000003,0.48,1,1,0.4,7.998492510739519,0.5518652561247218,7.0,46
RIO TINTO,Rio Tinto Plc33,2022,36.4,GB00719885,0710,1961.0,23.0,80165.7523648501,43703.1955002332,10268.4818004757,46881.0221387761,72454.980383453,53726.0,0.12809063094352088,36462.55686461689,1.3586542137391135,0.364,0.132496,0.463008,1,1,0.364,11.29185167478254,0.45483957661457014,61.0,07
CRODA,Croda International Plc,2022,54.5,GB00206132,2059,1924.0,18.0,3611.9,2431.1,649.3,2445.3,9221.52471752,5825.0,0.17976688169661395,1180.8000000000002,2.880014595509289,0.545,0.29702500000000004,0.49595,1,1,0.545,8.191989228660823,0.32691934992663146,98.0,20
SPIRAX,Spirax-Sarco Engineering Plc,2022,40.0,GB00596337,2813,1957.0,21.0,2784.9,1169.8,224.7,1610.6,7813.934611573,10416.0,0.08068512334374663,1615.1000000000001,3.385771342444253,0.4,0.16000000000000003,0.48,1,1,0.4,7.931967245073997,0.5799490107364718,65.0,28
TESCO,Tesco Plc,2022,41.7,GB00445790,4711,1946.0,24.0,45868.0,12225.0,737.0,65890.0,18661.769698284,222306.0,0.01606784686491672,33643.0,1.1403324692222028,0.41700000000000004,0.17388900000000004,0.48622200000000004,1,1,0.41700000000000004,10.733522985158196,0.7334743176070463,76.0,47
PERSIMMON,Persimmon Plc,2022,33.0,GB01818486,4120,1983.0,11.0,5034.1,3439.3,561.0,3826.1,3886.166191802,5554.0,0.11143997934089508,1594.8000000000002,1.0887678416801414,0.33,0.10890000000000001,0.44220000000000004,1,1,0.33,8.52399004041651,0.31679942790171034,39.0,41
BRITISH LAND,British Land Company Plc,2022,40.0,GB00621920,6831,1958.0,17.0,8290.0,5525.0,-1038.0,418.0,3595.172348872,647.0,-0.11873999054673742,2765.0,0.767210174773462,0.4,0.16000000000000003,0.48,1,1,0.4,9.022805248129341,0.3335343787696019,64.0,68
SSE,SSE Plc,2022,46.2,GBSC117119,3511,1988.0,24.0,27177.1,11083.2,-60.6,13594.8,19658.472836803,14980.0,-0.002229818486887858,16093.899999999998,1.3155330346800431,0.462,0.21344400000000002,0.497112,1,1,0.462,10.210129985912626,0.5921860684178959,34.0,35
INFORMA,Informa Plc,2022,45.5,GB08860726,5814,2013.0,26.0,12145.7,7466.3,1631.5,2389.3,8792.901725032,11135.0,0.13432737512041298,4679.400000000001,1.1092239825643644,0.455,0.20702500000000001,0.4959500000000001,1,1,0.455,9.40473047666294,0.3852721539310209,9.0,58
KINGFISHER,Kingfisher Plc,2022,44.4,GB01664812,4719,1981.0,23.0,12103.0,6663.0,471.0,13085.0,5414.069240415,80000.0,0.03891597124679831,5440.0,0.8968081666045609,0.444,0.197136,0.49372799999999994,1,1,0.444,9.401208634738603,0.4494753366933818,41.0,47
LAND SECURITIES,Land Securities Group Plc,2022,44.4,GB04369054,9499,1904.0,23.0,10966.0,7072.0,-619.0,795.0,4606.459073275,577.0,-0.05644720043771658,3894.0,0.7751649711175451,0.444,0.197136,0.49372799999999994,1,1,0.444,9.302554855963994,0.3550975743206274,118.0,94
ROLLS ROYCE,Rolls-Royce Holdings Plc,2022,33.0,GB07524813,3030,2010.0,43.0,29450.0,-6016.0,-1269.0,13795.0,7798.600238139,41810.0,-0.04308998302207131,35466.0,1.4690865955225467,0.33,0.10890000000000001,0.44220000000000004,1,1,0.33,10.290449189079732,1.139816536841041,12.0,30
UNITE,Unite Group Plc,2022,40.0,GB03199160,5590,1995.0,25.0,5398.5,3818.5,355.1,259.3,3642.547570295,1775.0,0.06577753079559137,1580.0,0.9674071631555061,0.4,0.16000000000000003,0.48,1,1,0.4,8.593876416187195,0.2926738908956191,27.0,55
CENTRICA,Centrica Plc,2022,44.4,GB03033654,3522,1904.0,19.0,29038.0,1280.0,-782.0,23741.0,5656.722666757,19954.0,-0.02693022935463875,27758.0,1.1507239708918313,0.444,0.197136,0.49372799999999994,1,1,0.444,10.276360596043633,0.9559198291893382,118.0,35
SEGRO,SEGRO Plc,2022,40.0,GB00167591,6831,1919.0,18.0,17348.0,11373.0,-1927.0,669.0,9234.70584253,425.0,-0.11107908692644686,5975.0,0.8767411714624165,0.4,0.16000000000000003,0.48,1,1,0.4,9.761232504955258,0.3444201060640996,103.0,68
RECKITT BENCKISER,Reckitt Benckiser Group Plc Drug & Grocery,2022,33.0,GB06270876,7010,2006.0,35.0,28742.0,9483.0,2349.0,14453.0,41185.045424425,40000.0,0.08172708927701622,19259.0,2.102986758904217,0.33,0.10890000000000001,0.44220000000000004,1,1,0.33,10.266114746634193,0.6700647136594531,16.0,70
RENTOKIL INITIAL,Rentokil Initial Plc,2022,33.0,GB05393279,3900,2004.0,26.0,11922.0,4098.0,232.0,3714.0,12801.802423536,58600.0,0.019459822177487,7824.0,1.7300622734051332,0.33,0.10890000000000001,0.44220000000000004,1,1,0.33,9.386140711779872,0.6562657272269753,18.0,39
VODAFONE,Vodafone Group Plc,2022,53.8,GB01833679,6190,1983.0,28.0,136664.446305018,56664.588647748504,10402.670477677,48745.2723489797,24104.360393892,98103.0,0.07611833771644995,79999.8576572695,0.7634976344696593,0.5379999999999999,0.2894439999999999,0.497112,1,1,0.5379999999999999,11.825283903331755,0.5853743224387694,39.0,61
BUNZL,Bunzl Plc,2022,37.5,GB00358948,4639,1939.0,21.0,8666.8,2720.9,474.4,12040.4,9316.255922664,22451.0,0.054737619421239676,5945.9,1.76099089890894,0.375,0.140625,0.46875,1,1,0.375,9.067254912832553,0.6860548299256934,83.0,46
BAE SYSTEMS,BAE Systems Plc,2022,35.7,GB01470151,3030,1979.0,22.0,31462.0,11400.0,1591.0,21438.0,26343.138139837,84000.0,0.05056894030894412,20062.0,1.4749583033448923,0.35700000000000004,0.12744900000000003,0.4591019999999999,1,1,0.35700000000000004,10.35653574738245,0.6376581272646367,43.0,30
SMITH NEPHEW,Smith & Nephew Plc,2022,36.4,GB00324357,3250,1936.0,29.0,8258.20607033093,4357.80711658342,184.78626868189798,4321.34704563273,9689.742293843,19094.0,0.02237607866746937,3900.398953747511,1.6456529580214163,0.364,0.132496,0.463008,1,1,0.364,9.01896266015878,0.4723058398555088,86.0,32
GLENCORE,Glencore Plc,2022,44.4,GBJE107710,2399,1904.0,22.0,109863.308792162,37470.1806436177,14352.009746952801,212420.51654859202,70791.583664989,81706.0,0.13063514930270076,72393.1281485443,1.3032987390213078,0.444,0.197136,0.49372799999999994,1,1,0.444,11.606992224704143,0.6589381745774351,118.0,23
BARRATT REDROW,Barratt Developments Plc,2022,33.0,GB00604574,4110,1957.0,21.0,8210.7,5631.3,515.1,5352.3,4677.202213182,6564.0,0.0627352113705287,2579.4000000000005,0.8837982404888743,0.33,0.10890000000000001,0.44220000000000004,1,1,0.33,9.013193460687647,0.3141510468047792,65.0,41
ANGLO AMERICAN,Anglo American Plc,2022,33.0,GB03564138,0710,1997.0,26.0,55856.0000584786,28134.7452042892,3740.4718243501698,29722.4155665965,43290.696864481,57000.0,0.0669663388075421,27721.254854189403,1.2713397243684517,0.33,0.10890000000000001,0.44220000000000004,1,1,0.33,10.930532230391771,0.49629860400255216,25.0,07
BERKELEY,Berkeley Group Holdings Plc,2022,33.0,GB05172586,4110,1904.0,14.0,6587.7,3136.1,482.4,2348.0,4543.30900703,3030.0,0.07322737829591511,3451.6,1.2136115802222325,0.33,0.10890000000000001,0.44220000000000004,1,1,0.33,8.792959552920056,0.5239461420526133,118.0,41
SMITHS,Smiths Group Plc,2022,40.0,GB00137013,2651,1913.0,22.0,5223.0,2721.0,1033.0,2929.0,5506.001725423,14764.0,0.19777905418341948,2502.0,1.5332187871765268,0.4,0.16000000000000003,0.48,1,1,0.4,8.560827228436299,0.479035037334865,109.0,26
ENTAIN,Entain Plc,2022,36.4,GBIM004685V,9329,2009.0,9.0,8740.1,3316.6,24.2,4296.9,7781.648518546,28940.0,0.0027688470383634054,5423.5,1.510869271352273,0.364,0.132496,0.463008,1,1,0.364,9.075676910231723,0.620530657543964,13.0,93
TAYLOR WIMPEY,Taylor Wimpey Plc,2022,44.4,GB00296805,4120,1934.0,17.0,6483.1,4502.1,643.6,4485.8,3590.262843726,5156.0,0.09927349570421558,1981.0,0.8593516749280437,0.444,0.197136,0.49372799999999994,1,1,0.444,8.776954070013614,0.3055636963798183,88.0,41
EXPERIAN,Experian Plc,2022,45.5,GBJE93905,7490,1904.0,20.0,8778.63337200534,3203.10223551447,622.1969529127499,5348.46965107726,24449.473395829,21313.0,0.07087628865979384,5575.53113649087,3.4202367566765273,0.455,0.20702500000000001,0.4959500000000001,1,1,0.455,9.080076022122881,0.6351251840942559,118.0,74
SHELL,Shell Plc,2022,54.5,GB04366849,0610,2001.0,23.0,367106.510746768,159593.188292949,35058.8441330154,315433.47519190505,162873.857597363,93000.0,0.09550046950052372,207513.32245381898,1.0089365598494575,0.545,0.29702500000000004,0.49595,1,1,0.545,12.639734497244369,0.5652673444328062,21.0,06
ASSOCIATED BRITISH FOODS,Associated British Foods Plc,2022,33.0,GB00293262,1089,1933.0,11.0,19775.0,11554.0,700.0,16997.0,10485.724463235,132273.0,0.035398230088495575,8221.0,0.9459784810738304,0.33,0.10890000000000001,0.44220000000000004,1,1,0.33,9.892173792635855,0.4157269279393173,89.0,10
MONDI,Mondi Plc,2022,33.0,GB06209386,1729,2006.0,17.0,9586.84805374569,5527.4405575851,1283.31366958963,8908.95440045695,6843.880700853,26700.0,0.13386189729879205,4059.407496160591,1.1373173055302104,0.33,0.10890000000000001,0.44220000000000004,1,1,0.33,9.168147443754119,0.4234350511662208,16.0,17
IMPERIAL BRANDS,Imperial Brands Plc,2022,40.0,GB03236483,1200,1995.0,21.0,30958.0,7473.0,1570.0,32551.0,17630.069548446,25700.0,0.05071387040506493,23485.0,1.328091916417275,0.4,0.16000000000000003,0.48,1,1,0.4,10.340386726133822,0.7586084372375477,27.0,12
WEIR,Weir Group Plc,2022,41.7,GBSC002934,2813,1895.0,19.0,4055.9,1737.9,213.4,2482.5,4332.925286528,12627.0,0.052614709435636974,2318.0,1.6398149082886657,0.41700000000000004,0.17388900000000004,0.48622200000000004,1,1,0.41700000000000004,8.307927890134737,0.5715131043664784,127.0,28
BRITISH AMERICAN TOBACCO,British American Tobacco Plc,2022,36.4,GB03407696,1200,1996.0,25.0,153546.0,75710.0,6666.0,28377.0,73369.980016324,50397.0,0.043413700128951585,77836.0,0.9847601371336537,0.364,0.132496,0.463008,1,1,0.364,11.941755475383125,0.5069230067862399,26.0,12
INTERTEK,Intertek Group Plc,2022,36.4,GB04267576,7120,2000.0,31.0,3660.3,1318.0,288.8,3192.9,6510.598767807,43597.0,0.07890063655984482,2342.3,2.4186265518692456,0.364,0.132496,0.463008,1,1,0.364,8.205300390249398,0.6399202251181597,22.0,71
FRESNILLO,Fresnillo Plc,2022,33.0,GB06344120,2441,2006.0,21.0,4900.79700959631,3245.72274839493,225.304179801803,2075.61383456436,6645.306126988,7925.0,0.04597296712363972,1655.07426120138,1.6936796957589357,0.33,0.10890000000000001,0.44220000000000004,1,1,0.33,8.49715312589148,0.3377153262950004,16.0,24
GSK,GSK Plc,2022,27.3,GB03888792,2120,1999.0,30.0,60146.0,10096.0,14956.0,36646.0,58858.484071435,69400.0,0.248661590130682,50050.0,1.8107352786791309,0.273,0.07452900000000001,0.39694200000000013,1,0,0.273,11.004530218775948,0.8321417883150999,23.0,21
OCADO,Ocado Group Plc,2022,30.8,GB07098618,4778,2009.0,19.0,4813.2,1934.3,-455.5,2688.3,5139.508097548,19744.0,-0.09463558547328181,2878.8999999999996,1.6659204058730157,0.308,0.094864,0.426272,1,1,0.308,8.479117422564007,0.5981259868694423,13.0,47
AIRTEL AFRICA,Airtel Africa Plc,2022,30.8,GB11462215,6190,2017.0,25.0,9022.66386522567,3077.04674895033,535.735817897602,4256.79681551216,4002.431566803,4000.0,0.059376679204728694,5945.61711627534,1.1025622622847786,0.308,0.094864,0.426272,1,1,0.308,9.107494898194709,0.6589647143113019,5.0,61
ANTOFAGASTA,Antofagasta Plc,2022,30.0,GB01627889,0729,1981.0,30.0,15112.9480004532,9648.99204950447,1270.3020174410299,4888.88119549925,15236.41514601,6359.0,0.08405388660127307,5463.95595094873,1.3697109985648053,0.3,0.09,0.42000000000000004,1,1,0.3,9.623307138847812,0.36154137172872425,41.0,07
FRASERS,Frasers Group Plc,2022,28.6,GB06035106,4764,2006.0,14.0,4142.7,1308.6,249.8,4853.3,3376.599192169,30353.0,0.06029883892147634,2834.1,1.499191153636276,0.28600000000000003,0.08179600000000002,0.4084080000000001,1,0,0.28600000000000003,8.329103028159414,0.6841190527916576,16.0,47
NEXT,Next Plc,2021,40.0,GB04412362,4791,2001.0,16.0,3981.8,1010.0,677.5,4628.4,9955.228210186,44626.0,0.17014917876337335,2971.8,3.246528758397207,0.4,0.16000000000000003,0.48,0,1,0.0,8.289489257345696,0.7463458737254508,20.0,47
NEXT,Next Plc,2021,40.0,GB01579589,7320,1980.0,13.0,444.758,61.459,-69.219,470.055,1141.577101202,2686.0,-0.11873999054673742,383.299,3.42855238399759,0.4,0.16000000000000003,0.48,0,1,0.0,6.268012441050478,0.8618147397011409,41.0,73
PEARSON,Pearson Plc,2021,44.4,GB00053723,5811,1897.0,27.0,7343.0,4280.0,177.0,3528.0,4640.709620152,20744.0,0.024104589404875393,3063.0,1.0491229225319352,0.444,0.197136,0.49372799999999994,0,1,0.0,8.90150275745161,0.4171319624131826,124.0,58
SAINSBURY J,J Sainsbury Plc,2021,33.3,GB00185647,4711,1921.0,27.0,26912.0,8423.0,677.0,30115.0,5802.113133142,117.0,0.025156064209274673,18489.0,0.9026127056012931,0.33299999999999996,0.11088899999999997,0.444222,0,1,0.0,10.200327562772674,0.6870169441141498,100.0,47
ITV,ITV Plc,2021,45.5,GB04967001,6020,2002.0,20.0,4240.0,1518.0,378.0,3453.0,4450.089794866,6315.0,0.08915094339622641,2722.0,1.6915306119966982,0.455,0.20702500000000001,0.4959500000000001,0,1,0.0,8.352318548226004,0.6419811320754717,19.0,60
ASTRAZENECA,AstraZeneca Plc,2021,38.5,GB02723534,2120,1991.0,33.0,78430.1095949998,29244.4569313588,83.37055963326769,28236.566415792302,134456.987817342,83100.0,0.0010629917523229224,49185.652663641,2.3414813702197206,0.385,0.148225,0.47355,0,1,0.0,11.269963183566437,0.6271271698793695,30.0,21
WPP NEW,WPP Plc,2021,42.9,GBJE111714,7311,1904.0,49.0,27870.8,4069.0,637.7,12801.1,12913.292445579,109382.0,0.022880577521994346,23801.8,1.3173318471511044,0.429,0.18404099999999998,0.4899180000000001,0,1,0.0,10.235334824764417,0.8540049083628743,117.0,73
DIAGEO,Diageo Plc,2021,60.0,GB00023307,1101,1886.0,23.0,31953.0,8431.0,2660.0,12747.0,80890.016604535,27783.0,0.08324726942697086,23522.0,3.2676749164252183,0.6,0.36,0.48,0,1,0.0,10.372021352111275,0.7361437110756424,135.0,11
BRITISH LAND,The British Land Company Plc,2021,36.4,GB00621920,6831,1958.0,17.0,9910.0,6768.0,963.0,412.0,4915.976629787,636.0,0.09717457114026236,3142.0,0.8131157043175581,0.364,0.132496,0.463008,0,1,0.0,9.201299627324033,0.3170534813319879,63.0,68
HALMA,Halma Plc,2021,50.0,GB00040932,2611,1894.0,22.0,2197.0,1403.1,244.4,1525.3,9529.097978023,7522.0,0.11124260355029586,793.9000000000001,4.698679097871188,0.5,0.25,0.5,0,1,0.0,7.69484807238461,0.36135639508420575,127.0,26
SEVERN TRENT,Severn Trent Plc,2021,50.0,GB02366619,3600,1988.0,17.0,11554.2,1263.9,-87.2,1951.9,7704.033947963,7118.0,-0.007547039171902858,10290.300000000001,1.5573846694676394,0.5,0.25,0.5,0,1,0.0,9.354804286213897,0.8906112063145869,33.0,36
JD SPORTS FASHION,JD Sports Fashion Plc,2021,42.9,GB01888425,4764,1984.0,15.0,7068.6,2339.6,369.7,8590.2,9746.879480675,72668.0,0.052301728772317,4729.0,2.047913233267549,0.429,0.18404099999999998,0.4899180000000001,0,1,0.0,8.863417719480129,0.6690150807797867,37.0,47
MELROSE INDUSTRIES,Melrose Industries Plc,2021,45.5,GB09800044,3030,2014.0,20.0,14022.0,7540.0,833.0,7767.0,6991.51462725,40046.0,0.05940664669804593,6482.0,0.9608839414669804,0.455,0.20702500000000001,0.4959500000000001,0,1,0.0,9.548382803766913,0.46227357010412207,7.0,30
RIO TINTO,Rio Tinto Plc,2021,36.4,GB00719885,0710,1961.0,23.0,76593.7241430778,42124.4640147019,15701.9516509299,47934.3498891453,61059.039829106,49345.0,0.2050031099362463,34469.26012837589,1.2472079276238628,0.364,0.132496,0.463008,0,1,0.0,11.24627042212519,0.4500272119421559,60.0,07
AUTO TRADER,Auto Trader Group Plc,2021,55.6,GB09439967,4511,2014.0,29.0,542.9,472.5,244.7,432.7,5967.722016499,960.0,0.3728120567375876,70.39999999999998,8.71465224789989,0.556,0.3091360000000001,0.49372799999999994,0,1,0.0,6.296925140911405,0.2194338772094706,7.0,45
NATIONAL GRID,National Grid Plc,2021,41.7,GB04031152,3522,1999.0,50.0,94860.0,23856.0,2353.0,20039.0,42733.313149246,29450.0,0.024804975753742357,71004.0,1.199001825313578,0.41700000000000004,0.17388900000000004,0.48622200000000004,0,1,0.0,11.460157399431573,0.7485135989879823,22.0,35
CRODA,Croda International Plc,2021,44.4,GB00206132,2059,1924.0,18.0,3293.4,1765.9,320.8,1889.6,14119.290091423,6135.0,0.09740693508228579,1527.5,4.750953449754964,0.444,0.197136,0.49372799999999994,0,1,0.0,8.099675744783898,0.46380640068014817,97.0,20
SEGRO,SEGRO Plc,2021,40.0,GB00167591,6831,1919.0,18.0,17783.0,13436.0,4060.0,546.0,17273.25680729,385.0,0.22830793454422763,4347.0,1.2157823093566889,0.4,0.16000000000000003,0.48,0,1,0.0,9.785998223743661,0.2444469437102851,102.0,68
SPIRAX,Spirax-Sarco Engineering Plc,2021,40.0,GB00596337,2813,1957.0,21.0,1863.2,1010.0,234.6,1344.5,11814.7572975,8671.0,0.12591240875912407,853.2,6.799032469675827,0.4,0.16000000000000003,0.48,0,1,0.0,7.5300507185701315,0.4579218548733362,64.0,28
INFORMA,Informa Plc,2021,41.7,GB08860726,5814,2013.0,26.0,10197.6,6045.9,77.9,1828.6,7765.08057918,9999.0,0.007639052326037499,4151.700000000001,1.1685867830842553,0.41700000000000004,0.17388900000000004,0.48622200000000004,0,1,0.0,9.229907677468711,0.4071252059308073,8.0,58
RELX,RELX Plc,2021,45.5,GB00077536,6311,1902.0,20.0,13858.0,3224.0,1471.0,7244.0,46469.62343936,33500.0,0.10614807331505267,10634.0,4.1206251579852795,0.455,0.20702500000000001,0.4959500000000001,0,1,0.0,9.536617962187327,0.7673545966228893,119.0,63
ENTAIN,Entain Plc,2021,33.3,GBIM004685V,9329,2009.0,9.0,7252.0,3168.5,249.3,3841.0,9871.68726502,25554.0,0.03437672366243795,4083.5,1.9243225682597904,0.33299999999999996,0.11088899999999997,0.444222,0,1,0.0,8.889032571874742,0.5630860452289024,12.0,93
UNILEVER,Unilever Plc,2021,46.2,GB00041424,2042,1894.0,22.0,63311.4690633939,16647.5566698951,5099.82124461641,44214.7504302634,101042.941065581,148044.0,0.08055130168453284,46663.9123934988,2.3330188928514772,0.462,0.21344400000000002,0.497112,0,1,0.0,11.055821777555703,0.7370530661162534,127.0,20
RENTOKIL INITIAL,Rentokil Initial Plc,2021,37.5,GB05393279,3900,2004.0,26.0,4323.1,1263.9,263.2,2956.6,10858.504799312,46000.0,0.06088223728343086,3059.2000000000003,3.2193807220078186,0.375,0.140625,0.46875,0,1,0.0,8.37172801648429,0.7076403506742847,17.0,39
BAE SYSTEMS,BAE Systems Plc,2021,35.7,GB01470151,3030,1979.0,22.0,27135.0,7668.0,1758.0,19977.0,17412.893318438,82000.0,0.06478717523493643,19467.0,1.3591263430417542,0.35700000000000004,0.12744900000000003,0.4591019999999999,0,1,0.0,10.208579686497504,0.7174129353233831,42.0,30
GSK,10 GlaxoSmithKline Plc,2021,38.5,GB03888792,2120,1999.0,30.0,79103.0,21342.0,4385.0,34548.0,80841.046987898,90096.0,0.05543405433422247,57761.0,1.7521718138110818,0.385,0.148225,0.47355,0,1,0.0,11.278506079711642,0.730199865997497,22.0,21
VODAFONE,Vodafone Group Plc,2021,44.4,GB01833679,6190,1983.0,28.0,130288.21595157,48269.9618238611,1891.96125313156,38591.949924181,35417.171331962,96941.0,0.014521353595284696,82018.2541277089,0.901351089981333,0.444,0.197136,0.49372799999999994,0,1,0.0,11.777504321199476,0.6295139858097087,38.0,61
MONDI,Mondi Plc,2021,44.4,GB06209386,1729,2006.0,17.0,7807.81030689248,4121.84262934859,637.372269950406,6511.145556649461,8866.212218127,26400.0,0.08163265306122443,3685.96767754389,1.6076440643787462,0.444,0.197136,0.49372799999999994,0,1,0.0,8.96287983308629,0.4720872475974523,15.0,17
BUNZL,Bunzl Plc,2021,37.5,GB00358948,4639,1939.0,21.0,7114.1,2203.9,442.8,10285.1,9733.955393307,21021.0,0.06224258866195302,4910.200000000001,2.0584691518684024,0.375,0.140625,0.46875,0,1,0.0,8.869834009199034,0.690206772465948,82.0,46
KINGFISHER,Kingfisher Plc,2021,50.0,GB01664812,4719,1981.0,23.0,12352.0,6778.0,843.0,13209.0,6838.43031519,82000.0,0.06824805699481866,5574.0,1.0048923506468588,0.5,0.25,0.5,0,1,0.0,9.421573272264558,0.45126295336787564,40.0,47
ANGLO AMERICAN,Anglo American Plc,2021,38.5,GB03564138,0710,1997.0,26.0,49117.914083939,25882.0924861493,6373.38153196462,32252.496498127,40509.091451813,62000.0,0.12975676290065916,23235.8215977897,1.297793569585777,0.385,0.148225,0.47355,0,1,0.0,10.801979096201476,0.4730620595589899,24.0,07
ROLLS ROYCE,Rolls-Royce Holdings Plc,2021,38.5,GB07524813,3030,2010.0,43.0,28674.0,-4636.0,120.0,11583.0,10282.102670962,44000.0,0.004184975936388366,33310.0,1.5202658391212247,0.385,0.148225,0.47355,0,1,0.0,10.263746067806213,1.139816536841041,11.0,30
PERSIMMON,Persimmon Plc,2021,33.3,GB01818486,4120,1983.0,11.0,4792.2,3625.2,787.2,3616.9,9116.536726965,5196.0,0.164266933767372,1167.0,2.1458905569394013,0.33299999999999996,0.11088899999999997,0.444222,0,1,0.0,8.474744875151398,0.24352072117190435,38.0,41
RECKITT BENCKISER,Reckitt Benckiser Group Plc Drug & Grocery,2021,41.7,GB06270876,7010,2006.0,35.0,26946.0,7453.0,-32.0,13234.0,45308.001929508,41800.0,-0.0011875603057967788,19493.0,2.404846802104505,0.41700000000000004,0.17388900000000004,0.48622200000000004,0,1,0.0,10.201590142315792,0.723409782528019,15.0,70
EXPERIAN,Experian Plc,2021,36.4,GBJE93905,7490,1904.0,20.0,8299.87687639685,3052.83703357097,887.585511382626,4790.67613353988,27213.45516703,20394.0,0.10693959977969522,5247.0398428258795,3.9109610290927184,0.364,0.132496,0.463008,0,1,0.0,9.023995959505607,0.6321828529465764,117.0,74
TAYLOR WIMPEY,Taylor Wimpey Plc,2021,50.0,GB00296805,4120,1934.0,17.0,6239.8,4314.0,555.6,4284.9,6403.277501747,5144.0,0.0890413154267765,1925.8000000000002,1.3348308442172827,0.5,0.25,0.5,0,1,0.0,8.73870340956777,0.3086316869130421,87.0,41
BARRATT REDROW,Barratt Developments Plc,2021,33.3,GB00604574,4110,1957.0,21.0,7473.6,5452.1,659.8,5032.1,7099.507263019,6422.0,0.0882840933418968,2021.5,1.2204302160965266,0.33299999999999996,0.11088899999999997,0.444222,0,1,0.0,8.919132089747844,0.2704854420894883,64.0,41
SSE,SSE Plc,2021,50.0,GBSC117119,3511,1988.0,24.0,25755.5,9169.4,3077.7,8910.6,18668.071018894,10754.0,0.11949680650734794,16586.1,1.3688016547492379,0.5,0.25,0.5,0,1,0.0,10.156403475517319,0.6439828386169943,33.0,35
ASSOCIATED BRITISH FOODS,Associated British Foods Plc,2021,33.3,GB00293262,1089,1933.0,11.0,16895.0,10004.0,478.0,13904.0,14962.6417567,127912.0,0.0282923941994673,6891.0,1.2934975884403672,0.33299999999999996,0.11088899999999997,0.444222,0,1,0.0,9.73477299914839,0.40787215152411954,88.0,10
BRITISH AMERICAN TOBACCO,British American Tobacco Plc,2021,40.0,GB03407696,1200,1996.0,25.0,137365.0,67401.0,6801.0,25880.0,62725.282652436,52050.0,0.049510428420631164,69964.0,0.9659613631742875,0.4,0.16000000000000003,0.48,0,1,0.0,11.83039689560776,0.5093291595384559,25.0,12
INTERTEK,Intertek Group Plc,2021,33.3,GB04267576,7120,2000.0,31.0,3249.7,1114.3,288.1,2786.3,9086.432926967,44063.0,0.08865433732344526,2135.3999999999996,3.4531904258753117,0.33299999999999996,0.11088899999999997,0.444222,0,1,0.0,8.086317963370858,0.6571068098593715,21.0,71
IMPERIAL BRANDS,Imperial Brands Plc,2021,36.4,GB03236483,1200,1995.0,21.0,29090.0,5940.0,2834.0,32791.0,14749.770290188,30300.0,0.09742179443107597,23150.0,1.3028453176413888,0.364,0.132496,0.463008,0,1,0.0,10.278149751489247,0.7958061189412169,26.0,12
SMITHS,Smiths Group Plc,2021,40.0,GB00137013,2651,1913.0,22.0,5337.0,2423.0,284.0,3255.0,6165.646129235,21523.0,0.053213415776653554,2914.0,1.7012640302107924,0.4,0.16000000000000003,0.48,0,1,0.0,8.582418976333944,0.5459996252576353,108.0,26
GLENCORE,Glencore Plc,2021,37.5,GBJE107710,2399,1904.0,22.0,94915.8933824818,27480.2763391191,3702.54610371316,151758.98307243898,49466.91526619,81284.0,0.039008705199592236,67435.6170433627,1.2316433859867022,0.375,0.140625,0.46875,0,1,0.0,11.460746445628134,0.7104776095992474,117.0,23
FRESNILLO,Fresnillo Plc,2021,33.3,GB06344120,2441,2006.0,21.0,4293.18706657503,2830.6329709085503,313.539554040795,2017.25713666644,6578.985591537,6668.0,0.07303188730858798,1462.55409566648,1.8730932434348284,0.33299999999999996,0.11088899999999997,0.444222,0,1,0.0,8.36478464206557,0.3406686158759114,15.0,24
WHITBREAD,Whitbread Plc,2021,30.0,GB04120344,5510,1999.0,23.0,9566.5,4119.0,42.5,1899.8,5951.327129011,36984.0,0.004442586107771912,5447.5,1.1915357893703025,0.3,0.09,0.42000000000000004,0,1,0.0,9.166022691325058,0.5694350075785293,22.0,55
SAGE,Sage Group Plc,2021,30.0,GB02231246,5829,1987.0,18.0,3329.0,1111.0,285.0,1846.0,7388.376704993,11760.0,0.08561129468308802,2218.0,2.885664375185641,0.3,0.09,0.42000000000000004,0,1,0.0,8.110427237575024,0.6662661459897867,34.0,58
UNITED UTILITIES,United Utilities Group Plc,2021,30.0,GB06559020,3600,1988.0,22.0,14437.0,2957.4,-56.8,1867.1,7667.835182374,5728.0,-0.003934335388238554,11479.6,1.3262752083101752,0.3,0.09,0.42000000000000004,0,1,0.0,9.577549634629815,0.7951513472328047,33.0,36
SMITH NEPHEW,Smith & Nephew Plc,2021,27.3,GB00324357,3250,1936.0,29.0,8128.6295642436,4144.70782176816,390.05511828421703,3879.70854293385,11379.916045259,18976.0,0.04798534798534803,3983.9217424754397,1.8900895490818326,0.273,0.07452900000000001,0.39694200000000013,0,0,0.0,9.003147623049442,0.49010989010989076,85.0,32
BERKELEY,Berkeley Group Holdings Plc,2021,28.6,GB05172586,4110,1904.0,14.0,5552.2,3175.4,422.7,2202.2,5627.392012789,2705.0,0.07613198371816578,2376.7999999999997,1.4416253039856273,0.28600000000000003,0.08179600000000002,0.4084080000000001,0,0,0.0,8.62194952459258,0.4280825618673679,117.0,41
HIKMA PHARMACEUTICALS,Hikma Pharmaceuticals Plc,2021,30.0,GB05557934,2120,2004.0,21.0,3254.42934568434,1836.38545192207,313.383978621479,1901.8908916339199,5136.610978035,8703.0,0.0962946020128087,1418.0438937622703,2.014071954116724,0.3,0.09,0.42000000000000004,0,1,0.0,8.087772223046974,0.43572735590118783,17.0,21
TESCO,Tesco Plc,2021,30.8,GB00445790,4711,1946.0,24.0,49351.0,15644.0,1481.0,61376.0,22115.61013628,345693.0,0.030009523616542723,33707.0,1.1311343262807236,0.308,0.094864,0.426272,0,1,0.0,10.806713308080846,0.6830054102247168,75.0,47
OCADO,Ocado Group Plc,2021,25.0,GB07098618,4778,2009.0,19.0,4383.6,1709.4,-223.2,2684.7,13491.068798029,19347.0,-0.05091705447577333,2674.2000000000003,3.687669677440688,0.25,0.0625,0.375,0,0,0.0,8.385625583589237,0.6100465370928004,12.0,47
ST JAMES S PLACE,St. James's Place Plc,2021,30.0,GB03183415,7010,1995.0,25.0,155729.9,1119.2,287.6,13.3,9099.830960845,2695.0,0.001846787290045136,154610.69999999998,1.051246619697598,0.3,0.09,0.42000000000000004,0,1,0.0,11.955878375352146,0.9928131977224668,26.0,70
ANTOFAGASTA,Antofagasta Plc,2021,30.0,GB01627889,0729,1981.0,30.0,12861.6953354237,8209.76698388669,960.3990717753751,5584.26429743581,13195.69208822,5983.0,0.07467126585794974,4651.92835153701,1.3876569125845386,0.3,0.09,0.42000000000000004,0,1,0.0,9.462008819229043,0.3616885822761376,40.0,07
DIAGEO,Diageo Plc Beverages,2020,37.4,GB00023307,1101,1886.0,23.0,33308.0,8440.00000000003,1409.0,11752.0,62677.445853488,27788.0,0.04230214963372163,24867.99999999997,2.6283609299113717,0.374,0.139876,0.468248,0,1,0.0,10.41355288735571,0.7466074216404459,134.0,11
SEVERN TRENT,Severn Trent Plc,2020,38.6,GB02366619,3600,1988.0,17.0,11023.1,1138.7,212.2,1829.5,5508.585170944,7033.0,0.019250483076448548,9884.4,1.3964297857176293,0.386,0.14899600000000002,0.474008,0,1,0.0,9.307748349862655,0.8966987508051274,32.0,36
AUTO TRADER,Auto Trader Group Plc,2020,32.7,GB09439967,4511,2014.0,29.0,534.5,458.7,127.8,262.8,5358.530934948,908.0,0.23910196445275958,75.80000000000001,8.71465224789989,0.327,0.10692900000000001,0.4401419999999999,0,1,0.0,6.2813317304651,0.2194338772094706,6.0,45
TAYLOR WIMPEY,Taylor Wimpey Plc,2020,30.0,GB00296805,4120,1934.0,17.0,5748.6,4016.8,217.0,2799.9,6043.123207828,6029.0,0.03774832133041088,1731.8000000000002,1.352489859762029,0.3,0.09,0.42000000000000004,0,1,0.0,8.656711625884883,0.3012559579723759,86.0,41
RENTOKIL INITIAL,Rentokil Initial Plc Support Services,2020,27.4,GB05393279,3900,2004.0,26.0,5583.1,1130.6,186.3,2803.3,9449.6811504,44500.0,0.03336855868603464,4452.5,2.4900469542727155,0.27399999999999997,0.07507599999999998,0.397848,0,0,0.0,8.627499456667056,0.7974960147588257,16.0,39
SPIRAX,Spirax-Sarco Engineering Plc Industrial Engineering,2020,27.3,GB00596337,2813,1957.0,21.0,1745.1,856.0,173.6,1193.4,8314.497200603,7846.0,0.09947853991175291,889.0999999999999,5.273965503755086,0.273,0.07452900000000001,0.39694200000000013,0,0,0.0,7.464567139584825,0.509483697209329,63.0,28
WPP NEW,WPP Plc,2020,35.8,GBJE111714,7311,1904.0,49.0,36167.1,5050.1,-2965.1,12110.2,9802.657136,99830.0,-0.08198334950825474,31117.0,1.1314055353069503,0.358,0.128164,0.45967199999999997,0,1,0.0,10.495905144789583,0.8603675716327823,116.0,73
BURBERRY,Burberry Group Plc Personal Goods,2020,50.4,GB03458224,4771,1996.0,29.0,3502.2,1559.7,375.7,2359.5,7685.925123486,9234.0,0.107275426874536,1942.4999999999998,2.7492505063919825,0.504,0.254016,0.49996799999999997,0,1,0.0,8.1611466214378,0.5546513620010279,24.0,47
PEARSON,Pearson Plc,2020,41.0,GB00053723,5811,1897.0,27.0,7451.0,4134.0,310.0,3620.0,5125.165253424,21335.0,0.04160515367064824,3317.0,1.1330244602635888,0.41,0.16809999999999997,0.4838,0,1,0.0,8.916103530553727,0.44517514427593613,123.0,58
VODAFONE,Vodafone Group Plc,2020,30.3,GB01833679,6190,1983.0,28.0,132091.944230942,49251.1292033313,95.4083034241924,37802.984652280196,37222.068936303,96506.0,0.0007222870704165424,82840.81502761069,0.9089341871901182,0.303,0.091809,0.4223819999999999,0,1,0.0,11.7912535062962,0.6271450958642606,37.0,61
RELX,RELX Plc,2020,29.8,GB00077536,6311,1902.0,20.0,14145.0,2101.0,1224.0,7110.0,34633.009994145,33200.0,0.08653234358430541,12044.0,3.299894662010958,0.298,0.088804,0.4183920000000001,0,0,0.0,9.557116483735667,0.8514669494521032,118.0,63
LAND SECURITIES,Land Securities Group Plc,2020,30.0,GB04369054,9499,1904.0,23.0,10990.0,7212.0,-1393.0,635.0,5116.910936893,530.0,-0.11873999054673742,3778.0,0.8093640524925387,0.3,0.09,0.42000000000000004,0,1,0.0,9.304741047397666,0.3437670609645132,116.0,94
GSK,GlaxoSmithKline Plc,2020,40.6,GB03888792,2120,1999.0,30.0,80431.0,20808.0,5749.0,34482.0,67502.379276111,94066.0,0.07147741542440104,59623.0,1.5805520169600153,0.406,0.164836,0.482328,0,1,0.0,11.295154952992526,0.7412937797615348,21.0,21
UNILEVER,Unilever Plc Personal Goods,2020,33.5,GB00041424,2042,1894.0,22.0,61866.0651290048,16143.3863913534,5103.1571481248,46399.3202516475,115476.377194276,148949.0,0.08248717835025646,45722.6787376514,2.605613523274686,0.335,0.11222500000000002,0.4455499999999999,0,1,0.0,11.032727087488547,0.7390591052188179,126.0,20
RECKITT BENCKISER,Reckitt Benckiser Group Plc,2020,26.3,GB06270876,7010,2006.0,35.0,31292.0,9159.0,1187.0,13993.0,46582.579875966,43900.0,0.03793301802377604,22133.0,2.1959472029900935,0.263,0.06916900000000001,0.38766199999999995,0,0,0.0,10.35111775280497,0.7073053815671737,14.0,70
ST JAMES S PLACE,St. James's Place Plc,2020,23.9,GB03183415,7010,1995.0,25.0,129881.3,1112.1,262.0,15.0,6090.813711358,2746.0,0.002017226498348877,128769.2,1.0383327985734512,0.239,0.057121,0.363758,0,0,0.0,11.774376235405988,0.9914375664549092,25.0,70
NEXT,Next Plc General Retailers,2020,53.8,GB04412362,4791,2001.0,16.0,3758.0,660.9,286.7,3534.4,10276.979440529,40867.0,0.07629058009579563,3097.1,3.5588290155745077,0.5379999999999999,0.2894439999999999,0.497112,0,1,0.0,8.231642179973411,0.8241351782863224,19.0,47
NEXT,Next Plc General Retailers,2020,53.8,GB01579589,7320,1980.0,13.0,321.648,116.881,-4.938,323.668,564.094421446,2317.0,-0.01535218624085957,204.76700000000002,2.390381477410088,0.5379999999999999,0.2894439999999999,0.497112,0,1,0.0,6.268012441050478,0.6366182908023679,40.0,73
HALMA,Halma Plc,2020,40.9,GB00040932,2611,1894.0,22.0,1877.9,1167.6,203.4,1318.2,9012.780094786,7120.0,0.10831247670269982,710.3000000000002,5.177634642305767,0.409,0.16728099999999999,0.48343800000000003,0,1,0.0,7.53790941021416,0.3782416529101657,126.0,26
RIO TINTO,Rio Tinto Plc Mining,2020,32.3,GB00719885,0710,1961.0,23.0,72570.7443283018,38675.8326611752,7279.42911328864,33772.7060806204,68205.662988712,47474.0,0.10030803983981934,33894.911667126595,1.4069109473915165,0.32299999999999995,0.10432899999999996,0.437342,0,1,0.0,11.192317148913833,0.46706027312865733,59.0,07
KINGFISHER,Kingfisher Plc General Retailers,2020,27.3,GB01664812,4719,1981.0,23.0,12269.0,6571.0,592.0,12375.0,5861.015774038,78000.0,0.04825169125438096,5698.0,0.9421318586712853,0.273,0.07452900000000001,0.39694200000000013,0,0,0.0,9.414831034791183,0.46442252832341674,39.0,47
SMITHS,Smiths Group Plc General Industrials,2020,23.7,GB00137013,2651,1913.0,22.0,5413.0,2394.0,265.0,3466.0,5368.661564571,22562.0,0.048956216515795306,3019.0,1.5495402853447258,0.237,0.056169,0.36166199999999993,0,0,0.0,8.596558746796978,0.557731387400702,107.0,26
EXPERIAN,Experian Plc Support Services,2020,23.7,GBJE93905,7490,1904.0,20.0,7316.91372032759,2266.05638900822,583.405989218852,3902.93521056497,22905.819437027,17608.0,0.07973388938536397,5050.85733131937,3.8208290868154045,0.237,0.056169,0.36166199999999993,0,0,0.0,8.897943895141362,0.6902988779664379,116.0,74
INTERTEK,Intertek Group Plc Support Services,2020,23.3,GB04267576,7120,2000.0,31.0,2615.1,1003.0,247.3,2741.7,9115.48373908,43769.0,0.0945661733776911,1612.1,4.10216960692899,0.233,0.054289000000000004,0.3574219999999999,0,0,0.0,7.86905761668564,0.6164582616343544,20.0,71
NATIONAL GRID,National Grid Plc,2020,34.2,GB04031152,3522,1999.0,50.0,67216.0,19860.0,1640.0,14779.0,30664.928877395,21494.0,0.024398952630326112,47356.0,1.160749358447319,0.342,0.11696400000000001,0.450072,0,1,0.0,11.115666593409163,0.7045346346108069,21.0,35
BARRATT REDROW,Barratt Developments Plc,2020,33.3,GB00604574,4110,1957.0,21.0,6864.3,4840.3,399.7,3746.7,5049.761714251,6632.0,0.05822880701601037,2024.0,1.0305146503286569,0.33299999999999996,0.11088899999999997,0.444222,0,1,0.0,8.834089346506412,0.2948589076817738,63.0,41
BUNZL,Bunzl Plc General Industrials,2020,26.9,GB00358948,4639,1939.0,21.0,6829.4,1919.1,430.0,10113.2,8232.884720074,19853.0,0.06296307142647964,4910.299999999999,1.9245006472126396,0.26899999999999996,0.07236099999999998,0.3932779999999999,0,0,0.0,8.828992100975398,0.7189943479661463,81.0,46
CRODA,Croda International Plc,2020,26.3,GB00206132,2059,1924.0,18.0,3028.9,1595.1,201.6,1390.3,9202.652071027,5684.0,0.06655881673214697,1433.8000000000002,3.51165507974083,0.263,0.06916900000000001,0.38766199999999995,0,0,0.0,8.015954796286152,0.4733731717785335,96.0,20
SMITH NEPHEW,Smith & Nephew Plc,2020,31.7,GB00324357,3250,1936.0,29.0,8205.65804028401,3933.67860467302,333.82989484628,3397.91142968535,13242.319225639,18581.0,0.04068289139120958,4271.979435610991,2.134417322202205,0.317,0.10048900000000001,0.4330219999999999,0,1,0.0,9.012579200221088,0.5206138757718852,84.0,32
SSE,SSE PLC,2020,23.2,GBSC117119,3511,1988.0,24.0,21591.6,6681.1,2322.8,8176.1,15176.881754603,12513.0,0.1075788732655292,14910.499999999998,1.3934762479206264,0.23199999999999998,0.05382399999999999,0.356352,0,0,0.0,9.980059629146472,0.6905694807239852,32.0,35
FRESNILLO,Fresnillo Plc Mining,2020,11.5,GB06344120,2441,2006.0,21.0,4226.57111835174,2693.44391346193,278.78074906131604,1816.17918823073,8323.213143976,5816.0,0.0659590815474161,1533.1272048898095,2.331994440143135,0.115,0.013225,0.2035499999999999,0,0,0.0,8.349146332999386,0.36273545669987256,14.0,24
ASTRAZENECA,AstraZeneca Plc,2020,42.9,GB02723534,2120,1991.0,33.0,49723.5157437442,11652.749766977999,2381.51862484087,20247.379247239103,96139.854541597,76100.0,0.04789521797119691,38070.765976766204,2.6991377924689175,0.429,0.18404099999999998,0.4899180000000001,0,1,0.0,10.81423325398043,0.7656491180745993,29.0,21
BRITISH LAND,British Land Company Plc,2020,42.1,GB00621920,6831,1958.0,17.0,8875.0,5983.0,-1031.0,468.0,4678.060960056,634.0,-0.11616901408450704,2892.0,0.8529646152175775,0.42100000000000004,0.17724100000000004,0.487518,0,1,0.0,9.090993614343617,0.32585915492957745,62.0,68
SAGE,Sage Group Plc,2020,38.7,GB02231246,5829,1987.0,18.0,3715.0,1652.0,310.0,1903.0,7877.948565239,11529.0,0.08344549125168237,2063.0,2.6758946339808882,0.387,0.149769,0.47446200000000005,0,1,0.0,8.220133957151859,0.5553162853297443,33.0,58
SAINSBURY J,Sainsbury (J) Plc,2020,38.6,GB00185647,4711,1921.0,27.0,25260.0,6701.0,-201.0,29061.0,5109.676609114,117.0,-0.007957244655581949,18559.0,0.9370022410575615,0.386,0.14899600000000002,0.474008,0,1,0.0,10.136977395904482,0.7347189231987332,99.0,47
SEGRO,SEGRO Plc,2020,33.3,GB00167591,6831,1919.0,18.0,12666.5,9671.1,1426.9,431.7,11291.398945257,355.0,0.11265148225634548,2995.3999999999996,1.1279200209416176,0.33299999999999996,0.11088899999999997,0.444222,0,1,0.0,9.44671599205911,0.23648205897446017,101.0,68
BRITISH AMERICAN TOBACCO,British American Tobacco Plc Tobacco,2020,22.1,GB03407696,1200,1996.0,25.0,137690.0,62955.0,6400.0,25964.0,62128.136850043,55329.0,0.04648122594233423,74735.0,0.9939947479849154,0.221,0.048841,0.3443179999999999,0,0,0.0,11.832760060438417,0.5427772532500544,24.0,12
PERSIMMON,Persimmon Plc Goods & Home,2020,19.9,GB01818486,4120,1983.0,11.0,4623.1,3518.4,638.4,3333.7,8828.701816213,5221.0,0.13808916095260754,1104.7000000000003,2.148645241550691,0.19899999999999998,0.03960099999999999,0.3187979999999999,0,0,0.0,8.438820754729836,0.23895221820856138,37.0,41
TESCO,Tesco Plc,2020,32.2,GB00445790,4711,1946.0,24.0,45512.0,12059.0,5954.0,62793.0,17380.880300137,242911.0,0.13082264018280892,33453.0,1.1169335625799128,0.322,0.10368400000000001,0.436632,0,1,0.0,10.725731306430482,0.7350369133415363,74.0,47
ROLLS ROYCE,Rolls-Royce Holdings Plc,2020,26.4,GB07524813,3030,2010.0,43.0,29517.0,-4875.0,-3170.0,11824.0,9308.951251264,48200.0,-0.10739573804925975,34392.0,1.480534988354643,0.264,0.06969600000000001,0.38860800000000006,0,0,0.0,10.292721647533876,1.139816536841041,10.0,30
WHITBREAD,Whitbread Plc,2020,41.4,GB04120344,5510,1999.0,23.0,8798.6,3834.1,-906.5,756.3,6852.341180989,28335.0,-0.10302775441547518,4964.5,1.3430365263779465,0.414,0.171396,0.48520799999999986,0,1,0.0,9.082347896900906,0.564237492328325,21.0,55
UNITED UTILITIES,United Utilities Group Plc,2020,33.8,GB06559020,3600,1988.0,22.0,14179.1,3031.0,453.4,1808.0,6312.922578462,5354.0,0.031976641676834214,11148.1,1.231461981258472,0.33799999999999997,0.11424399999999998,0.447512,0,1,0.0,9.559524328396234,0.786234669337264,32.0,36
INFORMA,Informa Plc,2020,30.1,GB08860726,5814,2013.0,26.0,9717.8,5628.0,-1042.5,1663.9,8246.736200148,10945.0,-0.10727736730535718,4089.7999999999993,1.26947829757229,0.301,0.09060099999999999,0.4207979999999999,0,1,0.0,9.181714534387739,0.42085657247525154,7.0,58
ANGLO AMERICAN,Anglo American Plc Mining,2020,25.5,GB03564138,0710,1997.0,26.0,46597.5862596368,24415.7819967259,1556.63091592384,19232.476754425203,33048.788360923,64000.0,0.03340582722998693,22181.804262910904,1.185267243588432,0.255,0.065025,0.37995,0,0,0.0,10.749304021768724,0.47602904020213077,23.0,07
HIKMA PHARMACEUTICALS,Hikma Pharmaceuticals Plc,2020,24.1,GB05557934,2120,2004.0,21.0,3081.22012319055,1600.5951208254698,321.16224258648805,1754.84241598882,5803.963555803,8681.0,0.1042321644498187,1480.6250023650803,2.364189595978951,0.24100000000000002,0.05808100000000001,0.3658379999999999,0,0,0.0,8.03308094141638,0.48053204353083306,16.0,21
BERKELEY,Berkeley Group Holdings Plc,2020,20.4,GB05172586,4110,1904.0,14.0,5650.8,3101.6,410.1,1920.4,5258.322356809,2844.0,0.07257379486090465,2549.2000000000003,1.3816667298097616,0.204,0.04161599999999999,0.32476799999999995,0,0,0.0,8.63955240703751,0.4511219650315,116.0,41
JOHNSON MATTHEY,Johnson Matthey Plc,2020,36.6,GB00033774,2059,1891.0,16.0,7744.0,2685.0,205.0,15673.0,5831.16208348,13640.0,0.026472107438016527,5059.0,1.4062709302014462,0.366,0.133956,0.46408799999999995,0,1,0.0,8.954673628956414,0.653279958677686,129.0,20
JD SPORTS FASHION,JD Sports Fashion Plc General Retailers,2020,32.4,GB01888425,4764,1984.0,15.0,5161.9,1496.4,224.3,6195.6,7270.051501008,60487.0,0.043452992115306385,3665.4999999999995,2.1185128539894227,0.324,0.104976,0.4380480000000001,0,1,0.0,8.549060007754608,0.7101067436409074,36.0,47
ENTAIN,Entain Plc,2020,33.3,GBIM004685V,9329,2009.0,9.0,7269.7,3081.5,57.8,3575.4,6631.886889064,23573.0,0.007950809524464558,4188.2,1.488381486039864,0.33299999999999996,0.11088899999999997,0.444222,0,1,0.0,8.891470304201569,0.5761173088298004,11.0,93
MELROSE INDUSTRIES,Melrose Industries Plc General Industrials,2020,33.3,GB09800044,3030,2014.0,20.0,16680.0,7110.0,-533.0,8914.0,8650.123850023,51785.0,-0.03195443645083933,9570.0,1.09233356415006,0.33299999999999996,0.11088899999999997,0.444222,0,1,0.0,9.721965675912738,0.5737410071942446,6.0,30
BAE SYSTEMS,BAE Systems Plc Aerospace & Defense,2020,25.6,GB01470151,3030,1979.0,22.0,27530.0,4921.0,1299.0,19494.0,15731.756728392,81000.0,0.04718488921176898,22609.0,1.3926900373553215,0.256,0.065536,0.38092799999999993,0,0,0.0,10.223031598136654,0.8212495459498729,41.0,30
MONDI,Mondi Plc General Industrials,2020,28.6,GB06209386,1729,2006.0,17.0,7650.62101027776,4006.81501936622,532.169406953706,6092.516767238049,8349.096930535,25700.0,0.06955898171387596,3643.8059909115404,1.5675724761866268,0.28600000000000003,0.08179600000000002,0.4084080000000001,0,0,0.0,8.942542101339928,0.476275845583841,14.0,17
ASSOCIATED BRITISH FOODS,Associated British Foods Plc Food Producers,2020,23.2,GB00293262,1089,1933.0,11.0,16669.0,9439.0,455.0,13964.0,15346.604218655,133425.0,0.0272961785350051,7230.0,1.3544066361902334,0.23199999999999998,0.05382399999999999,0.356352,0,0,0.0,9.721305985943088,0.4337392765012898,87.0,10
GLENCORE,Glencore Plc Mining,2020,10.6,GBJE107710,2399,1904.0,22.0,87928.4098032613,25634.857237727098,-1418.03189708141,106064.016903192,31045.647203966,87822.0,-0.01612711864406781,62293.5525655342,1.0615363109414293,0.106,0.011236,0.18952799999999992,0,0,0.0,11.384278237406392,0.7084576271186438,116.0,23
IMPERIAL BRANDS,Imperial Brands Plc Tobacco,2020,16.3,GB03236483,1200,1995.0,21.0,32310.0,5518.0,1495.0,32562.0,12942.130961688,32500.0,0.046270504487774686,26792.0,1.2297781170438875,0.163,0.026569000000000002,0.27286200000000005,0,0,0.0,10.383132058818545,0.8292169606932838,25.0,12
ANTOFAGASTA,Antofagasta Plc Mining,2020,14.3,GB01627889,0729,1981.0,30.0,12372.7940245448,7511.99230565811,377.347006138742,3842.24796159793,14201.265428223,5819.0,0.03049812397993304,4860.801718886691,1.5406436985287961,0.14300000000000002,0.020449000000000005,0.24510199999999993,0,0,0.0,9.42325531090373,0.39286208994055577,39.0,07
OCADO,Ocado Group Plc Food & Drug Retailers,2020,24.3,GB07098618,4778,2009.0,19.0,4004.8,1833.1,-134.3,2523.3,16511.570493214,17121.0,-0.03353475829005194,2171.7000000000003,4.665219360071414,0.243,0.059049,0.36790199999999995,0,0,0.0,8.29524892067751,0.5422742708749501,11.0,47
BURBERRY,Burberry Group Plc,2019,50.0,GB03458224,4771,1996.0,29.0,3292.2,1218.8,121.7,2633.1,5360.31302969,9892.0,0.03696616244456594,2073.3999999999996,2.2579773493985784,0.5,0.25,0.5,0,1,0.0,8.099311313292985,0.6297916286981349,23.0,47
UNILEVER,Unilever Plc,2019,38.0,GB00041424,2042,1894.0,22.0,55483.7867885784,11888.5267312625,343.316953711384,44530.1780459763,50824.892491556,149867.0,0.006187698669876249,43595.2600573159,1.7017611452632275,0.38,0.1444,0.47119999999999995,0,1,0.0,10.92384612712074,0.785729716384286,125.0,20
NEXT,Next Plc,2019,44.0,GB04412362,4791,2001.0,16.0,3673.3,441.5,610.2,4266.2,9182.136577851,44414.0,0.1661176598698718,3231.8,3.3795052344896956,0.44,0.1936,0.4927999999999999,0,1,0.0,8.20884571958746,0.8798083467182098,18.0,47
NEXT,Next Plc,2019,44.0,GB01579589,7320,1980.0,13.0,324.025,112.711,2.262,300.711,437.956393927,2118.0,0.006980942828485457,211.31399999999996,2.0037663573088498,0.44,0.1936,0.4927999999999999,0,1,0.0,6.268012441050478,0.6521533832266028,39.0,73
JD SPORTS FASHION,JD Sports Fashion Plc,2019,29.0,GB01888425,4764,1984.0,15.0,4345.9,1289.2,246.1,6121.7,7998.029465674,56250.0,0.0566280862422053,3056.7,2.5437146426917328,0.29,0.0841,0.41180000000000005,0,0,0.0,8.37698815088759,0.7033525851952415,35.0,47
KINGFISHER,Kingfisher Plc,2019,44.0,GB01664812,4719,1981.0,23.0,11913.0,5802.0,8.0,11549.0,4304.659623745,78000.0,0.0006715352975740788,6111.0,0.8743103856077394,0.44,0.1936,0.4927999999999999,0,1,0.0,9.38538551979936,0.5129690254343994,38.0,47
ASTRAZENECA,Astrazeneca Plc,2019,33.0,GB02723534,2120,1991.0,33.0,46775.902090939,11123.7282193549,1017.41416640441,18911.709767285,99814.335433887,70600.0,0.021750818710591882,35652.173871584106,2.896074757513066,0.33,0.10890000000000001,0.44220000000000004,0,1,0.0,10.753123436705954,0.7621910487641951,28.0,21
GSK,GlaxoSmithKline Plc,2019,45.0,GB03888792,2120,1999.0,30.0,79692.0,18357.0,4645.0,34125.0,88764.922407102,99437.0,0.05828690458264318,61335.0,1.8835005070408826,0.45,0.2025,0.4949999999999999,0,1,0.0,11.285924483328714,0.769650655021834,20.0,21
HIKMA PHARMACEUTICALS,Hikma Pharmaceuticals Plc,2019,27.0,GB05557934,2120,2004.0,21.0,2995.08439997703,1622.52791031835,370.38448305059495,1714.74297708609,4824.574717365,8578.0,0.12366412213740471,1372.55648965868,2.069100692812265,0.27,0.0729,0.3942000000000001,0,0,0.0,8.004727690445325,0.4582697201017796,15.0,21
SAINSBURY J,Sainsburys Supermarkets Ltd,2019,30.0,GB00185647,4711,1921.0,27.0,27937.0,7773.0,152.0,29086.0,4671.659963963,112.0,0.005440813258402835,20164.0,0.8889880790336472,0.3,0.09,0.42000000000000004,0,1,0.0,10.237707254104047,0.7217668325160181,98.0,47
OCADO,Ocado Group Plc,2019,25.0,GB07098618,4778,2009.0,19.0,2293.2,1057.3,-213.1,1864.3,9397.33395075,15144.0,-0.09292691435548579,1235.8999999999999,4.636854156091925,0.25,0.0625,0.375,0,0,0.0,7.737703501034227,0.5389412175126461,10.0,47
TESCO,Tesco Plc,2019,31.0,GB00445790,4711,1946.0,24.0,53147.0,13369.0,971.0,64760.0,22378.133979024,243028.0,0.01827008109582855,39778.0,1.169513499896965,0.31,0.0961,0.42780000000000007,0,1,0.0,10.88081693815073,0.7484524055920372,73.0,47
ITV,ITV Plc,2019,40.0,GB04967001,6020,2002.0,20.0,3568.0,878.0,473.0,3308.0,6078.367844551,6416.0,0.13256726457399104,2690.0,2.4575021985849217,0.4,0.16000000000000003,0.48,0,1,0.0,8.1797604936999,0.7539237668161435,17.0,60
PEARSON,Pearson Plc,2019,33.0,GB00053723,5811,1897.0,27.0,7650.0,4323.0,264.0,3939.0,4981.970088226,22734.0,0.034509803921568626,3327.0,1.0861398808138563,0.33,0.10890000000000001,0.44220000000000004,0,1,0.0,8.942460926820582,0.4349019607843137,122.0,58
AUTO TRADER,Auto Trader Group Plc,2019,43.0,GB09439967,4511,2014.0,29.0,508.9,141.6,205.1,368.9,4032.911906654,849.0,0.3728120567375876,367.29999999999995,8.646515831507173,0.43,0.18489999999999998,0.49019999999999997,0,1,0.0,6.268012441050478,0.7217528001572018,5.0,45
WPP NEW,WPP Plc,2019,42.0,GBJE111714,7311,1904.0,49.0,39605.4,8415.8,856.3,15621.6,13409.95853723,106786.0,0.021620789084316784,31189.600000000002,1.1260979194056873,0.42,0.17639999999999997,0.48719999999999997,0,1,0.0,10.58672075158226,0.7875087740560631,115.0,73
INFORMA,Informa Plc,2019,30.0,GB08860726,5814,2013.0,26.0,10722.5,5838.0,225.5,2890.3,10727.913054361,11238.0,0.021030543250174866,4884.5,1.4560422526799721,0.3,0.09,0.42000000000000004,0,1,0.0,9.280099616391036,0.45553742131032876,6.0,58
RELX,Relx Plc,2019,30.0,GB00077536,6311,1902.0,20.0,13789.0,2190.0,1505.0,7874.0,36936.96002394,33200.0,0.10914497062876205,11599.0,3.519904273256944,0.3,0.09,0.42000000000000004,0,1,0.0,9.531626451841742,0.8411777503807383,117.0,63
LAND SECURITIES,Land Securities Group Plc,2019,40.0,GB04369054,9499,1904.0,23.0,14360.0,8750.0,-832.0,741.0,4128.526467315,568.0,-0.057938718662952644,5610.0,0.7634976344696593,0.4,0.16000000000000003,0.48,0,1,0.0,9.572201842602215,0.3906685236768802,115.0,94
BRITISH LAND,British Land Co Plc,2019,30.0,GB00621920,6831,1958.0,17.0,11245.0,7147.0,-1027.0,613.0,3115.470976755,672.0,-0.09132947976878612,4098.0,0.7634976344696593,0.3,0.09,0.42000000000000004,0,1,0.0,9.327678864393416,0.3644286349488662,61.0,68
SEGRO,Segro Plc,2019,30.0,GB00167591,6831,1919.0,18.0,10082.7,7677.6,857.9,432.5,9839.102886968,332.0,0.0850863360012695,2405.1000000000004,1.2143773877005166,0.3,0.09,0.42000000000000004,0,1,0.0,9.218576362900897,0.23853729655746975,100.0,68
SEVERN TRENT,Severn Trent Plc,2019,38.0,GB02366619,3600,1988.0,17.0,10801.7,1243.7,158.8,1868.8,5425.341123256,6796.0,0.014701389596082099,9558.0,1.387128056070433,0.38,0.1444,0.47119999999999995,0,1,0.0,9.287458808132472,0.8848607163687197,31.0,36
UNITED UTILITIES,United Utilities Group Plc,2019,30.0,GB06559020,3600,1988.0,22.0,14044.1,2962.1,106.8,1862.7,6156.088554466,5302.0,0.007604616885382474,11082.0,1.2274256488109596,0.3,0.09,0.42000000000000004,0,1,0.0,9.54995765774147,0.7890858082753611,31.0,36
CENTRICA,Centrica Plc,2019,17.0,GB03033654,3522,1904.0,19.0,18154.0,1795.0,-1023.0,22674.0,5196.684264596,29147.0,-0.05635121736256472,16359.0,1.1873793249199074,0.17,0.028900000000000006,0.2822,0,0,0.0,9.806646201086572,0.9011237192905145,115.0,35
NATIONAL GRID,National Grid Plc,2019,25.0,GB04031152,3522,1999.0,50.0,67089.0,19584.0,1264.0,14540.0,33209.615934267,23069.0,0.0188406445169849,47505.0,1.2030976156190583,0.25,0.0625,0.375,0,0,0.0,11.113775375094827,0.7080892545722846,20.0,35
SSE,SSE Plc,2019,30.0,GBSC117119,3511,1988.0,24.0,21031.7,4920.1,-12.5,9585.2,13564.082371749,11676.0,-0.0005943409234631532,16111.6,1.4109977972179615,0.3,0.09,0.42000000000000004,0,1,0.0,9.953786102329287,0.7660626577975151,31.0,35
WHITBREAD,Whitbread Plc,2019,40.0,GB04120344,5510,1999.0,23.0,7825.5,3748.8,217.9,2092.6,5232.264112955,35455.0,0.027844866142738484,4076.7,1.1895679653638744,0.4,0.16000000000000003,0.48,0,1,0.0,8.965142911130558,0.5209507379720145,20.0,55
INTERCONTINENTAL HOTELS,Intercontinental Hotels Group Plc,2019,36.0,GB05134420,5510,2003.0,21.0,3196.28090928847,-1116.4882050805002,294.173684068991,3542.27793666495,9480.294232753,14436.0,0.09203624225083444,4312.76911436897,4.31534766141455,0.36,0.1296,0.4608,0,1,0.0,8.069743197043884,1.139816536841041,16.0,55
DIAGEO,Diageo Plc,2019,44.0,GB00023307,1101,1886.0,23.0,31296.0,10156.0,3160.0,12867.0,80268.643639939,28150.0,0.10097137014314929,21140.0,3.240306864773102,0.44,0.1936,0.4927999999999999,0,1,0.0,10.351245572834545,0.6754856850715747,133.0,11
ST JAMES S PLACE,St James's Place Plc,2019,25.0,GB03183415,7010,1995.0,25.0,117292.0,947.2,187.1,15.8,6227.753534582,2575.0,0.0015951642055724174,116344.8,1.045020577145773,0.25,0.0625,0.375,0,0,0.0,11.67242183112224,0.991924427923473,24.0,70
VODAFONE,Vodafone Group Plc,2019,42.0,GB01833679,6190,1983.0,28.0,149059.41840394,55509.0509344628,-815.462305145003,43658.256347736,30252.54580706,95219.0,-0.0054707197564340445,93550.3674694772,0.8305608233425442,0.42,0.17639999999999997,0.48719999999999997,0,1,0.0,11.91210028666999,0.6276045383188241,36.0,61
ASSOCIATED BRITISH FOODS,Associated British Foods Plc,2019,25.0,GB00293262,1089,1933.0,11.0,13760.0,9550.0,878.0,15842.0,18548.92634929,138097.0,0.06380813953488372,4210.0,1.6539917405007267,0.25,0.0625,0.375,0,0,0.0,9.529521111487334,0.3059593023255814,86.0,10
RENTOKIL INITIAL,Rentokil Initial Plc,2019,43.0,GB05393279,3900,2004.0,26.0,3394.4,1002.3,283.8,2714.4,8377.478719455,43000.0,0.08360829601696913,2392.1000000000004,3.1727488567802853,0.43,0.18489999999999998,0.49019999999999997,0,1,0.0,8.129882293888116,0.7047195380626916,15.0,39
EXPERIAN,Experian Plc,2019,33.0,GBJE93905,7490,1904.0,20.0,7199.54897028915,1845.3951231857,546.094567360959,4189.96113238875,20445.721715862,17088.0,0.07585121923811661,5354.15384710345,3.5835405341967235,0.33,0.10890000000000001,0.44220000000000004,0,1,0.0,8.881773660026596,0.7436790650634904,115.0,74
BUNZL,Bunzl Plc,2019,25.0,GB00358948,4639,1939.0,21.0,5920.0,1744.3,349.2,9329.3,6954.767206074,19000.0,0.05898648648648649,4175.7,1.8801464875125,0.25,0.0625,0.375,0,0,0.0,8.68609172787805,0.7053547297297297,80.0,46
INTERTEK,Intertek Group Plc,2019,30.0,GB04267576,7120,2000.0,31.0,2818.4,985.3,313.1,2987.0,9444.72586592,45653.0,0.11109139937553222,1833.1000000000001,4.001499384728924,0.3,0.09,0.42000000000000004,0,1,0.0,7.943924627027028,0.650404484814079,19.0,71
MONDI,Mondi Plc,2019,25.0,GB06209386,1729,2006.0,17.0,7311.53811644693,3754.2265387142597,695.195427465446,6222.512767018299,8606.441356688,25900.0,0.09508196721311478,3557.3115777326702,1.6636380390411878,0.25,0.0625,0.375,0,0,0.0,8.897208943256826,0.4865339578454334,13.0,17
MELROSE INDUSTRIES,Melrose Industries Plc,2019,30.0,GB09800044,3030,2014.0,20.0,18240.0,7551.0,-51.0,11390.0,11664.67089638,55621.0,-0.0027960526315789474,10689.0,1.2255302026524122,0.3,0.09,0.42000000000000004,0,1,0.0,9.811372263628323,0.5860197368421053,5.0,30
LONDON STOCK EXCHANGE,London Stock Exchange Group Plc,2019,31.0,GB05369106,8411,1904.0,22.0,803651.0,3801.0,417.0,2314.0,27105.05956,4698.0,0.0005188819524893268,799850.0,1.0289977360321831,0.31,0.0961,0.42780000000000007,0,1,0.0,12.639734497244369,0.9952703350086045,115.0,84
SMITHS,Smiths Group Plc,2019,20.0,GB00137013,2651,1913.0,22.0,5318.0,2381.0,225.0,3372.0,6501.610374229,23062.0,0.04230913877397518,2937.0,1.7748421162521624,0.2,0.04000000000000001,0.31999999999999984,0,0,0.0,8.578852571802965,0.552275291462956,106.0,26
SAGE,Sage Group Plc,2019,30.0,GB02231246,5829,1987.0,18.0,3354.0,1504.0,266.0,1936.0,7529.721695752,12550.0,0.07930828861061419,1850.0,2.79657772681932,0.3,0.09,0.42000000000000004,0,1,0.0,8.117908942383155,0.5515802027429935,32.0,58
RIO TINTO,Rio Tinto Plc,2019,11.0,GB00719885,0710,1961.0,23.0,66914.6057218278,34479.2896752572,6104.48499842647,33493.1219364353,56284.061514434,46007.0,0.09122799025079159,32435.316046570602,1.3258596774794116,0.11,0.0121,0.19579999999999997,0,0,0.0,11.111172543989067,0.48472699938498,58.0,07
ANGLO AMERICAN,Anglo American Plc,2019,20.0,GB03564138,0710,1997.0,26.0,42793.8878441502,23918.759260376402,2703.19703987749,22998.8949166684,29797.45623019,63000.0,0.06316783017523867,18875.1285837738,1.137372350725016,0.2,0.04000000000000001,0.31999999999999984,0,0,0.0,10.664150563992274,0.4410706653369419,22.0,07
ANTOFAGASTA,Antofagasta Plc,2019,20.0,GB01627889,0729,1981.0,30.0,11134.7025744083,7164.5772122605795,382.12094609376203,3807.2628847239903,9038.334397883,5719.0,0.034318020040518954,3970.125362147721,1.1682808474767,0.2,0.04000000000000001,0.31999999999999984,0,0,0.0,9.317821868459854,0.35655423533921327,38.0,07
GLENCORE,Glencore Plc,2019,25.0,GBJE107710,2399,1904.0,22.0,94559.3109444148,29902.0690884221,-307.89162788568,164185.496894008,31358.771267989,89092.0,-0.0032560688610206692,64657.2418559927,1.0154051691474697,0.25,0.0625,0.375,0,0,0.0,11.456982545646527,0.6837744608143396,115.0,23
FRESNILLO,Fresnillo Plc,2019,25.0,GB06344120,2441,2006.0,21.0,3681.85801499976,2498.73794626165,155.467743598502,1617.9171569799598,4717.592720235,5683.0,0.04222535007192887,1183.1200687381101,1.6026453939651704,0.25,0.0625,0.375,0,0,0.0,8.21117279912656,0.3213377767198302,13.0,24
SMITH NEPHEW,Smith Nephew Plc,2019,30.0,GB00324357,3250,1936.0,29.0,7086.84219729935,3917.99717564426,457.26479388962304,3915.71085167481,16035.669834101,18030.0,0.06452306699645115,3168.84502165509,2.709883234464362,0.3,0.09,0.42000000000000004,0,1,0.0,8.865995132060217,0.4471448542854068,83.0,32
BAE SYSTEMS,BAE Systems Plc,2019,38.0,GB01470151,3030,1979.0,22.0,25630.0,5511.0,1476.0,18433.0,18104.902112717,79000.0,0.05758876316816231,20119.0,1.4913734729893484,0.38,0.1444,0.47119999999999995,0,1,0.0,10.151518819358117,0.7849785407725322,40.0,30
ROLLS ROYCE,Rolls-Royce Holdings Plc,2019,31.0,GB07524813,3030,2010.0,43.0,32266.0,-3354.0,-1315.0,16587.0,13192.560471949,51700.0,-0.04075497427632802,35620.0,1.5128172215939069,0.31,0.0961,0.42780000000000007,0,1,0.0,10.38176932322609,1.103948428686543,9.0,30
JOHNSON MATTHEY,Johnson Matthey Plc,2019,30.0,GB00033774,2059,1891.0,16.0,7361.0,2824.0,255.0,14577.0,3479.730982807,14152.0,0.03464203233256351,4537.0,1.0890817800308383,0.3,0.09,0.42000000000000004,0,1,0.0,8.903951072058707,0.6163564733052574,128.0,20
CRODA,Croda International Plc,2019,38.0,GB00206132,2059,1924.0,18.0,1891.0,868.6,223.9,1377.7,6599.100411934,4580.0,0.11840296139608673,1022.4,4.030407409801163,0.38,0.1444,0.47119999999999995,0,1,0.0,7.544861068658458,0.5406663141195135,95.0,20
HALMA,Halma Plc,2019,40.0,GB00040932,2611,1894.0,22.0,1937.8,1136.9,184.4,1338.4,7292.986480144,6992.0,0.095159459180514,800.8999999999999,4.176843059213541,0.4,0.16000000000000003,0.48,0,1,0.0,7.5693085879509034,0.41330374651666835,125.0,26
BARRATT REDROW,Barratt Developments Plc,2019,38.0,GB00604574,4110,1957.0,21.0,7187.5,4869.0,740.0,4763.1,5823.260875114,6419.0,0.10295652173913043,2318.5,1.1327667304506435,0.38,0.1444,0.47119999999999995,0,1,0.0,8.880098685105606,0.32257391304347827,62.0,41
TAYLOR WIMPEY,Taylor Wimpey Plc,2019,40.0,GB00296805,4120,1934.0,17.0,5176.2,3307.8,673.9,4370.0,6343.266786622,6122.0,0.1301920327653491,1868.3999999999996,1.5864276470426182,0.4,0.16000000000000003,0.48,0,1,0.0,8.551826475310587,0.36095977744291174,85.0,41
BERKELEY,Berkeley Group Holdings Plc,2019,25.0,GB05172586,4110,1904.0,14.0,4937.9,2963.3,627.4,2957.4,4845.813167666,2664.0,0.12705806111909923,1974.5999999999995,1.3812376045821098,0.25,0.0625,0.375,0,0,0.0,8.504695418586257,0.39988659146600775,115.0,41
PERSIMMON,Persimmon Plc,2019,38.0,GB01818486,4120,1983.0,11.0,4489.3,3258.3,848.8,3658.2,8594.419519053,5285.0,0.1890717929298554,1231.0,2.188630637082173,0.38,0.1444,0.47119999999999995,0,1,0.0,8.409452066577865,0.2742075601986947,36.0,41
RECKITT BENCKISER,Reckitt Benckiser Group Plc,2019,36.0,GB06270876,7010,2006.0,35.0,32139.0,9407.0,-3683.0,12846.0,43500.357890645,42400.0,-0.1145959737390709,22732.0,2.060809542631849,0.36,0.1296,0.4608,0,1,0.0,10.377825524930667,0.7073026540962694,13.0,70
SPIRAX,Spirax-Sarco Engineering Plc,2019,30.0,GB00596337,2813,1957.0,21.0,1694.3,826.3,166.6,1242.4,6544.124247823,8061.0,0.09832969367880541,868.0,4.3747413373210176,0.3,0.09,0.42000000000000004,0,1,0.0,7.43502495516406,0.512305967066045,62.0,28
BRITISH AMERICAN TOBACCO,British American Tobacco Plc,2019,27.0,GB03407696,1200,1996.0,25.0,141005.0,64160.0,5704.0,26040.0,74126.572257462,59989.0,0.04045246622460196,76845.0,1.070682403159193,0.27,0.0729,0.3942000000000001,0,0,0.0,11.856550629724486,0.5449806744441686,23.0,12
IMPERIAL BRANDS,Imperial Brands Plc,2019,40.0,GB03236483,1200,1995.0,21.0,33074.0,5584.0,1010.0,31594.0,17395.443433729,32700.0,0.030537582391001995,27490.0,1.3571217099150088,0.4,0.16000000000000003,0.48,0,1,0.0,10.406502754210141,0.8311664751768761,24.0,12
