Company,BvdID,NACE,IncorpSerial,NumDirectors,Year,TotalAssets,ShareholdersFunds,NetIncome,Revenue,MarketCap,Employees,TotalAssets_m,MarketCap_m,ShareFunds_m,NetIncome_m,Revenue_m,IncorpYear,CompanyKey
SHELL PLC,GB04366849,0610,37292,23,2025,275240.790680911,130295504.742505,13256298.0515065,198742653.60418,157561.512190589,85000.0,275240.790680911,157561.512190589,130295.504742505,13256.298051506501,198742.65360418,2001.0,SHELL
GLENCORE PLC,GBJE107710,2399,2011,22,2025,105681.018479911,24975677.0936215,269778.336754883,184109222.610506,47744.235671579,,105681.018479911,47744.235671579,24975.6770936215,269.778336754883,184109.222610506,1904.0,GLENCORE
BP P.L.C.,GB00102498,1920,3395,34,2025,206998.019347081,54996134.7654582,40875.5055689216,140917933.853352,67663.792006979,93700.0,206998.019347081,67663.792006979,54996.1347654582,40.875505568921604,140917.933853352,1908.0,BP
TESCO PLC,GB00445790,4711,17498,24,2025,39474.0,11457000.0,1787000.0,73712000.0,30687.190003386,342303.0,39474.0,30687.190003386,11457.0,1787.0,73712.0,1946.0,TESCO
HSBC HOLDINGS PLC,GB00617987,6420,21551,33,2025,2402761.8049366,152849122.333415,17190751.2602677,53905873.5532835,201602.980438338,209000.0,2402761.8049366,201602.980438338,152849.122333415,17190.7512602677,53905.8735532835,1958.0,HSBC
UNILEVER PLC,GB00041424,2042,21/06/1894,22,2025,61538.7461015419,15357834.1117313,8268796.90703269,50817865.3720414,105970.649491301,96092.0,61538.7461015419,105970.649491301,15357.8341117313,8268.79690703269,50817.8653720414,1894.0,UNILEVER
ASTRAZENECA PLC,GB02723534,2120,33772,33,2025,84778.7713139848,36207522.8329508,7599128.0807677,43922588.7113321,213870.193667309,96100.0,84778.7713139848,213870.193667309,36207.5228329508,7599.1280807677,43922.5887113321,1991.0,ASTRAZENECA
RIO TINTO PLC,GB00719885,0710,22735,23,2025,95204.2548070909,49811634.2772982,7406641.6090886,43549506.8241394,75285.256496292,56890.0,95204.2548070909,75285.256496292,49811.634277298195,7406.6416090886,43549.506824139404,1961.0,RIO TINTO
VODAFONE GROUP PLC,GB01833679,6190,30880,28,2025,113179.401088107,47360628.551509,-345850.630643779,35248016.0364684,26157.321487745,91128.0,113179.401088107,26157.321487745,47360.628551509,-345.850630643779,35248.0160364684,1983.0,VODAFONE
COMPASS GROUP PLC,GB04083914,5610,36798,19,2025,19880.9284688436,5774883.20861788,1390139.41155905,34284648.1212662,,591767.0,19880.9284688436,,5774.88320861788,1390.13941155905,34284.648121266204,1999.0,COMPASS
GSK PLC,GB03888792,2120,36500,30,2025,61118.0,15956000.0,573000.0,34061000.0,74356.142342798,66841.0,61118.0,74356.142342798,15956.0,573.0,34061.0,1999.0,GSK
SAINSBURY (J) PLC,GB00185647,4711,8350,27,2025,18943.0,6150000.0,393000.0,33845000.0,7900.275291198,91.0,18943.0,7900.275291198,6150.0,393.0,33845.0,1921.0,SAINSBURY J
IMPERIAL BRANDS PLC,GB03236483,1200,35283,21,2025,28715.0,5432000.0,2071000.0,32171000.0,25494.581245248,25100.0,28715.0,25494.581245248,5432.0,2071.0,32171.0,1995.0,IMPERIAL BRANDS
BARCLAYS PLC,GB00048839,6420,20/07/1896,36,2025,1544165.0,78236000.0,7213000.0,29206000.0,65989.365841321,93000.0,1544165.0,65989.365841321,78236.0,7213.0,29206.0,1896.0,BARCLAYS
BAE SYSTEMS PLC,GB01470151,3030,29220,22,2025,37679.0,11937000.0,2062000.0,28494000.0,51437.411842705,104000.0,37679.0,51437.411842705,11937.0,2062.0,28494.0,1979.0,BAE SYSTEMS
BRITISH AMERICAN TOBACCO PLC,GB03407696,1200,35634,25,2025,109290.0,48145000.0,7764000.0,25802000.0,91842.702188619,47797.0,109290.0,91842.702188619,48145.0,7764.0,25802.0,1996.0,BRITISH AMERICAN TOBACCO
AVIVA PLC,GB02468686,6511,2000,46,2025,395304.0,10686000.0,1054000.0,25437000.0,20927.116827145,,395304.0,20927.116827145,10686.0,1054.0,25437.0,1904.0,AVIVA
ROLLS-ROYCE HOLDINGS PLC,GB07524813,3030,40584,43,2025,38115.0,2753000.0,5841000.0,21207000.0,97103.798348,43162.0,38115.0,97103.798348,2753.0,5841.0,21207.0,2010.0,ROLLS ROYCE
BT GROUP PLC,GB04190816,6190,36980,29,2025,49976.0,12564000.0,1077000.0,19958000.0,20981.882108048,77200.0,49976.0,20981.882108048,12564.0,1077.0,19958.0,2000.0,BT
CENTRICA PLC,GB03033654,3522,1995,19,2025,15415.0,3496000.0,-72000.0,19492000.0,7817.251962624,22066.0,15415.0,7817.251962624,3496.0,-72.0,19492.0,1904.0,CENTRICA
ASSOCIATED BRITISH FOODS PLC,GB00293262,1089,12712,11,2025,19291.0,11186000.0,1025000.0,19459000.0,14106.097444619,138155.0,19291.0,14106.097444619,11186.0,1025.0,19459.0,1933.0,ASSOCIATED BRITISH FOODS
LLOYDS BANKING GROUP PLC,GBSC095000,6420,31341,29,2025,944072.0,47867000.0,4757000.0,19422000.0,57896.658974292,64038.0,944072.0,57896.658974292,47867.0,4757.0,19422.0,1984.0,LLOYDS BANKING
NATIONAL GRID PLC,GB04031152,3522,36718,50,2025,108281.0,39330000.0,3241000.0,17687000.0,63137.652114471,33026.0,108281.0,63137.652114471,39330.0,3241.0,17687.0,1999.0,NATIONAL GRID
MARKS AND SPENCER GROUP PLC,GB04256886,4719,37095,21,2025,10114.8,3222900.0,259400.0,17374500.0,7003.285000912,64442.0,10114.8,7003.285000912,3222.9,259.4,17374.5,2000.0,MARKS AND SPENCER
ANGLO AMERICAN PLC,GB03564138,0710,35929,26,2025,41614.2374332036,17923537.596467,-2780277.56969701,16768618.7663923,36342.851340591,43000.0,41614.2374332036,36342.851340591,17923.537596467,-2780.2775696970098,16768.6187663923,1997.0,ANGLO AMERICAN
NATWEST GROUP PLC,GBSC045551,6420,24922,35,2025,714553.0,42613000.0,5834000.0,16677000.0,52174.281135388,59000.0,714553.0,52174.281135388,42613.0,5834.0,16677.0,1967.0,NATWEST
STANDARD CHARTERED PLC,GB00966425,6420,25525,30,2025,683702.285921042,40567824.4906392,3788044.57972352,15609983.981266,41231.919191599,81892.0,683702.285921042,41231.919191599,40567.8244906392,3788.04457972352,15609.983981266,1968.0,STANDARD CHARTERED
DIAGEO PLC,GB00023307,1101,21/10/1886,23,2025,35994.9011883697,9617225.73821694,1717935.14856296,14774680.1540599,40678.96735225,29632.0,35994.9011883697,40678.96735225,9617.225738216941,1717.9351485629602,14774.6801540599,1886.0,DIAGEO
RECKITT BENCKISER GROUP PLC,GB06270876,7010,39239,35,2025,25068.0,7781000.0,3182000.0,14205000.0,40356.246409405,36200.0,25068.0,40356.246409405,7781.0,3182.0,14205.0,2006.0,RECKITT BENCKISER
NATIONAL WESTMINSTER BANK PLC - NATWEST,GB00929027,6419,25569,17,2025,449539.0,24129000.0,4198000.0,13613000.0,,54200.0,449539.0,,24129.0,4198.0,13613.0,1969.0,NATIONAL WESTMINSTER BANK NATWEST
WPP PLC (NEW),GBJE111714,7311,2005,49,2025,24075.0,2772000.0,-215000.0,13550000.0,3640.95795825,98655.0,24075.0,3640.95795825,2772.0,-215.0,13550.0,1904.0,WPP NEW
KINGFISHER PLC,GB01664812,4719,30210,23,2025,11398.0,6158000.0,245000.0,12971000.0,5770.507631625,69720.0,11398.0,5770.507631625,6158.0,245.0,12971.0,1981.0,KINGFISHER
JD SPORTS FASHION PLC,GB01888425,4764,31099,15,2025,9791.0,3440000.0,436000.0,12694000.0,4045.111961349,96084.0,9791.0,4045.111961349,3440.0,436.0,12694.0,1984.0,JD SPORTS FASHION
JOHNSON MATTHEY PLC,GB00033774,2059,04/11/1891,16,2025,5974.0,2016000.0,-96000.0,13128000.0,3188.017500045,10037.0,5974.0,3188.017500045,2016.0,-96.0,13128.0,1891.0,JOHNSON MATTHEY
BUNZL PLC,GB00358948,4639,14632,21,2025,8572.2,2792800.0,459200.0,11845400.0,6730.629340246,26777.0,8572.2,6730.629340246,2792.8,459.2,11845.4,1939.0,BUNZL
HALEON PLC,GB13691224,2120,44489,29,2025,32630.0,16484000.0,1667000.0,11044000.0,33381.965959084,24384.0,32630.0,33381.965959084,16484.0,1667.0,11044.0,2020.0,HALEON
EASYJET PLC,GB03959649,5110,36609,21,2025,11507.0,3498000.0,494000.0,10141000.0,3517.166414795,18968.0,11507.0,3517.166414795,3498.0,494.0,10141.0,1999.0,EASYJET
SSE PLC,GBSC117119,3511,32599,24,2025,35353.6,16401300.0,1208700.0,10223800.0,31456.07374132,15197.0,35353.6,31456.07374132,16401.3,1208.7,10223.8,1988.0,SSE
RELX PLC,GB00077536,6311,1244,20,2025,14757.0,2390000.0,2078000.0,9590000.0,55083.000716556,37600.0,14757.0,55083.000716556,2390.0,2078.0,9590.0,1902.0,RELX
BALFOUR BEATTY PLC,GB00395826,4299,16588,21,2025,6093.0,1152000.0,263000.0,9489000.0,3504.153498042,26000.0,6093.0,3504.153498042,1152.0,263.0,9489.0,1944.0,BALFOUR BEATTY
LONDON STOCK EXCHANGE GROUP PLC,GB05369106,8411,2005,22,2025,796704.0,22168000.0,1249000.0,9375000.0,45691.729160594,28516.0,796704.0,45691.729160594,22168.0,1249.0,9375.0,1904.0,LONDON STOCK EXCHANGE
QUILTER PLC,GB06404270,6420,39374,19,2025,76542.0,1466000.0,120000.0,9364000.0,,3147.0,76542.0,,1466.0,120.0,9364.0,2006.0,QUILTER
CURRYS PLC,GB07105905,6190,40162,19,2025,5423.0,2243000.0,108000.0,8706000.0,1301.25186151,24457.0,5423.0,1301.25186151,2243.0,108.0,8706.0,2009.0,CURRYS
LEGAL & GENERAL GROUP PLC,GB01417162,6511,1836,31,2025,582268.0,2283000.0,616000.0,9222000.0,14921.345475231,,582268.0,14921.345475231,2283.0,616.0,9222.0,1904.0,LEGAL GENERAL
COMPUTACENTER PLC,GB03110569,6209,34974,26,2025,4063.9,897900.0,153700.0,9193900.0,3112.947097242,20217.0,4063.9,3112.947097242,897.9,153.7,9193.9,1994.0,COMPUTACENTER
INCHCAPE PLC,GB00609782,4511,21412,19,2025,5849.0,1340000.0,272000.0,9123000.0,2774.773615687,16209.0,5849.0,2774.773615687,1340.0,272.0,9123.0,1957.0,INCHCAPE
PRUDENTIAL PLC,GB01397169,6511,1848,25,2025,157701.416439951,14950773.5550908,3061203.77160706,8234556.39461185,29164.305923002,,157701.416439951,29164.305923002,14950.7735550908,3061.20377160706,8234.556394611851,1904.0,PRUDENTIAL
HARBOUR ENERGY PLC,GBSC234781,0610,37468,24,2025,21621.6560639389,4612243.41019505,-135260.763882613,7625882.95714009,2769.934554273,2846.0,21621.6560639389,2769.934554273,4612.24341019505,-135.26076388261302,7625.88295714009,2001.0,HARBOUR ENERGY
METLEN ENERGY & METALS PLC,GB15944520,3511,2024,72,2025,11431.597,3107802.0,314468.0,7351410.0,5520.34611703291,5429.0,11431.597,5520.34611703291,3107.802,314.468,7351.41,1904.0,METLEN ENERGY METALS
JET2 PLC,GB01295221,5110,28146,8,2025,6782.7,2060800.0,410500.0,7482100.0,2141.237721084,15795.0,6782.7,2141.237721084,2060.8,410.5,7482.1,1976.0,JET
NEXT PLC,GB04412362,4791,37355,16,2025,4915.3,1780500.0,888500.0,6901300.0,16241.215834506,49181.0,4915.3,16241.215834506,1780.5,888.5,6901.3,2001.0,NEXT
MONDI PLC,GB06209386,1729,39183,17,2025,8858.24013358745,4540895.967533,144086.12204672,6691708.8075395,4008.908499796,22100.0,8858.24013358745,4008.908499796,4540.895967533,144.08612204672,6691.7088075395,2006.0,MONDI
ANTOFAGASTA PLC,GB01627889,0729,30048,30,2025,19633.9173876727,10724543.5556685,987626.533646181,6406529.46646864,32326.241931629,8457.0,19633.9173876727,32326.241931629,10724.543555668499,987.626533646181,6406.52946646864,1981.0,ANTOFAGASTA
EXPERIAN PLC,GBJE93905,7490,2006,20,2025,10826.9901339469,4230027.00614594,1138008.34018112,6398455.68097841,23459.058656815,25221.0,10826.9901339469,23459.058656815,4230.0270061459405,1138.00834018112,6398.45568097841,1904.0,EXPERIAN
BARRATT REDROW PLC,GB00604574,4110,21319,21,2025,11549.8,7873000.0,186400.0,5980800.0,6564.162693901,7756.0,11549.8,6564.162693901,7873.0,186.4,5980.8,1957.0,BARRATT REDROW
MITIE GROUP PLC,GBSC019230,8121,13347,19,2025,2544.3,532500.0,82600.0,5620300.0,2219.230257399,70792.0,2544.3,2219.230257399,532.5,82.6,5620.3,1935.0,MITIE
PHOENIX GROUP HOLDINGS PLC,GB11606773,6511,2018,23,2025,332241.0,738000.0,-394000.0,5512000.0,7416.078915754,,332241.0,7416.078915754,738.0,-394.0,5512.0,1904.0,PHOENIX
FRASERS GROUP PLC,GB06035106,4764,39072,14,2025,5130.7,1988100.0,292100.0,4941200.0,2981.092100165,31022.0,5130.7,2981.092100165,1988.1,292.1,4941.2,2006.0,FRASERS
DRAX GROUP PLC,GB05562053,3511,38608,19,2025,4495.4,1713200.0,73000.0,5390700.0,2849.008667506,3128.0,4495.4,2849.008667506,1713.2,73.0,5390.7,2004.0,DRAX
RENTOKIL INITIAL PLC,GB05393279,3900,38426,26,2025,10727.2190433057,4083091.4108301,349299.774861694,5327936.35315635,11304.028244473,63388.0,10727.2190433057,11304.028244473,4083.0914108301,349.299774861694,5327.9363531563495,2004.0,RENTOKIL INITIAL
WIZZ AIR HOLDINGS PLC,GBJE103356,5110,2009,29,2025,9817.8892249177,808785.202744798,1916.55261313933,5430116.24919095,878.902754735,9668.0,9817.8892249177,878.902754735,808.7852027447981,1.91655261313933,5430.11624919095,1904.0,WIZZ AIR
ENTAIN PLC,GBIM004685V,9329,40299,9,2025,9396.3,1329200.0,-666700.0,5259400.0,4903.193598831,28413.0,9396.3,4903.193598831,1329.2,-666.7,5259.4,2009.0,ENTAIN
BABCOCK INTERNATIONAL GROUP PLC,GB02342138,7490,32540,26,2025,3930.1,629300.0,211200.0,5177700.0,5730.435476205,29000.0,3930.1,5730.435476205,629.3,211.2,5177.7,1988.0,BABCOCK
MORGAN SINDALL GROUP PLC,GB00521970,4120,19560,17,2025,2448.3,748800.0,174900.0,5024100.0,2233.067733,8511.0,2448.3,2233.067733,748.8,174.9,5024.1,1952.0,MORGAN SINDALL
ADMIRAL GROUP PLC,GB03849958,6511,1993,24,2025,9022.8,1443300.0,742300.0,4979300.0,9728.236579868,,9022.8,9728.236579868,1443.3,742.3,4979.3,1904.0,ADMIRAL
SERCO GROUP PLC,GB02048608,8211,31645,27,2025,2796.0,873600.0,145600.0,4876800.0,2799.658799041,47663.0,2796.0,2799.658799041,873.6,145.6,4876.8,1985.0,SERCO
VERTU MOTORS PLC,GB05984855,4519,39022,24,2025,1559.144,357533.0,14623.0,4839184.0,188.2436825,7257.0,1559.144,188.2436825,357.533,14.623,4839.184,2005.0,VERTU MOTORS
AIRTEL AFRICA PLC,GB11462215,6190,43293,25,2025,10579.2346564241,2642725.0935764,514452.505314901,4880858.67339999,12558.410991554,4512.0,10579.2346564241,12558.410991554,2642.7250935764,514.452505314901,4880.85867339999,2017.0,AIRTEL AFRICA
FIRSTGROUP PLC,GBSC157176,4931,34789,13,2025,3101.4,719500.0,118300.0,4754000.0,934.926237777,30995.0,3101.4,934.926237777,719.5,118.3,4754.0,1994.0,FIRSTGROUP
SMITH & NEPHEW PLC,GB00324357,3250,13563,29,2025,7771.54839516752,3930737.25370957,464494.381465018,4581029.3877606,10524.29891092,17530.0,7771.54839516752,10524.29891092,3930.73725370957,464.494381465018,4581.0293877606,1936.0,SMITH NEPHEW
TRAVIS PERKINS PLC,GB00824821,4673,23677,19,2025,3810.8,1776300.0,-176300.0,4568100.0,1350.496821623,17302.0,3810.8,1350.496821623,1776.3,-176.3,4568.1,1963.0,TRAVIS PERKINS
BEAZLEY PLC,GB09763575,6511,1986,25,2025,12034.714987804,3620380.68778991,678830.668848237,4507304.83953447,4987.922234964,,12034.714987804,4987.922234964,3620.38068778991,678.830668848237,4507.3048395344695,1904.0,BEAZLEY
M&G PLC,GB11444019,6511,2018,24,2025,190601.0,3136000.0,314000.0,4425000.0,6899.690605929,,190601.0,6899.690605929,3136.0,314.0,4425.0,1904.0,M G
HILTON FOOD GROUP PLC,GB06165540,4632,39157,19,2025,1354.4,372200.0,78900.0,4346300.0,453.12357545,7389.0,1354.4,453.12357545,372.2,78.9,4346.3,2006.0,HILTON FOOD
KIER GROUP PLC,GB02708030,7112,33715,13,2025,3552.5,517200.0,56400.0,4084700.0,936.99553103,10361.0,3552.5,936.99553103,517.2,56.4,4084.7,1991.0,KIER
INFORMA PLC,GB08860726,5814,41663,26,2025,12324.8,6259900.0,11000.0,4042800.0,11381.232088092,14052.0,12324.8,11381.232088092,6259.9,11.0,4042.8,2013.0,INFORMA
TAYLOR WIMPEY PLC,GB00296805,4120,12816,17,2025,6066.1,4186800.0,100400.0,3967400.0,3810.761386734,4496.0,6066.1,3810.761386734,4186.8,100.4,3967.4,1934.0,TAYLOR WIMPEY
INTERCONTINENTAL HOTELS GROUP PLC,GB05134420,5510,38128,21,2025,3972.35595028884,-2033370.60430126,564081.976851118,3866822.82681999,15862.046685408,13049.0,3972.35595028884,15862.046685408,-2033.37060430126,564.081976851118,3866.82282681999,2003.0,INTERCONTINENTAL HOTELS
POLAR CAPITAL TECHNOLOGY TRUST PLC,GB03224867,6430,1996,19,2025,3907.002,3804889.0,118355.0,122338.0,3375.470238657,,3907.002,3375.470238657,3804.889,118.355,122.338,1904.0,POLAR CAPITAL TECHNOLOGY TRUST
PERSIMMON PLC,GB01818486,4120,30824,11,2025,5318.2,3614100.0,285700.0,3772700.0,4356.453108943,4605.0,5318.2,4356.453108943,3614.1,285.7,3772.7,1983.0,PERSIMMON
3I GROUP PLC,GB01142830,6430,16438,20,2025,32338.0,30887000.0,5294000.0,3845000.0,24982.252843295,216.0,32338.0,24982.252843295,30887.0,5294.0,3845.0,1944.0,I
VISTRY GROUP PLC,GB00306718,4120,13092,18,2025,6379.1,3324600.0,138000.0,3728200.0,2054.014861953,4406.0,6379.1,2054.014861953,3324.6,138.0,3728.2,1934.0,VISTRY
SSP GROUP PLC,GB05735966,1089,38785,25,2025,3424.1,268900.0,-74400.0,3642300.0,1373.271371149,48683.0,3424.1,1373.271371149,268.9,-74.4,3642.3,2005.0,SSP
PEARSON PLC,GB00053723,5811,08/12/1897,27,2025,6458.0,3663000.0,335000.0,3609000.0,6676.05624,17062.0,6458.0,6676.05624,3663.0,335.0,3609.0,1897.0,PEARSON
MELROSE INDUSTRIES PLC,GB09800044,3030,42276,20,2025,7596.0,2827000.0,370000.0,3589000.0,7402.18186859,13647.0,7596.0,7402.18186859,2827.0,370.0,3589.0,2014.0,MELROSE INDUSTRIES
ITV PLC,GB04967001,6020,37943,20,2025,4285.0,1823000.0,220000.0,3511000.0,3123.691236836,6485.0,4285.0,3123.691236836,1823.0,220.0,3511.0,2002.0,ITV
INTERTEK GROUP PLC,GB04267576,7120,37112,31,2025,3761.5,1127500.0,343500.0,3431600.0,7120.884532071,45425.0,3761.5,7120.884532071,1127.5,343.5,3431.6,2000.0,INTERTEK
FRESNILLO PLC,GB06344120,2441,39309,21,2025,5409.88653948496,3771461.75870971,1028567.44002401,3402561.06414121,24568.032369701,18273.0,5409.88653948496,24568.032369701,3771.46175870971,1028.56744002401,3402.56106414121,2006.0,FRESNILLO
MOBICO GROUP PLC,GB02590560,4931,33308,17,2025,2784.3,-305000.0,-336500.0,3362700.0,106.359758256,32097.0,2784.3,106.359758256,-305.0,-336.5,3362.7,1990.0,MOBICO
SMITHS GROUP PLC,GB00137013,2651,5310,22,2025,4011.0,2060000.0,290000.0,3336000.0,7754.174957477,16103.0,4011.0,7754.174957477,2060.0,290.0,3336.0,1913.0,SMITHS
ENDEAVOUR MINING PLC,GB13280545,0729,44276,20,2025,4170.175,2542283.0,505168.0,3149052.0,9344.336808194,5381.0,4170.175,9344.336808194,2542.283,505.168,3149.052,2020.0,ENDEAVOUR MINING
ZEGONA COMMUNICATIONS PLC,GB09395163,6619,2015,15,2025,6917.89248475707,-757160.244629054,-165009.081869346,3160172.24203541,3749.594265583,2904.0,6917.89248475707,3749.594265583,-757.160244629054,-165.009081869346,3160.17224203541,1904.0,ZEGONA COMMUNICATIONS
KELLER GROUP PLC,GB02442580,7112,32825,23,2025,1828.4,644200.0,142700.0,3093500.0,1172.112939805,9864.0,1828.4,1172.112939805,644.2,142.7,3093.5,1988.0,KELLER
SCOTTISH MORTGAGE INVESTMENT TRUST PLC,GBSC007058,6430,1908,14,2025,15464.442,13822175.0,3101619.0,3109087.0,12840.966494945,,15464.442,12840.966494945,13822.175,3101.619,3109.087,1904.0,SCOTTISH MORTGAGE INVESTMENT TRUST
WHITBREAD PLC,GB04120344,5510,36861,23,2025,9566.6,3136400.0,212900.0,2926800.0,4361.27991,29478.0,9566.6,4361.27991,3136.4,212.9,2926.8,1999.0,WHITBREAD
CRANSWICK PLC,GB01074383,1013,26571,11,2025,1737.3,1088900.0,158300.0,2982500.0,2839.477520778,13033.0,1737.3,2839.477520778,1088.9,158.3,2982.5,1971.0,CRANSWICK
RS GROUP PLC,GB00647788,4652,21937,18,2025,2670.8,1413900.0,162000.0,2881100.0,2654.676975591,8600.0,2670.8,2654.676975591,1413.9,162.0,2881.1,1959.0,RS
BELLWAY PLC,GB01372603,4120,28650,11,2025,5194.5,3556200.0,157500.0,2852100.0,2962.893259708,2746.0,5194.5,2962.893259708,3556.2,157.5,2852.1,1977.0,BELLWAY
INTERNATIONAL WORKPLACE GROUP PLC,GBJE122154,6831,2003,10,2025,6923.56745236498,-226673.258154929,13377.4381861925,2795884.58091424,2298.79361686,9225.0,6923.56745236498,2298.79361686,-226.67325815492902,13.3774381861925,2795.88458091424,1904.0,WORKPLACE
SEVERN TRENT PLC,GB02366619,3600,32599,17,2025,17571.0,1841000.0,371000.0,2834000.0,9303.669421243,10860.0,17571.0,9303.669421243,1841.0,371.0,2834.0,1988.0,SEVERN TRENT
MITCHELLS & BUTLERS PLC,GB04551498,5610,37531,15,2025,5393.0,2816000.0,177000.0,2711000.0,1479.173489923,50191.0,5393.0,1479.173489923,2816.0,177.0,2711.0,2001.0,MITCHELLS BUTLERS
SCHRODERS PLC,GB03909886,6619,21551,26,2025,24612.7,4456400.0,550400.0,2700400.0,6555.595177957,5717.0,24612.7,6555.595177957,4456.4,550.4,2700.4,1958.0,SCHRODERS
SIG PLC,GB00998314,4673,25931,25,2025,1141.0,120500.0,-64100.0,2591000.0,118.628321449,6620.0,1141.0,118.628321449,120.5,-64.1,2591.0,1970.0,SIG
UNITED UTILITIES GROUP PLC,GB06559020,3600,32599,22,2025,18127.0,2241400.0,586800.0,2639600.0,8966.83243658,6807.0,18127.0,8966.83243658,2241.4,586.8,2639.6,1988.0,UNITED UTILITIES
THE WEIR GROUP PLC,GBSC002934,2813,14/06/1895,19,2025,4539.5,1915100.0,246900.0,2568100.0,7388.558762238,12787.0,4539.5,7388.558762238,1915.1,246.9,2568.1,1895.0,WEIR
SAVILLS PLC,GB02122174,7022,31877,17,2025,2351.2,804400.0,70900.0,2555400.0,1454.627508051,40181.0,2351.2,1454.627508051,804.4,70.9,2555.4,1986.0,SAVILLS
HALMA PLC,GB00040932,2611,13/04/1894,22,2025,3712.7,2168000.0,372300.0,2582300.0,14434.115696428,9382.0,3712.7,14434.115696428,2168.0,372.3,2582.3,1894.0,HALMA
HIKMA PHARMACEUTICALS PLC,GB05557934,2120,38603,21,2025,4214.63621966099,1936755.77295654,298762.7861583,2511985.61496282,3439.2400215,9603.0,4214.63621966099,3439.2400215,1936.75577295654,298.7627861583,2511.98561496282,2004.0,HIKMA PHARMACEUTICALS
THE SAGE GROUP PLC,GB02231246,5829,32218,18,2025,3713.0,720000.0,369000.0,2513000.0,10597.62682,11094.0,3713.0,10597.62682,720.0,369.0,2513.0,1987.0,SAGE
ASOS PLC,GB04006623,4771,36679,26,2025,1672.1,212400.0,-298400.0,2494300.0,331.667942023,2974.0,1672.1,331.667942023,212.4,-298.4,2494.3,1999.0,ASOS
HOWDEN JOINERY GROUP PLC,GB02128710,3102,31904,19,2025,2354.1,1190900.0,267700.0,2418000.0,4487.487184587,11605.0,2354.1,4487.487184587,1190.9,267.7,2418.0,1986.0,HOWDEN JOINERY
BERKELEY GROUP HOLDINGS (THE) PLC,GB05172586,4110,1976,14,2025,6692.8,3559800.0,382000.0,2486500.0,4131.066912282,2552.0,6692.8,4131.066912282,3559.8,382.0,2486.5,1904.0,BERKELEY
BURBERRY GROUP PLC,GB03458224,4771,35733,29,2025,3091.0,946000.0,21000.0,2431000.0,3927.626522593,7613.0,3091.0,3927.626522593,946.0,21.0,2431.0,1996.0,BURBERRY
CAPITA PLC,GB02081330,8110,31754,19,2025,1743.5,41800.0,-164100.0,2312300.0,486.72433408,29485.0,1743.5,486.72433408,41.8,-164.1,2312.3,1985.0,CAPITA
IMI PLC,GB00714275,2899,22679,13,2025,2480.1,1109100.0,309900.0,2304000.0,6145.510067904,10358.0,2480.1,6145.510067904,1109.1,309.9,2304.0,1961.0,IMI
ITHACA ENERGY PLC,GB12263719,0610,2019,21,2025,6277.73446437602,1911338.64040278,-62502.3639699329,2189812.31197868,2741.888397773,765.0,6277.73446437602,2741.888397773,1911.33864040278,-62.5023639699329,2189.81231197868,1904.0,ITHACA ENERGY
GREGGS PLC,GB00502851,5610,18991,13,2025,1484.0,625200.0,122200.0,2151200.0,1717.895261985,39863.0,1484.0,1717.895261985,625.2,122.2,2151.2,1951.0,GREGGS
OCADO GROUP PLC,GB07098618,4778,40155,19,2025,4279.0,1561300.0,405200.0,2149600.0,1546.837212967,21367.0,4279.0,1546.837212967,1561.3,405.2,2149.6,2009.0,OCADO
J D WETHERSPOON PLC,GB01709784,5630,30400,13,2025,1907.94,361996.0,67991.0,2127524.0,851.214679667,42081.0,1907.94,851.214679667,361.996,67.991,2127.524,1982.0,J D WETHERSPOON
W.A.G PAYMENT SOLUTIONS PLC,GB13544823,7490,2021,17,2025,978.570940246382,212870.216964151,1926.38778930342,2017865.88506782,727.049521332,1989.0,978.570940246382,727.049521332,212.870216964151,1.92638778930342,2017.86588506782,1904.0,W A G PAYMENT SOLUTIONS
TATE & LYLE PLC,GB00076535,1039,1154,24,2025,3666.0,1598000.0,97000.0,2007000.0,1612.517274523,4840.0,3666.0,1612.517274523,1598.0,97.0,2007.0,1902.0,TATE LYLE
WH SMITH PLC,GB05202036,4778,38209,10,2025,1460.0,188000.0,-144000.0,1916000.0,872.52671256,14235.0,1460.0,872.52671256,188.0,-144.0,1916.0,2003.0,WH SMITH
GALLIFORD TRY HOLDINGS PLC,GB12216008,4120,1965,11,2025,833.6,122100.0,33600.0,1875200.0,428.482636794,4317.0,833.6,428.482636794,122.1,33.6,1875.2,1904.0,GALLIFORD TRY
TELECOM PLUS PLC,GB03263464,6190,35347,18,2025,799.203,266771.0,80670.0,1942417.0,1034.72633295,2061.0,799.203,1034.72633295,266.771,80.67,1942.417,1995.0,TELECOM PLUS
QINETIQ GROUP PLC,GB04586941,8020,37571,18,2025,1738.4,553000.0,107500.0,1924400.0,2382.398199162,7378.0,1738.4,2382.398199162,553.0,107.5,1924.4,2001.0,QINETIQ
ZIGUP PLC,GB00053171,7721,,32,2025,2335.389,1063157.0,79845.0,1812644.0,705.745153125,7825.0,2335.389,705.745153125,1063.157,79.845,1812.644,,ZIGUP
WATCHES OF SWITZERLAND GROUP PLC,GB11838443,4648,43516,11,2025,1475.6,539600.0,53800.0,1651500.0,837.343955197,2907.0,1475.6,837.343955197,539.6,53.8,1651.5,2018.0,WATCHES OF SWITZERLAND
CONVATEC GROUP PLC,GB10361298,4690,42619,21,2025,2810.00521011078,1128163.95370224,130058.426810205,1812642.87422909,4754.199981656,10741.0,2810.00521011078,4754.199981656,1128.16395370224,130.058426810205,1812.64287422909,2015.0,CONVATEC
VESUVIUS PLC,GB08217766,2451,41169,11,2025,2410.1,1238600.0,52200.0,1809500.0,984.745356962,10925.0,2410.1,984.745356962,1238.6,52.2,1809.5,2011.0,VESUVIUS
DUNELM GROUP PLC,GB04708277,4759,37703,16,2025,741.5,118800.0,156300.0,1775700.0,2384.426693358,11862.0,741.5,2384.426693358,118.8,156.3,1775.7,2002.0,DUNELM
SYNTHOMER PLC,GB00098381,2059,3080,22,2025,2280.5,914500.0,-157000.0,1768100.0,103.538306745,3788.0,2280.5,103.538306745,914.5,-157.0,1768.1,1907.0,SYNTHOMER
HALFORDS GROUP PLC,GB04457314,4778,37417,8,2025,,,,,,,,,,,,2001.0,HALFORDS
THG PLC,GB06539496,4778,39526,142,2025,1599.155,425222.0,54125.0,1717877.0,731.739930358,2912.0,1599.155,731.739930358,425.222,54.125,1717.877,2007.0,THG
BREEDON GROUP PLC,GB14739556,6420,45002,15,2025,2357.6,1197200.0,83800.0,1713800.0,1141.14728719,4780.0,2357.6,1141.14728719,1197.2,83.8,1713.8,2022.0,BREEDON
SPIRAX GROUP PLC,GB00596337,2813,21186,21,2025,2661.1,1222300.0,163400.0,1702900.0,5020.351474353,10072.0,2661.1,5020.351474353,1222.3,163.4,1702.9,1957.0,SPIRAX
CRODA INTERNATIONAL PLC,GB00206132,2059,9274,18,2025,3411.0,2202100.0,62000.0,1699400.0,3763.175268433,5954.0,3411.0,3763.175268433,2202.1,62.0,1699.4,1924.0,CRODA
WICKES GROUP PLC,GB12189061,4778,2019,15,2025,1100.7,130900.0,38500.0,1636200.0,546.825552709,7453.0,1100.7,546.825552709,130.9,38.5,1636.2,1904.0,WICKES
MICHAEL PAGE PLC,GB03310225,7810,35460,35,2025,575.729,214627.0,9017.0,1596577.0,773.568545733,6820.0,575.729,773.568545733,214.627,9.017,1596.577,1996.0,MICHAEL PAGE
SPIRE HEALTHCARE GROUP PLC,GB09084066,8690,41802,20,2025,2377.1,743700.0,16400.0,1583200.0,672.608513045,16368.0,2377.1,672.608513045,743.7,16.4,1583.2,2013.0,SPIRE HEALTHCARE
DIPLOMA PLC,GB03899848,4690,36518,21,2025,1809.4,994200.0,184900.0,1524500.0,7118.047678982,3390.0,1809.4,7118.047678982,994.2,184.9,1524.5,1999.0,DIPLOMA
PETS AT HOME GROUP PLC,GB08885072,4778,41680,16,2025,1654.7,973100.0,63100.0,1486400.0,812.291647134,17618.0,1654.7,812.291647134,973.1,63.1,1486.4,2013.0,PETS AT HOME
SOFTCAT PLC,GB02174990,6209,32057,20,2025,1191.927,338782.0,133008.0,1458411.0,3265.122443205,2639.0,1191.927,3265.122443205,338.782,133.008,1458.411,1986.0,SOFTCAT
ABERDEEN GROUP PLC,GBSC286832,7010,38533,30,2025,10718.0,5136000.0,399000.0,1341000.0,,4461.0,10718.0,,5136.0,399.0,1341.0,2004.0,ABERDEEN
ENERGEAN PLC,GB10758801,0610,42863,12,2025,4153.91008220578,105252.197266942,-191433.370017446,1320341.25792104,1632.729233472,601.0,4153.91008220578,1632.729233472,105.252197266942,-191.433370017446,1320.34125792104,2016.0,ENERGEAN
MIDWICH GROUP PLC,GB08793266,7490,41605,17,2025,625.314,160071.0,-22581.0,1302197.0,194.453935856,1859.0,625.314,194.453935856,160.071,-22.581,1302.197,2012.0,MIDWICH
PENNON GROUP PLC,GB02366640,3700,32599,19,2025,7480.0,1411600.0,91500.0,1291400.0,2499.123360684,3809.0,7480.0,2499.123360684,1411.6,91.5,1291.4,1988.0,PENNON
ASTON MARTIN LAGONDA GLOBAL HOLDINGS PLC,GB11488166,2910,43308,30,2025,2805.5,329200.0,-493200.0,1257700.0,643.419421809,2906.0,2805.5,643.419421809,329.2,-493.2,1257.7,2017.0,ASTON MARTIN LAGONDA GLOBAL
LION FINANCE GROUP PLC,GB10917019,6420,42962,33,2025,16785.2507325206,2322487.18454692,596524.735122772,1187013.16323449,4041.438969,12647.0,16785.2507325206,4041.438969,2322.48718454692,596.5247351227721,1187.0131632344899,2016.0,LION FINANCE
PREMIER FOODS PLC,GB05160050,1089,38160,18,2025,2224.4,1410100.0,136600.0,1175500.0,1605.534709205,4163.0,2224.4,1605.534709205,1410.1,136.6,1175.5,2003.0,PREMIER FOODS
INVESTEC PLC,GB03633621,6419,36055,15,2025,32000.009,3737178.0,340598.0,1168195.0,3703.231494514,,32000.009,3703.231494514,3737.178,340.598,1168.195,1997.0,INVESTEC
ENQUEST PLC,GB07140891,0610,2010,15,2025,2671.25962358066,392448.701731258,1160.86435815737,1137864.08276925,197.693138879,694.0,2671.25962358066,197.693138879,392.44870173125804,1.1608643581573699,1137.86408276925,1904.0,ENQUEST
MEARS GROUP PLC,GB03232863,8121,35278,10,2025,740.106,204820.0,46222.0,1135461.0,317.868193226,5516.0,740.106,317.868193226,204.82,46.222,1135.461,1995.0,MEARS
COATS GROUP PLC,GB00103548,2899,3456,17,2025,1922.4121864569,567277.698195598,76845.9504695727,1109138.26383743,1620.179784401,18889.0,1922.4121864569,1620.179784401,567.277698195598,76.8459504695727,1109.13826383743,1908.0,COATS
RENEW HOLDINGS PLC,GB00650447,4120,21970,6,2025,530.647,241137.0,48814.0,1083752.0,641.019409689,4583.0,530.647,641.019409689,241.137,48.814,1083.752,1959.0,RENEW
SENIOR PLC,GB00282772,2932,12406,16,2025,781.5,380300.0,-4200.0,1050900.0,817.026454535,4974.0,781.5,817.026454535,380.3,-4.2,1050.9,1932.0,SENIOR
DFS FURNITURE PLC,GB07236769,4759,1969,14,2025,983.6,252200.0,24200.0,1030300.0,395.299988747,4710.0,983.6,395.299988747,252.2,24.2,1030.3,1904.0,DFS FURNITURE
COSTAIN GROUP PLC,GB01393773,4211,28775,13,2025,561.9,258200.0,37300.0,1045700.0,425.676992514,3266.0,561.9,425.676992514,258.2,37.3,1045.7,1977.0,COSTAIN
SIGMAROC PLC,GB05204176,6619,2004,18,2025,2263.13,856891.0,79863.0,1041175.0,1422.554405797,2948.0,2263.13,1422.554405797,856.891,79.863,1041.175,1904.0,SIGMAROC
VICTORIA PLC,GB00282204,1393,12389,28,2025,1210.9,-647000.0,-326300.0,1055900.0,29.4152261,5025.0,1210.9,29.4152261,-647.0,-326.3,1055.9,1932.0,VICTORIA
MORGAN ADVANCED MATERIALS PLC,GB00286773,2059,12520,11,2025,984.8,348900.0,21100.0,1030300.0,603.526096982,8088.0,984.8,603.526096982,348.9,21.1,1030.3,1933.0,MORGAN ADVANCED MATERIALS
ICG PLC,GB02234775,6630,32225,16,2025,9912.2,2701000.0,478700.0,1026300.0,4474.479028653,712.0,9912.2,4474.479028653,2701.0,478.7,1026.3,1987.0,ICG
CLOSE BROTHERS GROUP PLC,GB00520241,6420,19513,18,2025,14071.9,1735500.0,-77900.0,1007600.0,607.379792753,3081.0,14071.9,607.379792753,1735.5,-77.9,1007.6,1952.0,CLOSE BROTHERS
HAYS PLC,GB02150950,7810,31986,21,2025,1769.1,466700.0,-7800.0,972400.0,1135.838785087,9523.0,1769.1,1135.838785087,466.7,-7.8,972.4,1986.0,HAYS
PLAYTECH PLC,GBIM008505V,5829,2002,10,2025,1927.69766314021,1208751.5765883,1296076.49904086,971315.112439799,876.849190704,7339.0,1927.69766314021,876.849190704,1208.7515765883002,1296.07649904086,971.315112439799,1904.0,PLAYTECH
MCBRIDE PLC,GB02798634,2041,34039,9,2025,505.3,94300.0,33200.0,926500.0,261.370956593,3274.0,505.3,261.370956593,94.3,33.2,926.5,1992.0,MCBRIDE
TBC BANK GROUP PLC,GB10029943,6420,42426,20,2025,12116.8698867065,1750078.72304919,391649.055788443,934802.523645104,2266.379367222,14148.0,12116.8698867065,2266.379367222,1750.0787230491899,391.64905578844304,934.802523645104,2015.0,TBC BANK
VOLEX PLC,GB00158956,2434,7202,14,2025,786.453167182426,341932.865461877,49854.1603088667,941470.814586592,838.491867855,12699.0,786.453167182426,838.491867855,341.93286546187704,49.8541603088667,941.470814586592,1918.0,VOLEX
RATHBONES GROUP PLC,GB01000403,6630,25954,22,2025,5217.2,1352000.0,112300.0,923300.0,1761.769685456,3251.0,5217.2,1761.769685456,1352.0,112.3,923.3,1970.0,RATHBONES
MARSTON'S PLC,GB00031461,1105,14/05/1890,14,2025,2316.3,790700.0,71600.0,906100.0,248.953118125,9017.0,2316.3,248.953118125,790.7,71.6,906.1,1890.0,MARSTON S
HOCHSCHILD MINING PLC,GB05777693,2441,2006,16,2025,1605.1201620287,651848.376026686,150050.26498846,885834.633723401,2641.74416607,3242.0,1605.1201620287,2641.74416607,651.8483760266861,150.05026498846,885.834633723401,1904.0,HOCHSCHILD MINING
LAND SECURITIES GROUP PLC,GB04369054,9499,1955,23,2025,11540.0,6538000.0,157000.0,892000.0,4120.082753646,700.0,11540.0,4120.082753646,6538.0,157.0,892.0,1904.0,LAND SECURITIES
HILL & SMITH PLC,GB00671474,2511,22189,14,2025,761.9,475000.0,82500.0,869100.0,1706.387819582,4623.0,761.9,1706.387819582,475.0,82.5,869.1,1959.0,HILL SMITH
THE RANK GROUP PLC,GB03140769,9329,35055,18,2025,789.5,378700.0,44600.0,805900.0,623.011309633,4697.0,789.5,623.011309633,378.7,44.6,805.9,1995.0,RANK
ROTORK PLC,GB00578327,2899,20863,17,2025,813.8,584400.0,115400.0,781600.0,2696.898256042,3585.0,813.8,2696.898256042,584.4,115.4,781.6,1956.0,ROTORK
HUNTING PLC,GB00974568,4950,25640,17,2025,876.073562993542,657947.001457569,30545.1505251396,761027.594592286,584.354825787,232700.0,876.073562993542,584.354825787,657.947001457569,30.5451505251396,761.027594592286,1969.0,HUNTING
S4 CAPITAL PLC,GB10476913,7311,2016,55,2025,1347.6,506000.0,-24800.0,754800.0,136.690788432,6744.0,1347.6,136.690788432,506.0,-24.8,754.8,1904.0,S CAPITAL
DR. MARTENS PLC,GB12960219,4642,2020,12,2025,877.3,361500.0,23800.0,765600.0,608.942913515,2377.0,877.3,608.942913515,361.5,23.8,765.6,1904.0,DR MARTENS
FUTURE PLC,GB03757874,5819,36272,19,2025,1633.1,1038800.0,66300.0,743300.0,655.276186732,2991.0,1633.1,655.276186732,1038.8,66.3,743.3,1998.0,FUTURE
BODYCOTE PLC,GB00519057,2561,19476,11,2025,1053.6,641900.0,54900.0,733600.0,1211.002606809,3989.0,1053.6,1211.002606809,641.9,54.9,733.6,1952.0,BODYCOTE
RENISHAW PLC,GB01106260,2651,26758,19,2025,1135.225,925864.0,83757.0,713044.0,2081.752357567,5342.0,1135.225,2081.752357567,925.864,83.757,713.044,1972.0,RENISHAW
SEGRO PLC,GB00167591,6831,7445,18,2025,18181.0,12273000.0,551000.0,726000.0,9750.580968738,495.0,18181.0,9750.580968738,12273.0,551.0,726.0,1919.0,SEGRO
TULLOW OIL PLC,GB03919249,0910,36560,14,2025,2436.774684716,-187953.006516005,4830.74156723619,718368.430598539,89.238898992,285.0,2436.774684716,89.238898992,-187.953006516005,4.83074156723619,718.3684305985389,1999.0,TULLOW OIL
FERREXPO PLC,GB05432915,0710,2005,11,2025,,,,,,,,,,,,1904.0,FERREXPO
DOMINO'S PIZZA GROUP PLC,GB03853545,5610,36438,14,2025,613.9,-88900.0,58600.0,696800.0,667.362179803,2592.0,613.9,667.362179803,-88.9,58.6,696.8,1998.0,DOMINO S PIZZA
CVS GROUP PLC,GB06312831,7500,39276,14,2025,696.2,301700.0,52800.0,681100.0,896.7523,8864.0,696.2,896.7523,301.7,52.8,681.1,2006.0,CVS
RWS HOLDINGS PLC,GB03002645,7490,34684,22,2025,1040.9,763200.0,-99800.0,690100.0,341.332471189,10003.0,1040.9,341.332471189,763.2,-99.8,690.1,1994.0,RWS
SHAWBROOK GROUP PLC,GB07240248,6420,2010,95,2025,22468.9,1842500.0,195500.0,688300.0,2525.680206446,1483.0,22468.9,2525.680206446,1842.5,195.5,688.3,1904.0,SHAWBROOK
GENUS PLC,GB02972325,7211,34603,15,2025,899.0,476000.0,19300.0,672800.0,1350.452119582,3370.0,899.0,1350.452119582,476.0,19.3,672.8,1993.0,GENUS
F&C INVESTMENT TRUST PLC,GB00012901,6430,1868,11,2025,6759.942,6171045.0,664860.0,682381.0,5940.346100114,,6759.942,5940.346100114,6171.045,664.86,682.381,1904.0,F C INVESTMENT TRUST
SAGA PLC,GB08804263,7010,41613,15,2025,1275.6,69700.0,3600.0,660000.0,,2081.0,1275.6,,69.7,3.6,660.0,2013.0,SAGA
OSB GROUP PLC,GB11976839,6419,43587,23,2025,31122.7,2296700.0,285700.0,668000.0,2267.10370125,2483.0,31122.7,2267.10370125,2296.7,285.7,668.0,2018.0,OSB
NINETY ONE PLC,GB12245293,6619,2019,11,2025,14876.3,702600.0,153500.0,660400.0,1528.812028604,1289.0,14876.3,1528.812028604,702.6,153.5,660.4,1904.0,NINETY ONE
GAMMA COMMUNICATIONS PLC,GB08943488,6190,41715,20,2025,621.3,385000.0,64900.0,645800.0,851.667170664,2230.0,621.3,851.667170664,385.0,64.9,645.8,2013.0,GAMMA COMMUNICATIONS
NEXT 15 GROUP PLC,GB01579589,7320,29810,13,2025,521.235,131898.0,-30244.0,627831.0,354.106428737,3350.0,521.235,354.106428737,131.898,-30.244,627.831,1980.0,NEXT
HELIOS TOWERS PLC,GB12134855,6190,43678,29,2025,1876.78025842178,56779.7931902839,29133.087605486,634759.441934836,1718.310701772,735.0,1876.78025842178,1718.310701772,56.7797931902839,29.133087605485997,634.759441934836,2018.0,HELIOS TOWERS
MARSHALLS PLC,GB05100353,2361,38090,12,2025,1041.4,655700.0,14400.0,633700.0,456.861551477,2348.0,1041.4,456.861551477,655.7,14.4,633.7,2003.0,MARSHALLS
CLARKSON PLC,GB01190238,5222,27345,14,2025,978.5,527800.0,65700.0,631400.0,1179.33298097,2255.0,978.5,1179.33298097,527.8,65.7,631.4,1973.0,CLARKSON
BRIDGEPOINT GROUP PLC,GB11443992,6430,43283,29,2025,5216.6,1188000.0,41500.0,629900.0,2410.416179144,542.0,5216.6,2410.416179144,1188.0,41.5,629.9,2017.0,BRIDGEPOINT
AUTO TRADER GROUP PLC,GB09439967,4511,42048,29,2025,685.3,407100.0,293900.0,624300.0,3864.409334543,1244.0,685.3,3864.409334543,407.1,293.9,624.3,2014.0,AUTO TRADER
GENUIT GROUP PLC,GB06059130,2223,39101,13,2025,1101.6,662900.0,45200.0,602100.0,820.389681135,3355.0,1101.6,820.389681135,662.9,45.2,602.1,2006.0,GENUIT
CREST NICHOLSON HOLDINGS PLC,GB06800600,2892,39836,19,2025,1420.8,718100.0,2200.0,613100.0,425.224567739,685.0,1420.8,425.224567739,718.1,2.2,613.1,2008.0,CREST NICHOLSON
CARD FACTORY PLC,GB09002747,1812,41746,7,2025,660.9,354500.0,31200.0,582700.0,234.118058859,9949.0,660.9,234.118058859,354.5,31.2,582.7,2013.0,CARD FACTORY
IG GROUP HOLDINGS PLC,GB04677092,6612,2003,13,2025,3284.3,1917900.0,292100.0,595000.0,4471.129187397,2186.0,3284.3,4471.129187397,1917.9,292.1,595.0,1904.0,IG
METRO BANK HOLDINGS,GB14387040,6420,44833,23,2025,16475.0,1484000.0,69700.0,593300.0,811.990720623,2859.0,16475.0,811.990720623,1484.0,69.7,593.3,2021.0,METRO BANK
PZ CUSSONS PLC,GB00019457,2041,20/02/1884,18,2025,615.2,213500.0,-5800.0,513800.0,374.70562056,2411.0,615.2,374.70562056,213.5,-5.8,513.8,1884.0,PZ CUSSONS
JOHNSON SERVICE GROUP PLC,GB00523335,9601,19606,11,2025,579.5,275100.0,37100.0,535400.0,510.701858119,6696.0,579.5,510.701858119,275.1,37.1,535.4,1952.0,JOHNSON SERVICE
PARAGON BANKING GROUP PLC,GB02336032,6420,32525,42,2025,19930.0,1420200.0,180300.0,528800.0,1682.830625625,1411.0,19930.0,1682.830625625,1420.2,180.3,528.8,1988.0,PARAGON BANKING
REACH PLC,GB00082548,1811,1777,11,2025,949.4,526200.0,-132300.0,518400.0,175.403301547,3104.0,949.4,175.403301547,526.2,-132.3,518.4,1903.0,REACH
THE BRITISH LAND COMPANY PLC,GB00621920,6831,21607,17,2025,9360.0,5932000.0,454000.0,523000.0,3553.6280387,599.0,9360.0,3553.6280387,5932.0,454.0,523.0,1958.0,BRITISH LAND
CHEMRING GROUP PLC,GB00086662,2611,2161,13,2025,863.1,382000.0,48200.0,517500.0,1561.955557359,2822.0,863.1,1561.955557359,382.0,48.2,517.5,1904.0,CHEMRING
RIT CAPITAL PARTNERS PLC,GB02129188,6430,31904,33,2025,4388.2,4040100.0,459300.0,500300.0,3150.052319872,64.0,4388.2,3150.052319872,4040.1,459.3,500.3,1986.0,RIT CAPITAL PARTNERS
YOUNG & CO'S BREWERY PLC,GB00032762,1105,1890,23,2025,1317.3,793400.0,28000.0,508200.0,287.477215544,7477.0,1317.3,287.477215544,793.4,28.0,508.2,1904.0,YOUNG S BREWERY
ELEMENTIS PLC,GB03299608,2059,35437,22,2025,828.360700129455,478540.691560521,-33815.1909706533,493701.788171539,945.029754038,989.0,828.360700129455,945.029754038,478.540691560521,-33.8151909706533,493.701788171539,1996.0,ELEMENTIS
PPHE HOTEL GROUP LIMITED,GBGG47131,5510,39247,14,2025,1921.849,512594.0,13185.0,468647.0,751.739540719,,1921.849,751.739540719,512.594,13.185,468.647,2006.0,PPHE HOTEL
VANQUIS BANKING GROUP PLC,GB00668987,6492,22159,13,2025,3941.7,487300.0,8200.0,456000.0,306.766529431,1293.0,3941.7,306.766529431,487.3,8.2,456.0,1959.0,VANQUIS BANKING
LONDONMETRIC PROPERTY PLC,GB07124797,6831,40191,22,2025,8156.1,4732900.0,295700.0,464600.0,4255.097653953,54.0,8156.1,4255.097653953,4732.9,295.7,464.6,2009.0,LONDONMETRIC PROPERTY
TRAINLINE PLC,GB11961132,5229,43579,16,2025,699.655,204369.0,79813.0,452684.0,752.705274073,986.0,699.655,752.705274073,204.369,79.813,452.684,2018.0,TRAINLINE
SERICA ENERGY PLC,GB05450950,0610,38484,14,2025,1138.39397795962,497621.377560093,-38513.6445380483,450995.80314414,687.957587318,,1138.39397795962,687.957587318,497.62137756009304,-38.5136445380483,450.99580314414,2004.0,SERICA ENERGY
BARR (A.G.) PLC,GBSC005653,1107,1643,13,2025,514.2,345600.0,47100.0,437300.0,714.744209801,937.0,514.2,714.744209801,345.6,47.1,437.3,1903.0,BARR A G
OXFORD INSTRUMENTS PLC,GB00775598,2651,23284,9,2025,552.1,340200.0,48200.0,455900.0,1329.636144,2186.0,552.1,1329.636144,340.2,48.2,455.9,1962.0,OXFORD INSTRUMENTS
ROSEBANK INDUSTRIES PLC,GB685348EX,7022,2024,6,2025,2659.0,1570000.0,-48000.0,445000.0,1423.1267855,14742.0,2659.0,1423.1267855,1570.0,-48.0,445.0,1904.0,ROSEBANK INDUSTRIES
DISCOVERIE GROUP PLC,GB02008246,2611,31511,17,2025,694.6,328600.0,29000.0,443300.0,523.775877562,4170.0,694.6,523.775877562,328.6,29.0,443.3,1985.0,DISCOVERIE
JUPITER FUND MANAGEMENT PLC,GB06150195,6430,2007,11,2025,1242.6,906100.0,100400.0,431600.0,838.407423119,468.0,1242.6,838.407423119,906.1,100.4,431.6,1904.0,JUPITER FUND MANAGEMENT
PAN AFRICAN RESOURCES PLC,GB03937466,2441,36581,16,2025,733.084672110378,398955.043243252,103336.645382782,419325.784025681,1068.571457882,,733.084672110378,1068.571457882,398.95504324325196,103.336645382782,419.32578402568095,1999.0,PAN AFRICAN RESOURCES
DAR GLOBAL PLC,GB14388348,6831,2022,21,2025,1532.91766899176,434305.219433834,74902.505977523,414574.98449122,966.635943017042,375.0,1532.91766899176,966.635943017042,434.305219433834,74.902505977523,414.57498449122,1904.0,DAR GLOBAL
VOLUTION GROUP PLC,GB09041571,7739,41774,20,2025,602.454,269988.0,41533.0,419114.0,1326.433406939,1993.0,602.454,1326.433406939,269.988,41.533,419.114,2013.0,VOLUTION
TRITAX BIG BOX REIT PLC,GB08215888,6831,2012,31,2025,8045.8,5058900.0,363300.0,409400.0,4112.629814014,,8045.8,4112.629814014,5058.9,363.3,409.4,1904.0,TRITAX BIG BOX REIT
CMC MARKETS PLC,GB05145017,6612,38141,9,2025,1006.865,457176.0,73749.0,416311.0,961.166099394,1140.0,1006.865,961.166099394,457.176,73.749,416.311,2003.0,CMC MARKETS
SPEEDY HIRE PLC,GB00927680,7739,24890,11,2025,575.0,128000.0,-26600.0,416100.0,104.60720368,3335.0,575.0,104.60720368,128.0,-26.6,416.1,1967.0,SPEEDY HIRE
FISHER (JAMES) & SONS PLC,GB00211475,5222,9530,9,2025,514.0,187300.0,-4400.0,394400.0,189.83061375,2024.0,514.0,189.83061375,187.3,-4.4,394.4,1925.0,FISHER JAMES SONS
FULLER SMITH & TURNER PLC,GB00241882,1105,10827,13,2025,702.9,410400.0,21200.0,397800.0,204.9990085,5270.0,702.9,204.9990085,410.4,21.2,397.8,1928.0,FULLER SMITH TURNER
YOUGOV PLC,GB03607311,7220,1998,11,2025,600.3,191100.0,13400.0,388900.0,365.402352757,3119.0,600.3,365.402352757,191.1,13.4,388.9,1904.0,YOUGOV
IBSTOCK PLC,GB09760850,2361,42250,15,2025,744.748,382460.0,3074.0,374444.0,550.972595707,2006.0,744.748,550.972595707,382.46,3.074,374.444,2014.0,IBSTOCK
MURRAY INTERNATIONAL TRUST PLC,GBSC006705,6430,2558,11,2025,2035.256,1920974.0,348575.0,358807.0,1977.345259259,,2035.256,1977.345259259,1920.974,348.575,358.807,1906.0,MURRAY TRUST
UNITE GROUP PLC,GB03199160,5590,35200,25,2025,6300.7,4733800.0,97600.0,332800.0,2741.79367693,1917.0,6300.7,2741.79367693,4733.8,97.6,332.8,1995.0,UNITE
RESTORE PLC,GB05169780,7490,38170,13,2025,587.2,219700.0,-6300.0,332500.0,362.164154603,2746.0,587.2,362.164154603,219.7,-6.3,332.5,2003.0,RESTORE
PAYPOINT PLC,GB03581541,8291,35961,22,2025,503.812,75833.0,39333.0,337008.0,336.729518761,942.0,503.812,336.729518761,75.833,39.333,337.008,1997.0,PAYPOINT
HENRY BOOT PLC,GB00160996,4120,7270,19,2025,654.371,420140.0,23517.0,323016.0,301.77157275,490.0,654.371,301.77157275,420.14,23.517,323.016,1918.0,HENRY BOOT
GLOBALDATA PLC,GB03925319,5819,36565,11,2025,689.1,326000.0,33100.0,322300.0,845.039230646,3558.0,689.1,845.039230646,326.0,33.1,322.3,1999.0,GLOBALDATA
JADESTONE ENERGY PLC,GB13152520,0610,44218,22,2025,695.677322670715,-58674.1870756508,-82306.1748225702,312997.866770429,127.408237702,421.0,695.677322670715,127.408237702,-58.6741870756508,-82.3061748225702,312.997866770429,2020.0,JADESTONE ENERGY
SIRIUS REAL ESTATE LIMITED,GBGG46442,9499,39133,12,2025,3101.6790562824,1647799.66716047,200018.39998945,302728.196848144,1471.104566325,470.0,3101.6790562824,1471.104566325,1647.79966716047,200.01839998945,302.728196848144,2006.0,SIRIUS REAL ESTATE
VICTREX PLC,GB02793780,2221,34025,12,2025,566.9,431200.0,27800.0,292700.0,626.775153796,1159.0,566.9,626.775153796,431.2,27.8,292.7,1992.0,VICTREX
GB GROUP PLC,GB02415211,5829,32741,15,2025,707.378,475523.0,-75087.0,285044.0,469.583134282,1082.0,707.378,469.583134282,475.523,-75.087,285.044,1988.0,GB
SAVANNAH ENERGY PLC,GB09115262,0910,2014,12,2025,,,,,,,,,,,,1904.0,SAVANNAH ENERGY
HAMMERSON PLC,GB00360632,6831,14718,15,2025,3931.2,2094800.0,232100.0,264400.0,1754.35321485,124.0,3931.2,1754.35321485,2094.8,232.1,264.4,1939.0,HAMMERSON
DERWENT LONDON PLC,GB01819699,6831,30827,30,2025,5313.7,3615300.0,161100.0,251800.0,1952.739186773,206.0,5313.7,1952.739186773,3615.3,161.1,251.8,1983.0,DERWENT LONDON
THE GYM GROUP PLC,GB08528493,9313,41408,16,2025,615.9,141700.0,7400.0,244900.0,267.637170603,1924.0,615.9,267.637170603,141.7,7.4,244.9,2012.0,GYM
SHAFTESBURY CAPITAL PLC,GB07145051,6831,2010,12,2025,5880.9,4568100.0,340200.0,241900.0,2832.108393235,101.0,5880.9,2832.108393235,4568.1,340.2,241.9,1904.0,SHAFTESBURY CAPITAL
ALLIANCE TRUST PLC,GBSC001731,6430,01/01/1888,38,2025,5490.142,5112743.0,224464.0,241153.0,,,5490.142,,5112.743,224.464,241.153,1888.0,ALLIANCE TRUST
PRIMARY HEALTH PROPERTIES PLC,GB03033634,6831,34774,20,2025,6040.0,2554000.0,119000.0,232000.0,2540.592949137,,6040.0,2540.592949137,2554.0,119.0,232.0,1994.0,PRIMARY HEALTH PROPERTIES
SAFESTORE HOLDINGS PLC,GB04726380,5210,37719,11,2025,3591.0,2288400.0,111100.0,234300.0,1562.207095837,836.0,3591.0,1562.207095837,2288.4,111.1,234.3,2002.0,SAFESTORE
OXFORD NANOPORE TECHNOLOGIES PLC,GB05386273,7211,2005,33,2025,622.5,463300.0,-145200.0,223900.0,1240.41714271,1316.0,622.5,1240.41714271,463.3,-145.2,223.9,1904.0,OXFORD NANOPORE TECHNOLOGIES
SABRE INSURANCE GROUP PLC,GB10974661,6511,2017,9,2025,729.297,257862.0,37915.0,217990.0,320.579988241,,729.297,320.579988241,257.862,37.915,217.99,1904.0,SABRE INSURANCE
BANKERS INVESTMENT TRUST PLC,GB00026351,6430,,45,2025,1565.48,1435686.0,216691.0,220931.0,1319.804902316,2000.0,1565.48,1319.804902316,1435.686,216.691,220.931,,BANKERS INVESTMENT TRUST
3I INFRASTRUCTURE PLC,GBJE95682,6430,2007,8,2025,4325.0,3737000.0,295000.0,218000.0,2972.932457356,,4325.0,2972.932457356,3737.0,295.0,218.0,1904.0,I INFRASTRUCTURE
SECURE TRUST BANK PLC,GB00541132,6419,20054,140,2025,4316.0,374300.0,17600.0,213800.0,237.760833557,860.0,4316.0,237.760833557,374.3,17.6,213.8,1953.0,SECURE TRUST BANK
GLOBALWORTH REAL ESTATE INVESTMENTS LIMITED,GBGG56250,6831,2013,12,2025,2722.95874592186,1321736.05425432,8379.69955854744,206900.685265294,506.104907652529,,2722.95874592186,506.104907652529,1321.73605425432,8.37969955854744,206.90068526529402,1904.0,GLOBALWORTH REAL ESTATE INVESTMENTS
BIG YELLOW GROUP PLC,GB03625199,5210,36033,12,2025,3154.169,2599206.0,124913.0,209084.0,1663.11688741,482.0,3154.169,1663.11688741,2599.206,124.913,209.084,1997.0,BIG YELLOW
ASA INTERNATIONAL GROUP PLC,GB11361159,6420,43234,20,2025,592.401270300278,120282.49226014,42014.817387779,190997.116894374,189.499998093,15191.0,592.401270300278,189.499998093,120.28249226014,42.014817387779004,190.997116894374,2017.0,ASA
AUCTION TECHNOLOGY GROUP PLC,GB13141124,5829,2020,26,2025,777.404,526634.0,-144595.0,190165.0,388.25517747,469.0,777.404,388.25517747,526.634,-144.595,190.165,1904.0,AUCTION TECHNOLOGY
CHESNARA PLC,GB04947166,7010,37923,72,2025,14576.0,563300.0,-10400.0,186300.0,,346.0,14576.0,,563.3,-10.4,186.3,2002.0,CHESNARA
WORKSPACE GROUP PLC,GB02041612,6831,31622,19,2025,2210.1,1328200.0,-120300.0,181400.0,656.749789224,283.0,2210.1,656.749789224,1328.2,-120.3,181.4,1985.0,WORKSPACE
EDINBURGH WORLDWIDE INVESTMENT TRUST PLC,GBSC184775,6430,36045,13,2025,850.399,768957.0,177003.0,180356.0,713.367782007,,850.399,713.367782007,768.957,177.003,180.356,1997.0,EDINBURGH WORLDWIDE INVESTMENT TRUST
ARBUTHNOT BANKING GROUP PLC,GB01954085,6420,31355,18,2025,4997.838,276398.0,17810.0,173893.0,145.904003162,954.0,4997.838,145.904003162,276.398,17.81,173.893,1984.0,ARBUTHNOT BANKING
HICL INFRASTRUCTURE PLC,GB11738373,6619,2006,18,2025,3038.2,3033500.0,266600.0,172000.0,2245.516021418,,3038.2,2245.516021418,3033.5,266.6,172.0,1904.0,HICL INFRASTRUCTURE
KISTOS HOLDINGS PLC,GB14490676,0610,44882,8,2025,677.657170242903,31885.1239167899,-1351.12125680545,164226.633510772,149.154733449,50.0,677.657170242903,149.154733449,31.8851239167899,-1.35112125680545,164.226633510772,2021.0,KISTOS
FUNDING CIRCLE HOLDINGS PLC,GB07123934,6201,40191,18,2025,535.9,228400.0,46000.0,148000.0,382.300918011,685.0,535.9,382.300918011,228.4,46.0,148.0,2009.0,FUNDING CIRCLE
ASHMORE GROUP PLC,GB03675683,6619,36129,8,2025,908.1,790800.0,81200.0,144400.0,1115.439399043,272.0,908.1,1115.439399043,790.8,81.2,144.4,1997.0,ASHMORE
PEEL HUNT LIMITED,GBGG65579,6420,43230,12,2025,811.815,108485.0,14913.0,143677.0,131.403587391,265.0,811.815,131.403587391,108.485,14.913,143.677,2017.0,PEEL HUNT
GULF MARINE SERVICES PLC,GB08860816,3011,41663,14,2025,520.179454297066,313823.551982922,14042.5941404504,140885.233448897,224.672364099,746.0,520.179454297066,224.672364099,313.823551982922,14.042594140450399,140.885233448897,2013.0,GULF MARINE SERVICES
CLS HOLDINGS PLC,GB02714781,6831,33738,28,2025,1770.7,742100.0,-50300.0,139700.0,239.662665925,113.0,1770.7,239.662665925,742.1,-50.3,139.7,1991.0,CLS
GRAINGER PLC,GB00125575,9499,1912,12,2025,3771.8,2039800.0,202600.0,130800.0,1438.721517955,372.0,3771.8,1438.721517955,2039.8,202.6,130.8,1904.0,GRAINGER
HARWORTH GROUP PLC,GB02649340,7010,33508,14,2025,1042.243,698979.0,9472.0,129749.0,,143.0,1042.243,,698.979,9.472,129.749,1990.0,HARWORTH
NEWRIVER REIT PLC,GB10221027,9499,2009,14,2025,1022.0,457600.0,31700.0,131000.0,299.734109103,261.0,1022.0,299.734109103,457.6,31.7,131.0,1904.0,NEWRIVER REIT
ON THE BEACH GROUP PLC,GB09736592,7911,42233,14,2025,502.1,156800.0,8600.0,127600.0,343.501692744,505.0,502.1,343.501692744,156.8,8.6,127.6,2014.0,ON BEACH
SUPERMARKET INCOME REIT PLC,GB10799126,9499,2017,11,2025,1750.77,1103252.0,61528.0,123358.0,1058.057113822,15.0,1750.77,1058.057113822,1103.252,61.528,123.358,1904.0,SUPERMARKET INCOME REIT
IP GROUP PLC,GB04204490,6619,2001,33,2025,1098.6,975100.0,66900.0,125200.0,517.688567882,64.0,1098.6,517.688567882,975.1,66.9,125.2,1904.0,IP
GREAT PORTLAND ESTATES PLC,GB00596137,6831,21184,33,2025,3117.3,2126700.0,154500.0,117900.0,718.446168761,164.0,3117.3,718.446168761,2126.7,154.5,117.9,1957.0,GREAT PORTLAND ESTATES
S & U PLC,GB00342025,6491,1938,12,2025,501.217,249001.0,23713.0,107431.0,287.97302127,258.0,501.217,287.97302127,249.001,23.713,107.431,1904.0,S U
BIOPHARMA CREDIT PLC,GB10443190,6619,2016,12,2025,868.358497115161,855310.292546551,96530.850760555,103857.970931537,770.133323596,,868.358497115161,770.133323596,855.310292546551,96.530850760555,103.857970931537,1904.0,BIOPHARMA CREDIT
AVATION PLC,GB05872328,7739,38909,14,2025,804.185585357572,177957.355240647,-5631.09074184868,82194.5123097708,103.545513642,20.0,804.185585357572,103.545513642,177.95735524064702,-5.631090741848681,82.1945123097708,2005.0,AVATION
REGIONAL REIT LIMITED,GBGG60527,9499,2015,7,2025,636.576,319286.0,-16352.0,78628.0,173.11051252,,636.576,173.11051252,319.286,-16.352,78.628,1904.0,REGIONAL REIT
TARGET HEALTHCARE REIT PLC,GB11990238,6619,2019,14,2025,986.186,712460.0,60845.0,72928.0,646.287274901,,986.186,646.287274901,712.46,60.845,72.928,1904.0,TARGET HEALTHCARE REIT
THE LAW DEBENTURE CORPORATION PLC,GB00030397,6430,1889,13,2025,1445.581,1202075.0,304670.0,70030.0,1411.528167551,313.0,1445.581,1411.528167551,1202.075,304.67,70.03,1904.0,LAW DEBENTURE CORPORATION
POLLEN STREET GROUP LIMITED,GBGG70165,9499,2021,6,2025,851.544,597014.0,56566.0,64321.0,566.645936909,,851.544,566.645936909,597.014,56.566,64.321,1904.0,POLLEN STREET
CUSTODIAN PROPERTY INCOME REIT PLC,GB08863271,9499,2014,15,2025,695.159,486733.0,48298.0,52350.0,390.165126519,,695.159,390.165126519,486.733,48.298,52.35,1904.0,CUSTODIAN PROPERTY INCOME REIT
PICTON PROPERTY INCOME LIMITED,GBGG43673,9499,38610,16,2025,751.653,521983.0,25854.0,51069.0,395.132975964,12.0,751.653,395.132975964,521.983,25.854,51.069,2004.0,PICTON PROPERTY INCOME
SYNCONA LIMITED,GBGG55514,9499,2012,38,2025,1052.703,1037749.0,-8805.0,49334.0,538.25082044,,1052.703,538.25082044,1037.749,-8.805,49.334,1904.0,SYNCONA
GRIT REAL ESTATE INCOME GROUP LIMITED,GBGG68739,9499,44234,34,2025,,,,,,,,,,,,2020.0,GRIT REAL ESTATE INCOME
MALIBU LIFE HOLDINGS LIMITED,GBGG47161,6430,2007,11,2025,1430.66053149651,422880.887222825,15883.4782730726,44734.1532946278,313.29481575,,1430.66053149651,313.29481575,422.88088722282504,15.8834782730726,44.7341532946278,1904.0,MALIBU LIFE
FIDELITY CHINA SPECIAL SITUATIONS PLC,GB07133583,6430,2010,20,2025,1455.778,1412761.0,143867.0,45333.0,1292.209279594,,1455.778,1292.209279594,1412.761,143.867,45.333,1904.0,FIDELITY CHINA SPECIAL SITUATIONS
TR PROPERTY INVESTMENT TRUST PLC,GB00084492,6430,1905,13,2025,1198.259,1058306.0,70845.0,44688.0,963.160251538,,1198.259,963.160251538,1058.306,70.845,44.688,1904.0,TR PROPERTY INVESTMENT TRUST
PACIFIC HORIZON INVESTMENT TRUST PLC,GB02342193,6430,,12,2025,656.393,613357.0,43551.0,43075.0,555.001808594,,656.393,555.001808594,613.357,43.551,43.075,,PACIFIC HORIZON INVESTMENT TRUST
LIVING REIT PLC,GB10814022,9499,2017,23,2025,636.774,370776.0,2993.0,40773.0,271.491877162,,636.774,271.491877162,370.776,2.993,40.773,1904.0,LIVING REIT
JPMORGAN JAPANESE INVESTMENT TRUST PLC,GB00223583,6430,1927,29,2025,1289.727,1220124.0,241399.0,38300.0,1104.310494073,,1289.727,1104.310494073,1220.124,241.399,38.3,1904.0,JPMORGAN JAPANESE INVESTMENT TRUST
HELICAL PLC,GB00156663,6831,7006,29,2025,625.561,425361.0,5667.0,33251.0,216.364996581,25.0,625.561,216.364996581,425.361,5.667,33.251,1918.0,HELICAL
FIDELITY EMERGING MARKETS LIMITED,GBGG20790,6430,1989,12,2025,583.428729385139,563129.508417731,92673.6247983925,31345.3834179812,503.409659355,,583.428729385139,503.409659355,563.129508417731,92.6736247983925,31.3453834179812,1904.0,FIDELITY EMERGING MARKETS
CAB PAYMENTS HOLDINGS PLC,GB09659405,6420,2015,20,2025,1659.724,160722.0,13556.0,31911.0,157.314656426,325.0,1659.724,157.314656426,160.722,13.556,31.911,1904.0,CAB PAYMENTS
LENDINVEST PLC,GB08146929,6492,2012,12,2025,1083.5,72500.0,2300.0,32000.0,37.837234582,192.0,1083.5,37.837234582,72.5,2.3,32.0,1904.0,LENDINVEST
PANTHEON INFRASTRUCTURE PLC,GB13611678,9499,2021,16,2025,617.405,611285.0,77816.0,29567.0,508.458142877,,617.405,508.458142877,611.285,77.816,29.567,1904.0,PANTHEON INFRASTRUCTURE
FIDELITY EUROPEAN TRUST PLC,GB02638812,9499,1991,11,2025,2253.404,2221230.0,273356.0,27618.0,2129.755883069,,2253.404,2129.755883069,2221.23,273.356,27.618,1904.0,FIDELITY EUROPEAN TRUST
GREENCOAT UK WIND PLC,GB08318092,6619,2012,9,2025,4636.795,2882356.0,-192617.0,24397.0,2118.765864659,,4636.795,2118.765864659,2882.356,-192.617,24.397,1904.0,GREENCOAT UK WIND
PANTHEON INTERNATIONAL PLC,GB02147984,6430,1987,17,2025,2465.792,2223040.0,-6712.0,505.0,1325.442800122,,2465.792,1325.442800122,2223.04,-6.712,0.505,1904.0,PANTHEON
NEXTENERGY SOLAR FUND LIMITED,GBGG57739,6619,2008,22,2025,638.798,437510.0,-61036.0,20931.0,255.676418702,,638.798,255.676418702,437.51,-61.036,20.931,1904.0,NEXTENERGY SOLAR FUND
PHOENIX SPREE DEUTSCHLAND LIMITED,GBJE97031,9499,2007,5,2025,512.166782928823,236722.146282842,-5602.7670245561,19892.6173346926,154.729101401,,512.166782928823,154.729101401,236.722146282842,-5.6027670245561,19.892617334692602,1904.0,PHOENIX SPREE DEUTSCHLAND
BLACKROCK WORLD MINING TRUST PLC,GB02868209,6430,1993,54,2025,1705.764,1598428.0,688590.0,19708.0,1500.931602319,,1705.764,1500.931602319,1598.428,688.59,19.708,1904.0,BLACKROCK WORLD MINING TRUST
MOLTEN VENTURES PLC,GB09799594,6619,2006,16,2025,1481.0,1323800.0,120300.0,17700.0,797.272171278,58.0,1481.0,797.272171278,1323.8,120.3,17.7,1904.0,MOLTEN VENTURES
BRUNNER INVESTMENT TRUST (THE) PLC,GB00226323,6430,1927,10,2025,697.373,667223.0,55552.0,15159.0,607.915486003,,697.373,607.915486003,667.223,55.552,15.159,1904.0,BRUNNER INVESTMENT TRUST
OCTOPUS TITAN VCT PLC,GB06397765,6619,2007,19,2025,734.105,732844.0,-90535.0,8074.0,387.215622883,,734.105,387.215622883,732.844,-90.535,8.074,1904.0,OCTOPUS TITAN VCT
ALLIANZ TECHNOLOGY TRUST PLC,GB03117355,6430,1995,23,2025,2032.553,2028855.0,406981.0,7630.0,1870.071861922,291.0,2032.553,1870.071861922,2028.855,406.981,7.63,1904.0,ALLIANZ TECHNOLOGY TRUST
PATRIA PRIVATE EQUITY TRUST PLC,GBSC216638,6619,36959,18,2025,1486.178,1256724.0,113373.0,6692.0,824.975149652,,1486.178,824.975149652,1256.724,113.373,6.692,2000.0,PATRIA PRIVATE EQUITY TRUST
THE NORTH AMERICAN INCOME TRUST PLC,GBSC005218,6430,1902,10,2025,505.617,458335.0,34763.0,6218.0,435.990604329,,505.617,435.990604329,458.335,34.763,6.218,1904.0,NORTH AMERICAN INCOME TRUST
THE SCOTTISH AMERICAN INVESTMENT COMPANY PLC,GBSC000489,6430,1873,11,2025,978.323,878626.0,17699.0,5923.0,845.653664833,,978.323,845.653664833,878.626,17.699,5.923,1904.0,SCOTTISH AMERICAN INVESTMENT
CT PRIVATE EQUITY TRUST PLC,GBSC179412,6430,1997,23,2025,620.834,507908.0,23129.0,4800.0,400.416445981,,620.834,400.416445981,507.908,23.129,4.8,1904.0,CT PRIVATE EQUITY TRUST
PERSONAL ASSETS TRUST PLC,GBSC074582,6430,1981,11,2025,1663.015,1632404.0,114918.0,3896.0,1619.044123222,,1663.015,1619.044123222,1632.404,114.918,3.896,1904.0,PERSONAL ASSETS TRUST
MANX FINANCIAL GROUP PLC,GBIM004908V,6491,1935,8,2025,561.32,43555.0,6390.0,4043.0,33.845894267,181.0,561.32,33.845894267,43.555,6.39,4.043,1904.0,MANX FINANCIAL
MURRAY INCOME TRUST PLC,GBSC012725,9499,1923,11,2025,1033.58,916738.0,22880.0,2789.0,836.375007624,,1033.58,836.375007624,916.738,22.88,2.789,1904.0,MURRAY INCOME TRUST
CHRYSALIS INVESTMENTS LIMITED,GBGG65432,6619,2018,9,2025,946.982,874571.0,120469.0,2591.0,617.513446373,,946.982,617.513446373,874.571,120.469,2.591,1904.0,CHRYSALIS INVESTMENTS
CALEDONIA INVESTMENTS PLC,GB00235481,6430,1928,37,2025,2995.6,2980000.0,135200.0,2600.0,1667.150335302,82.0,2995.6,1667.150335302,2980.0,135.2,2.6,1904.0,CALEDONIA INVESTMENTS
FIDELITY SPECIAL VALUES PLC,GB02972628,6430,1994,18,2025,1271.717,1267188.0,158388.0,2195.0,1227.585880596,,1271.717,1227.585880596,1267.188,158.388,2.195,1904.0,FIDELITY SPECIAL VALUES
SCHRODER ASIAN TOTAL RETURN INVESTMENT COMPANY PLC,GB02153093,6430,1987,24,2025,533.227,529452.0,64131.0,2024.0,523.736933481,,533.227,523.736933481,529.452,64.131,2.024,1904.0,SCHRODER ASIAN TOTAL RETURN INVESTMENT
DISTRIBUTION FINANCE CAPITAL HOLDINGS PLC,GB11911574,8411,2019,19,2025,999.812,127230.0,15159.0,1975.0,85.03042824,155.0,999.812,85.03042824,127.23,15.159,1.975,1904.0,DISTRIBUTION FINANCE CAPITAL
RTW BIOTECH OPPORTUNITIES LTD.,GBGG66847,9499,2017,49,2025,794.502404080202,643025.955542892,15518.5714869937,1808.18372816702,,,794.502404080202,,643.025955542892,15.5185714869937,1.80818372816702,1904.0,RTW BIOTECH OPPORTUNITIES
ABERFORTH SMALLER COMPANIES TRUST PLC,GBSC126524,6430,1990,13,2025,1467.022,1391716.0,96235.0,1318.0,1255.148584448,,1467.022,1255.148584448,1391.716,96.235,1.318,1904.0,ABERFORTH SMALLER COMPANIES TRUST
CORDIANT DIGITAL INFRASTRUCTURE LIMITED,GBGG68630,9499,2021,32,2025,1297.48,1117949.0,159309.0,1324.0,777.201198201,,1297.48,777.201198201,1117.949,159.309,1.324,1904.0,CORDIANT DIGITAL INFRASTRUCTURE
JPMORGAN CLAVERHOUSE INVESTMENT TRUST PLC,GB00754577,6430,1963,15,2025,518.996,488431.0,110682.0,916.0,472.582409553,,518.996,472.582409553,488.431,110.682,0.916,1904.0,JPMORGAN CLAVERHOUSE INVESTMENT TRUST
BLACKROCK SMALLER COMPANIES TRUST PLC,GBSC006176,6430,1906,14,2025,681.32,603842.0,60205.0,797.0,558.175371557,,681.32,558.175371557,603.842,60.205,0.797,1904.0,BLACKROCK SMALLER COMPANIES TRUST
JPMORGAN EUROPEAN DISCOVERY TRUST PLC,GB02431143,6430,1989,27,2025,587.086,584149.0,112129.0,809.0,531.38067825,,587.086,531.38067825,584.149,112.129,0.809,1904.0,JPMORGAN EUROPEAN DISCOVERY TRUST
INTERNATIONAL PUBLIC PARTNERSHIPS LIMITED,GBGG45241,6430,2006,8,2025,2756.085,2746641.0,263704.0,769.0,2269.191647691,,2756.085,2269.191647691,2746.641,263.704,0.769,1904.0,PUBLIC PARTNERSHIPS
GRESHAM HOUSE ENERGY STORAGE FUND PLC,GB11535957,9499,2018,197,2025,647.228,644967.0,23350.0,712.0,448.422568396,,647.228,448.422568396,644.967,23.35,0.712,1904.0,GRESHAM HOUSE ENERGY STORAGE FUND
BLACKROCK THROGMORTON TRUST PLC,GB00594634,6430,1969,6,2025,508.104,501618.0,-9045.0,550.0,459.204179093,,508.104,459.204179093,501.618,-9.045,0.55,1904.0,BLACKROCK THROGMORTON TRUST
NORTH ATLANTIC SMALLER COMPANIES INVESTMENT TRUST PLC,GB01091347,6430,1973,20,2025,726.122,724805.0,29301.0,522.0,468.494988799,,726.122,468.494988799,724.805,29.301,0.522,1904.0,NORTH ATLANTIC SMALLER COMPANIES INVESTMENT TRUST
HENDERSON SMALLER COMPANIES INVESTMENT TRUST PLC,GB00025526,6430,1887,8,2025,706.086,634324.0,-44994.0,638.0,575.98385089,,706.086,575.98385089,634.324,-44.994,0.638,1904.0,HENDERSON SMALLER COMPANIES INVESTMENT TRUST
THE GLOBAL SMALLER COMPANIES TRUST PLC,GB00028264,6430,1889,13,2025,790.908,736815.0,-42579.0,405.0,664.900962804,,790.908,664.900962804,736.815,-42.579,0.405,1904.0,GLOBAL SMALLER COMPANIES TRUST
FINSBURY GROWTH & INCOME TRUST PLC,GBSC013958,6430,1926,11,2025,1261.512,1227740.0,-13885.0,365.0,1145.292571402,,1261.512,1145.292571402,1227.74,-13.885,0.365,1904.0,FINSBURY GROWTH INCOME TRUST
JPMORGAN UK SMALL CAP GROWTH & INCOME PLC,GB02515996,6430,1990,66,2025,536.656,473016.0,-3017.0,280.0,427.881034348,,536.656,427.881034348,473.016,-3.017,0.28,1904.0,JPMORGAN UK SMALL CAP GROWTH INCOME
JPMORGAN EUROPEAN GROWTH & INCOME PLC,GB00237958,6430,1929,39,2025,615.101,570862.0,97882.0,262.0,546.964195334,,615.101,546.964195334,570.862,97.882,0.262,1904.0,JPMORGAN EUROPEAN GROWTH INCOME
THE CITY OF LONDON INVESTMENT TRUST PLC,GB00034871,6430,1891,9,2025,2470.318,2332039.0,342116.0,241.0,160.68400725,,2470.318,160.68400725,2332.039,342.116,0.241,1904.0,CITY OF LONDON INVESTMENT TRUST
HARBOURVEST GLOBAL PRIVATE EQUITY LIMITED,GBGG47907,9499,2007,6,2025,3520.85115140152,3097313.85191241,241774.466875645,224.971964026889,2252.62794341,,3520.85115140152,2252.62794341,3097.31385191241,241.774466875645,0.224971964026889,1904.0,HARBOURVEST GLOBAL PRIVATE EQUITY
HERALD INVESTMENT TRUST PLC,GB02879728,6430,1993,13,2025,1293.928,1292413.0,98470.0,150.0,1150.996094837,,1293.928,1150.996094837,1292.413,98.47,0.15,1904.0,HERALD INVESTMENT TRUST
TEMPLETON EMERGING MARKETS INVESTMENT TRUST PLC,GBSC118022,6430,1989,54,2025,2650.778,2525585.0,758536.0,105.0,2319.744157909,,2650.778,2319.744157909,2525.585,758.536,0.105,1904.0,TEMPLETON EMERGING MARKETS INVESTMENT TRUST
ICG ENTERPRISE TRUST PLC,GB01571089,6430,1981,16,2025,1344.223,1272572.0,-8429.0,63.0,954.446679294,,1344.223,954.446679294,1272.572,-8.429,0.063,1904.0,ICG ENTERPRISE TRUST
GCP INFRASTRUCTURE INVESTMENTS LIMITED,GBJE105775,6430,2010,9,2025,871.149,848725.0,18358.0,41.0,606.834758881,,871.149,606.834758881,848.725,18.358,0.041,1904.0,GCP INFRASTRUCTURE INVESTMENTS
THE MONKS INVESTMENT TRUST PLC,GB00236964,6430,1929,11,2025,2553.994,2318906.0,-16755.0,,2135.145960552,,2553.994,2135.145960552,2318.906,-16.755,,1904.0,MONKS INVESTMENT TRUST
NB PRIVATE EQUITY PARTNERS LIMITED,GBGG47214,9499,2009,32,2025,972.212752091646,900371.44988573,28897.4960552069,4.45914606206418,700.278438488,,972.212752091646,700.278438488,900.37144988573,28.897496055206897,0.00445914606206418,1904.0,NB PRIVATE EQUITY PARTNERS
SCHRODER ASIAPACIFIC FUND PLC,GB03104981,6430,1995,35,2025,1004.397,952650.0,121777.0,1.0,861.52502519,,1004.397,861.52502519,952.65,121.777,0.001,1904.0,SCHRODER ASIAPACIFIC FUND
AVI GLOBAL TRUST PLC,GB00028203,6430,1889,17,2025,1314.457,1145692.0,120148.0,1.0,1083.138530709,,1314.457,1083.138530709,1145.692,120.148,0.001,1904.0,AVI GLOBAL TRUST
CAPITAL GEARING TRUST PLC,GBNI005574,6430,1963,18,2025,803.777,801311.0,45388.0,0.0,782.556936009,,803.777,782.556936009,801.311,45.388,0.0,1904.0,CAPITAL GEARING TRUST
PERSHING SQUARE HOLDINGS LIMITED,GBGG54602,9499,2012,6,2025,14389.2897740119,11184583.9934085,1876836.74093856,0.0,8547.495352377,,14389.2897740119,8547.495352377,11184.5839934085,1876.83674093856,0.0,1904.0,PERSHING SQUARE
PRINCESS PRIVATE EQUITY HOLDING LIMITED,GBGG35241,6430,1999,6,2025,835.375532408678,778519.148649042,-78541.7817522795,0.0,626.218883439,,835.375532408678,626.218883439,778.519148649042,-78.54178175227949,0.0,1904.0,PRINCESS PRIVATE EQUITY HOLDING
MERCANTILE INVESTMENT TRUST (THE) PLC,GB00020537,6619,1884,35,2025,2304.217,1967793.0,207853.0,0.0,1826.673159463,,2304.217,1826.673159463,1967.793,207.853,0.0,1904.0,MERCANTILE INVESTMENT TRUST
ASHOKA INDIA EQUITY INVESTMENT TRUST PLC,GB11356069,9499,2018,11,2025,510.552,476155.0,-1053.0,0.0,480.638438565,,510.552,480.638438565,476.155,-1.053,0.0,1904.0,ASHOKA INDIA EQUITY INVESTMENT TRUST
ABERDEEN ASIA FOCUS PLC,GB03106339,6430,1995,13,2025,639.191,558593.0,89935.0,0.0,501.931076609,,639.191,501.931076609,558.593,89.935,0.0,1904.0,ABERDEEN ASIA FOCUS
THE EUROPEAN SMALLER COMPANIES TRUST PLC,GB02520734,6430,1990,13,2025,524.041,510677.0,90057.0,0.0,481.21359211,,524.041,481.21359211,510.677,90.057,0.0,1904.0,EUROPEAN SMALLER COMPANIES TRUST
EDINBURGH INVESTMENT TRUST PLC,GBSC001836,6430,1889,45,2025,1181.377,1059432.0,78144.0,0.0,1017.677885761,,1181.377,1017.677885761,1059.432,78.144,0.0,1904.0,EDINBURGH INVESTMENT TRUST
SEQUOIA ECONOMIC INFRASTRUCTURE INCOME FUND LIMITED,GBGG59596,9499,2014,13,2025,1404.401,1378640.0,104143.0,-1874.0,1133.474606671,,1404.401,1133.474606671,1378.64,104.143,-1.874,1904.0,SEQUOIA ECONOMIC INFRASTRUCTURE INCOME FUND
JPMORGAN AMERICAN INVESTMENT TRUST PLC,GB00015543,6430,1881,41,2025,2056.53,1949863.0,81499.0,,1902.753315944,,2056.53,1902.753315944,1949.863,81.499,,1904.0,JPMORGAN AMERICAN INVESTMENT TRUST
JPMORGAN GLOBAL GROWTH & INCOME PLC,GB00024299,6430,1887,28,2025,3372.815,3180221.0,33989.0,,3173.729810698,,3372.815,3173.729810698,3180.221,33.989,,1904.0,JPMORGAN GLOBAL GROWTH INCOME
THE MERCHANTS TRUST PLC,GB00028276,6430,1889,13,2025,1083.908,964464.0,162408.0,,934.532294822,291.0,1083.908,934.532294822,964.464,162.408,,1904.0,MERCHANTS TRUST
TEMPLE BAR INVESTMENT TRUST PLC,GB00214601,6430,1926,7,2025,1146.008,1069192.0,276713.0,,1096.322920591,,1146.008,1096.322920591,1069.192,276.713,,1904.0,TEMPLE BAR INVESTMENT TRUST
YELLOW CAKE PLC,GBJE125612,0721,2018,7,2025,1602.38393255599,1598326.6524883,317853.609097499,,1507.112071113,,1602.38393255599,1507.112071113,1598.3266524883002,317.853609097499,,1904.0,YELLOW CAKE
FORESIGHT SOLAR FUND LIMITED,GBJE113721,6619,2013,32,2025,546.711,545882.0,-32427.0,,354.354045897,,546.711,354.354045897,545.882,-32.427,,1904.0,FORESIGHT SOLAR FUND
THE RENEWABLES INFRASTRUCTURE GROUP LIMITED,GBGG56716,6619,2013,19,2025,2493.0,2487700.0,-129900.0,,1648.409079117,,2493.0,1648.409079117,2487.7,-129.9,,1904.0,RENEWABLES INFRASTRUCTURE
FORESIGHT ENVIRONMENTAL INFRASTRUCTURE LIMITED,GBGG57682,6619,2004,12,2025,657.254,655452.0,37163.0,,423.870072258,,657.254,423.870072258,655.452,37.163,,1904.0,FORESIGHT ENVIRONMENTAL INFRASTRUCTURE
TWENTYFOUR INCOME FUND LIMITED,GBGG56128,6619,2013,41,2025,981.088,926532.0,54827.0,,923.322922267,,981.088,923.322922267,926.532,54.827,,1904.0,TWENTYFOUR INCOME FUND
THE SCHIEHALLION FUND LIMITED,GBGG65915,9499,2019,6,2025,1306.28664623389,1303319.19345678,318680.769920231,,1311.87886609,,1306.28664623389,1311.87886609,1303.3191934567799,318.680769920231,,1904.0,SCHIEHALLION FUND
BH MACRO LIMITED,GBGG46235,6430,2007,6,2025,1477.98767822622,1472312.67167124,112325.146112386,,1259.022893169,,1477.98767822622,1259.022893169,1472.31267167124,112.32514611238601,,1904.0,BH MACRO
RUFFER INVESTMENT COMPANY LIMITED,GBGG41996,6430,2004,3,2025,893.932,888196.0,41710.0,,858.184823824,,893.932,858.184823824,888.196,41.71,,1904.0,RUFFER INVESTMENT
SCHRODER ORIENTAL INCOME FUND LIMITED,GBGG43298,9499,2005,24,2025,776.517,732095.0,94496.0,,695.489717949,,776.517,695.489717949,732.095,94.496,,1904.0,SCHRODER ORIENTAL INCOME FUND
SDCL EFFICIENCY INCOME TRUST PLC,GB11620959,9499,2018,52,2025,846.5,844500.0,-87400.0,,450.449107513,,846.5,450.449107513,844.5,-87.4,,1904.0,SDCL EFFICIENCY INCOME TRUST
BAILLIE GIFFORD US GROWTH TRUST PLC,GB11194060,9499,2018,10,2025,782.43,743790.0,135361.0,,673.542731136,,782.43,673.542731136,743.79,135.361,,1904.0,BAILLIE GIFFORD US GROWTH TRUST
UTILICO EMERGING MARKETS TRUST PLC,GB11102129,6430,2005,22,2025,576.43,550905.0,115849.0,,476.164326313,,576.43,476.164326313,550.905,115.849,,1904.0,UTILICO EMERGING MARKETS TRUST
GEORGIA CAPITAL PLC,GB10852406,6619,2017,6,2025,1433.48641572144,1432423.9264152,521908.093833823,,1082.035067,,1433.48641572144,1082.035067,1432.4239264152002,521.908093833823,,1904.0,GEORGIA CAPITAL
IMPAX ENVIRONMENTAL MARKETS PLC,GB04348393,6430,37263,45,2025,903.618,813244.0,-14534.0,,754.977929392,,903.618,754.977929392,813.244,-14.534,,2001.0,IMPAX ENVIRONMENTAL MARKETS
HG CAPITAL TRUST PLC,GB01525583,6430,1980,20,2025,2608.385,2570263.0,98367.0,,2320.683573574,,2608.385,2320.683573574,2570.263,98.367,,1904.0,HG CAPITAL TRUST
WORLDWIDE HEALTHCARE TRUST PLC,GB03023689,2120,1995,10,2025,1431.055,1385470.0,113363.0,,1247.19744073,,1431.055,1247.19744073,1385.47,113.363,,1904.0,WORLDWIDE HEALTHCARE TRUST
INVESCO ASIA DRAGON TRUST PLC,GB03011768,6430,1995,29,2025,777.252,729912.0,-24764.0,,655.530092968,,777.252,655.530092968,729.912,-24.764,,1904.0,INVESCO ASIA DRAGON TRUST
JPMORGAN INDIA GROWTH & INCOME PLC,GB02915926,6430,1994,25,2025,520.968,502246.0,-87769.0,,457.761105289,,520.968,457.761105289,502.246,-87.769,,1904.0,JPMORGAN INDIA GROWTH INCOME
ST. JAMES'S PLACE PLC,GB03183415,7010,35156,25,2025,224877.5,1478800.0,696700.0,,,3102.0,224877.5,,1478.8,696.7,,1995.0,ST JAMES S PLACE
JPMORGAN EMERGING MARKETS GROWTH & INCOME PLC,GB02618994,6430,1991,54,2025,1308.575,1275423.0,49479.0,,1171.380253822,,1308.575,1171.380253822,1275.423,49.479,,1904.0,JPMORGAN EMERGING MARKETS GROWTH INCOME
THE BAILLIE GIFFORD JAPAN TRUST PLC,GBSC075954,6430,1981,18,2025,907.756,788148.0,123430.0,,698.197892136,,907.756,698.197892136,788.148,123.43,,1904.0,BAILLIE GIFFORD JAPAN TRUST
BLACKROCK GREATER EUROPE INVESTMENT TRUST PLC,GB05142459,6430,2004,51,2025,572.841,569079.0,-40196.0,,542.873453834,,572.841,542.873453834,569.079,-40.196,,1904.0,BLACKROCK GREATER EUROPE INVESTMENT TRUST
OCTOPUS APOLLO VCT PLC,GB05840377,6619,2006,33,2025,562.187,541059.0,12401.0,,510.528182906,,562.187,510.528182906,541.059,12.401,,1904.0,OCTOPUS APOLLO VCT
SHELL PLC,GB04366849,0610,37292,23,2024,308962.757256468,143611737.728957,12828511.7612996,227088730.565658,151408.1728717,96000.0,308962.757256468,151408.1728717,143611.737728957,12828.5117612996,227088.730565658,2001.0,SHELL
GLENCORE PLC,GBJE107710,2399,2011,22,2024,103989.539230716,28424551.3488222,-1302459.8122259,184237483.903815,43117.315085724,84146.0,103989.539230716,43117.315085724,28424.5513488222,-1302.4598122259,184237.483903815,1904.0,GLENCORE
BP P.L.C.,GB00102498,1920,3395,34,2024,224963.664556237,62427201.6976181,303694.729778499,151822654.819372,63611.271550767,100500.0,224963.664556237,63611.271550767,62427.2016976181,303.694729778499,151822.654819372,1908.0,BP
TESCO PLC,GB00445790,4711,17498,24,2024,38890.0,11662000.0,1626000.0,70463000.0,25202.526213797,336440.0,38890.0,25202.526213797,11662.0,1626.0,70463.0,1946.0,TESCO
HSBC HOLDINGS PLC,GB00617987,6420,21551,33,2024,2404886.02910436,153260621.466408,19926678.6082223,56209829.2769559,140922.254689223,211000.0,2404886.02910436,140922.254689223,153260.62146640802,19926.678608222297,56209.829276955905,1958.0,HSBC
UNILEVER PLC,GB00041424,2042,21/06/1894,22,2024,66041.4387098269,18677926.6470238,4756639.79873662,50316537.3974645,112591.295259106,120040.0,66041.4387098269,112591.295259106,18677.9266470238,4756.63979873662,50316.5373974645,1894.0,UNILEVER
ASTRAZENECA PLC,GB02723534,2120,33772,33,2024,82926.1974081526,32578234.3852415,5607591.66402031,43351027.7525812,162311.180771709,94300.0,82926.1974081526,162311.180771709,32578.2343852415,5607.59166402031,43351.0277525812,1991.0,ASTRAZENECA
RIO TINTO PLC,GB00719885,0710,22735,23,2024,81930.6207218183,46203845.1748312,9208087.97480635,43521606.9446353,59175.502888808,59594.0,81930.6207218183,59175.502888808,46203.8451748312,9208.087974806349,43521.6069446353,1961.0,RIO TINTO
VODAFONE GROUP PLC,GB01833679,6190,30880,28,2024,107419.50808144,45063687.6286283,-3484503.92691875,35080738.5033903,18199.830315709,92834.0,107419.50808144,18199.830315709,45063.6876286283,-3484.50392691875,35080.7385033903,1983.0,VODAFONE
COMPASS GROUP PLC,GB04083914,5610,36798,19,2024,18162.0892944585,5151233.67150727,1047253.41366872,31329585.3852662,,579126.0,18162.0892944585,,5151.23367150727,1047.25341366872,31329.5853852662,1999.0,COMPASS
GSK PLC,GB03888792,2120,36500,30,2024,59463.0,13086000.0,2575000.0,32015000.0,55814.210808732,68629.0,59463.0,55814.210808732,13086.0,2575.0,32015.0,1999.0,GSK
SAINSBURY (J) PLC,GB00185647,4711,8350,27,2024,24757.0,6765000.0,253000.0,33249000.0,6049.75061125,95.0,24757.0,6049.75061125,6765.0,253.0,33249.0,1921.0,SAINSBURY J
IMPERIAL BRANDS PLC,GB03236483,1200,35283,21,2024,27826.0,6029000.0,2613000.0,32411000.0,18397.89129465,25600.0,27826.0,18397.89129465,6029.0,2613.0,32411.0,1995.0,IMPERIAL BRANDS
BARCLAYS PLC,GB00048839,6420,20/07/1896,36,2024,1518202.0,72481000.0,6356000.0,26825000.0,38666.155628477,93000.0,1518202.0,38666.155628477,72481.0,6356.0,26825.0,1896.0,BARCLAYS
BAE SYSTEMS PLC,GB01470151,3030,29220,22,2024,38142.0,11777000.0,1956000.0,26533000.0,34586.297897957,100000.0,38142.0,34586.297897957,11777.0,1956.0,26533.0,1979.0,BAE SYSTEMS
BRITISH AMERICAN TOBACCO PLC,GB03407696,1200,35634,25,2024,118899.0,49995000.0,3068000.0,26207000.0,63630.154151177,48989.0,118899.0,63630.154151177,49995.0,3068.0,26207.0,1996.0,BRITISH AMERICAN TOBACCO
AVIVA PLC,GB02468686,6511,2000,46,2024,353883.0,8305000.0,705000.0,20747000.0,12552.820068994,,353883.0,12552.820068994,8305.0,705.0,20747.0,1904.0,AVIVA
ROLLS-ROYCE HOLDINGS PLC,GB07524813,3030,40584,43,2024,35686.0,-881000.0,2521000.0,18909000.0,48358.843176371,42211.0,35686.0,48358.843176371,-881.0,2521.0,18909.0,2010.0,ROLLS ROYCE
BT GROUP PLC,GB04190816,6190,36980,29,2024,50982.0,12908000.0,1054000.0,20635000.0,16513.415350836,91500.0,50982.0,16513.415350836,12908.0,1054.0,20635.0,2000.0,BT
CENTRICA PLC,GB03033654,3522,1995,19,2024,18733.0,4812000.0,1332000.0,19913000.0,6802.015151825,1543.0,18733.0,6802.015151825,4812.0,1332.0,19913.0,1904.0,CENTRICA
ASSOCIATED BRITISH FOODS PLC,GB00293262,1089,12712,11,2024,19014.0,11278000.0,1455000.0,20073000.0,16289.612627632,138271.0,19014.0,16289.612627632,11278.0,1455.0,20073.0,1933.0,ASSOCIATED BRITISH FOODS
LLOYDS BANKING GROUP PLC,GBSC095000,6420,31341,29,2024,906697.0,45888000.0,4477000.0,18003000.0,33201.964224475,66229.0,906697.0,33201.964224475,45888.0,4477.0,18003.0,1984.0,LLOYDS BANKING
NATIONAL GRID PLC,GB04031152,3522,36718,50,2024,106742.0,37826000.0,2902000.0,18378000.0,49436.465796108,31654.0,106742.0,49436.465796108,37826.0,2902.0,18378.0,1999.0,NATIONAL GRID
MARKS AND SPENCER GROUP PLC,GB04256886,4719,37095,21,2024,8821.4,2831900.0,295700.0,13866300.0,7303.305960389,63493.0,8821.4,7303.305960389,2831.9,295.7,13866.3,2000.0,MARKS AND SPENCER
ANGLO AMERICAN PLC,GB03564138,0710,35929,26,2024,51704.6255690607,22743626.5741992,-2445499.81879379,21860440.8508539,31620.329704188,54000.0,51704.6255690607,31620.329704188,22743.6265741992,-2445.49981879379,21860.4408508539,1997.0,ANGLO AMERICAN
NATWEST GROUP PLC,GBSC045551,6420,24922,35,2024,707985.0,39378000.0,4811000.0,14672000.0,32386.80311956,59700.0,707985.0,32386.80311956,39378.0,4811.0,14672.0,1967.0,NATWEST
STANDARD CHARTERED PLC,GB00966425,6420,25525,30,2024,677285.479149694,40878426.5668256,3221874.27234827,15663793.0049272,23978.765382843,81145.0,677285.479149694,23978.765382843,40878.4265668256,3221.8742723482696,15663.7930049272,1968.0,STANDARD CHARTERED
DIAGEO PLC,GB00023307,1101,21/10/1886,23,2024,35929.3701626819,9536603.2867918,3057717.87240135,16014698.5932049,55345.261913796,30092.0,35929.3701626819,55345.261913796,9536.6032867918,3057.71787240135,16014.698593204901,1886.0,DIAGEO
RECKITT BENCKISER GROUP PLC,GB06270876,7010,39239,35,2024,25298.0,6720000.0,1426000.0,14169000.0,33184.470513219,37900.0,25298.0,33184.470513219,6720.0,1426.0,14169.0,2006.0,RECKITT BENCKISER
NATIONAL WESTMINSTER BANK PLC - NATWEST,GB00929027,6419,25569,17,2024,424309.0,23118000.0,3425000.0,11947000.0,,54800.0,424309.0,,23118.0,3425.0,11947.0,1969.0,NATIONAL WESTMINSTER BANK NATWEST
WPP PLC (NEW),GBJE111714,7311,2005,49,2024,25509.0,3734000.0,542000.0,14741000.0,8926.010891165,108044.0,25509.0,8926.010891165,3734.0,542.0,14741.0,1904.0,WPP NEW
KINGFISHER PLC,GB01664812,4719,30210,23,2024,11443.0,6344000.0,185000.0,12804000.0,4414.571082652,73178.0,11443.0,4414.571082652,6344.0,185.0,12804.0,1981.0,KINGFISHER
JD SPORTS FASHION PLC,GB01888425,4764,31099,15,2024,9959.0,3372000.0,490000.0,11483000.0,4619.206961186,97676.0,9959.0,4619.206961186,3372.0,490.0,11483.0,1984.0,JD SPORTS FASHION
JOHNSON MATTHEY PLC,GB00033774,2059,04/11/1891,16,2024,6194.0,2295000.0,373000.0,11674000.0,2222.185527945,10000.0,6194.0,2222.185527945,2295.0,373.0,11674.0,1891.0,JOHNSON MATTHEY
BUNZL PLC,GB00358948,4639,14632,21,2024,9529.2,2790700.0,500400.0,11776400.0,10915.577795999,26978.0,9529.2,10915.577795999,2790.7,500.4,11776.4,1939.0,BUNZL
HALEON PLC,GB13691224,2120,44489,29,2024,34315.0,16224000.0,1442000.0,11371000.0,34167.383329755,24427.0,34315.0,34167.383329755,16224.0,1442.0,11371.0,2020.0,HALEON
EASYJET PLC,GB03959649,5110,36609,21,2024,11035.0,2973000.0,452000.0,9362000.0,3941.651985421,17639.0,11035.0,3941.651985421,2973.0,452.0,9362.0,1999.0,EASYJET
SSE PLC,GBSC117119,3511,32599,24,2024,30363.6,12692800.0,1189400.0,10239400.0,17634.168057905,15824.0,30363.6,17634.168057905,12692.8,1189.4,10239.4,1988.0,SSE
RELX PLC,GB00077536,6311,1244,20,2024,15133.0,3504000.0,1934000.0,9434000.0,67543.833075182,36400.0,15133.0,67543.833075182,3504.0,1934.0,9434.0,1902.0,RELX
BALFOUR BEATTY PLC,GB00395826,4299,16588,21,2024,5632.0,1130000.0,178000.0,8234000.0,2351.424260385,27311.0,5632.0,2351.424260385,1130.0,178.0,8234.0,1944.0,BALFOUR BEATTY
LONDON STOCK EXCHANGE GROUP PLC,GB05369106,8411,2005,22,2024,732819.0,25153000.0,685000.0,8858000.0,59974.341590069,27038.0,732819.0,59974.341590069,25153.0,685.0,8858.0,1904.0,LONDON STOCK EXCHANGE
QUILTER PLC,GB06404270,6420,39374,19,2024,62448.0,1423000.0,-34000.0,5449000.0,2165.130588199,2989.0,62448.0,2165.130588199,1423.0,-34.0,5449.0,2006.0,QUILTER
CURRYS PLC,GB07105905,6190,40162,19,2024,5309.0,2072000.0,165000.0,9055000.0,701.066435158,24462.0,5309.0,701.066435158,2072.0,165.0,9055.0,2009.0,CURRYS
LEGAL & GENERAL GROUP PLC,GB01417162,6511,1836,31,2024,544167.0,3548000.0,195000.0,8542000.0,13542.52738368,,544167.0,13542.52738368,3548.0,195.0,8542.0,1904.0,LEGAL GENERAL
COMPUTACENTER PLC,GB03110569,6209,34974,26,2024,3366.0,819000.0,170800.0,6966600.0,2256.621070123,20074.0,3366.0,2256.621070123,819.0,170.8,6966.6,1994.0,COMPUTACENTER
INCHCAPE PLC,GB00609782,4511,21412,19,2024,5638.0,1474000.0,421000.0,10487000.0,3034.393826232,17588.0,5638.0,3034.393826232,1474.0,421.0,10487.0,1957.0,INCHCAPE
PRUDENTIAL PLC,GB01397169,6511,1848,25,2024,144973.182869276,13942856.2028491,1924994.15332041,8256351.73502806,16928.414122431,,144973.182869276,16928.414122431,13942.8562028491,1924.99415332041,8256.35173502806,1904.0,PRUDENTIAL
HARBOUR ENERGY PLC,GBSC234781,0610,37468,24,2024,24133.767279537,4982666.02584094,-74130.2096309722,4962738.55013369,3678.039550815,3014.0,24133.767279537,3678.039550815,4982.66602584094,-74.1302096309722,4962.73855013369,2001.0,HARBOUR ENERGY
METLEN ENERGY & METALS PLC,GB15944520,3511,2024,72,2024,8834.33220224546,2561231.91168462,508943.068242711,4802434.87838666,,4769.0,8834.33220224546,,2561.23191168462,508.94306824271104,4802.43487838666,1904.0,METLEN ENERGY METALS
JET2 PLC,GB01295221,5110,28146,8,2024,5909.7,1611800.0,446800.0,7173500.0,2659.932975206,15205.0,5909.7,2659.932975206,1611.8,446.8,7173.5,1976.0,JET
NEXT PLC,GB04412362,4791,37355,16,2024,4872.5,1754300.0,736100.0,6121500.0,12304.985478377,50945.0,4872.5,12304.985478377,1754.3,736.1,6121.5,2001.0,NEXT
MONDI PLC,GB06209386,1729,39183,17,2024,7735.33641364882,4430366.10780657,180527.067570436,6141232.720653,5261.637391277,21200.0,7735.33641364882,5261.637391277,4430.36610780657,180.527067570436,6141.232720653,2006.0,MONDI
ANTOFAGASTA PLC,GB01627889,0729,30048,30,2024,18042.2567954419,10325780.2322746,661113.934063745,5271534.71369324,15675.121074426,7015.0,18042.2567954419,15675.121074426,10325.7802322746,661.113934063745,5271.53471369324,1981.0,ANTOFAGASTA
EXPERIAN PLC,GBJE93905,7490,2006,20,2024,9958.65402974764,3933691.52657268,901116.762275784,5813980.61972618,32759.026216992,23297.0,9958.65402974764,32759.026216992,3933.6915265726802,901.116762275784,5813.9806197261805,1904.0,EXPERIAN
BARRATT REDROW PLC,GB00604574,4110,21319,21,2024,7875.2,5439100.0,114100.0,4501900.0,4602.024775411,6451.0,7875.2,4602.024775411,5439.1,114.1,4501.9,1957.0,BARRATT REDROW
MITIE GROUP PLC,GBSC019230,8121,13347,19,2024,2119.7,428000.0,101400.0,5088500.0,1443.135457082,65362.0,2119.7,1443.135457082,428.0,101.4,5088.5,1935.0,MITIE
PHOENIX GROUP HOLDINGS PLC,GB11606773,6511,2018,23,2024,307857.0,1707000.0,-1078000.0,5139000.0,5115.870278136,,307857.0,5115.870278136,1707.0,-1078.0,5139.0,1904.0,PHOENIX
FRASERS GROUP PLC,GB06035106,4764,39072,14,2024,4454.9,1873000.0,380800.0,5327900.0,3676.830408597,32378.0,4454.9,3676.830408597,1873.0,380.8,5327.9,2006.0,FRASERS
DRAX GROUP PLC,GB05562053,3511,38608,19,2024,5388.6,2087100.0,526600.0,6162500.0,2397.119152176,1151.0,5388.6,2397.119152176,2087.1,526.6,6162.5,2004.0,DRAX
RENTOKIL INITIAL PLC,GB05393279,3900,38426,26,2024,10530.4752627395,4219045.15673909,312462.819089689,5532664.35536105,10118.35559906,68500.0,10530.4752627395,10118.35559906,4219.04515673909,312.462819089689,5532.66435536105,2004.0,RENTOKIL INITIAL
WIZZ AIR HOLDINGS PLC,GBJE103356,5110,2009,29,2024,8053.39149374741,265036.26654496,188726.549939615,4817123.99434002,1532.268622987,8816.0,8053.39149374741,1532.268622987,265.03626654496,188.726549939615,4817.1239943400205,1904.0,WIZZ AIR
ENTAIN PLC,GBIM004685V,9329,40299,9,2024,10141.0,2019400.0,-452700.0,5089200.0,4393.317911729,28957.0,10141.0,4393.317911729,2019.4,-452.7,5089.2,2009.0,ENTAIN
BABCOCK INTERNATIONAL GROUP PLC,GB02342138,7490,32540,26,2024,3690.2,621800.0,247100.0,4831300.0,3660.519246558,27700.0,3690.2,3660.519246558,621.8,247.1,4831.3,1988.0,BABCOCK
MORGAN SINDALL GROUP PLC,GB00521970,4120,19560,17,2024,2130.6,647200.0,131700.0,4556100.0,1872.172419,8242.0,2130.6,1872.172419,647.2,131.7,4556.1,1952.0,MORGAN SINDALL
ADMIRAL GROUP PLC,GB03849958,6511,1993,24,2024,7944.2,1370100.0,662900.0,4553400.0,8098.695797024,,7944.2,8098.695797024,1370.1,662.9,4553.4,1904.0,ADMIRAL
SERCO GROUP PLC,GB02048608,8211,31645,27,2024,2660.3,842500.0,44200.0,4787300.0,1549.092994376,47789.0,2660.3,1549.092994376,842.5,44.2,4787.3,1985.0,SERCO
VERTU MOTORS PLC,GB05984855,4519,39022,24,2024,1578.75,357551.0,18103.0,4764192.0,171.983007977,7591.0,1578.75,171.983007977,357.551,18.103,4764.192,2005.0,VERTU MOTORS
AIRTEL AFRICA PLC,GB11462215,6190,43293,25,2024,9291.70397327766,2144596.06802341,170022.030618072,3846362.02902794,6075.582341135,4253.0,9291.70397327766,6075.582341135,2144.59606802341,170.022030618072,3846.3620290279396,2017.0,AIRTEL AFRICA
FIRSTGROUP PLC,GBSC157176,4931,34789,13,2024,3664.7,712500.0,127500.0,5238800.0,912.553948088,30763.0,3664.7,912.553948088,712.5,127.5,5238.8,1994.0,FIRSTGROUP
SMITH & NEPHEW PLC,GB00324357,3250,13563,29,2024,8253.1633389149,4196726.38394697,328404.79965549,4631145.35436504,8668.680273298,18060.0,8253.1633389149,8668.680273298,4196.72638394697,328.40479965548997,4631.14535436504,1936.0,SMITH NEPHEW
TRAVIS PERKINS PLC,GB00824821,4673,23677,19,2024,4031.2,1974100.0,-77400.0,4627700.0,1549.193036753,17464.0,4031.2,1549.193036753,1974.1,-77.4,4627.7,1963.0,TRAVIS PERKINS
BEAZLEY PLC,GB09763575,6511,1986,25,2024,12290.4699172039,3672075.80352648,900961.031676213,4526007.99253358,5217.452448724,,12290.4699172039,5217.452448724,3672.0758035264803,900.961031676213,4526.00799253358,1904.0,BEAZLEY
M&G PLC,GB11444019,6511,2018,24,2024,184224.0,3281000.0,-347000.0,4095000.0,4712.026574074,,184224.0,4712.026574074,3281.0,-347.0,4095.0,1904.0,M G
HILTON FOOD GROUP PLC,GB06165540,4632,39157,19,2024,1236.4,316800.0,39300.0,3988300.0,812.692325736,7831.0,1236.4,812.692325736,316.8,39.3,3988.3,2006.0,HILTON FOOD
KIER GROUP PLC,GB02708030,7112,33715,13,2024,3463.7,520100.0,42700.0,3911600.0,598.625034181,10218.0,3463.7,598.625034181,520.1,42.7,3911.6,1991.0,KIER
INFORMA PLC,GB08860726,5814,41663,26,2024,13690.7,7319500.0,297700.0,3582600.0,10620.674222294,13214.0,13690.7,10620.674222294,7319.5,297.7,3582.6,2013.0,INFORMA
TAYLOR WIMPEY PLC,GB00296805,4120,12816,17,2024,6291.3,4405200.0,219600.0,3512300.0,4322.377268352,4326.0,6291.3,4322.377268352,4405.2,219.6,3512.3,1934.0,TAYLOR WIMPEY
INTERCONTINENTAL HOTELS GROUP PLC,GB05134420,5510,38128,21,2024,3784.62618632103,-1839704.55729337,500578.189766135,3932089.50655469,15774.111111964,12587.0,3784.62618632103,15774.111111964,-1839.7045572933698,500.578189766135,3932.08950655469,2003.0,INTERCONTINENTAL HOTELS
POLAR CAPITAL TECHNOLOGY TRUST PLC,GB03224867,6430,1996,19,2024,3864.301,3804533.0,1115437.0,1118745.0,3533.829907132,,3864.301,3533.829907132,3804.533,1115.437,1118.745,1904.0,POLAR CAPITAL TECHNOLOGY TRUST
PERSIMMON PLC,GB01818486,4120,30824,11,2024,4833.4,3506600.0,267100.0,3210500.0,3832.579972195,4731.0,4833.4,3832.579972195,3506.6,267.1,3210.5,1983.0,PERSIMMON
3I GROUP PLC,GB01142830,6430,16438,20,2024,26056.0,24611000.0,5038000.0,4215000.0,35198.106895951,226.0,26056.0,35198.106895951,24611.0,5038.0,4215.0,1944.0,I
VISTRY GROUP PLC,GB00306718,4120,13092,18,2024,6044.7,3235900.0,74500.0,3904300.0,1894.714695302,4586.0,6044.7,1894.714695302,3235.9,74.5,3904.3,1934.0,VISTRY
SSP GROUP PLC,GB05735966,1089,38785,25,2024,3172.9,383200.0,27400.0,3435500.0,1272.002890634,48431.0,3172.9,1272.002890634,383.2,27.4,3435.5,2005.0,SSP
PEARSON PLC,GB00053723,5811,08/12/1897,27,2024,6892.0,4053000.0,434000.0,3594000.0,8541.514930092,17024.0,6892.0,8541.514930092,4053.0,434.0,3594.0,1897.0,PEARSON
MELROSE INDUSTRIES PLC,GB09800044,3030,42276,20,2024,7436.0,2844000.0,-49000.0,3468000.0,7124.196755645,13922.0,7436.0,7124.196755645,2844.0,-49.0,3468.0,2014.0,MELROSE INDUSTRIES
ITV PLC,GB04967001,6020,37943,20,2024,4186.0,1832000.0,408000.0,3488000.0,2789.893786223,6613.0,4186.0,2789.893786223,1832.0,408.0,3488.0,2002.0,ITV
INTERTEK GROUP PLC,GB04267576,7120,37112,31,2024,3599.3,1444900.0,345400.0,3393200.0,7630.666847547,45000.0,3599.3,7630.666847547,1444.9,345.4,3393.2,2000.0,INTERTEK
FRESNILLO PLC,GB06344120,2441,39309,21,2024,4687.30735770029,3356081.83574147,112327.19506663,2812673.92098725,4579.793768076,18095.0,4687.30735770029,4579.793768076,3356.08183574147,112.32719506663,2812.67392098725,2006.0,FRESNILLO
MOBICO GROUP PLC,GB02590560,4931,33308,17,2024,3268.9,200100.0,-810100.0,2599500.0,486.970523022,30840.0,3268.9,486.970523022,200.1,-810.1,2599.5,1990.0,MOBICO
SMITHS GROUP PLC,GB00137013,2651,5310,22,2024,4232.0,2252000.0,250000.0,3132000.0,6163.446811471,15765.0,4232.0,6163.446811471,2252.0,250.0,3132.0,1913.0,SMITHS
ENDEAVOUR MINING PLC,GB13280545,0729,44276,20,2024,4403.322,2390304.0,-239757.0,2137130.0,3476.90858625,5659.0,4403.322,3476.90858625,2390.304,-239.757,2137.13,2020.0,ENDEAVOUR MINING
ZEGONA COMMUNICATIONS PLC,GB09395163,6619,2015,15,2024,7094.22432572703,682517.281407175,-366758.873986947,2519659.08195532,5010.785300596,2400.0,7094.22432572703,5010.785300596,682.517281407175,-366.758873986947,2519.6590819553203,1904.0,ZEGONA COMMUNICATIONS
KELLER GROUP PLC,GB02442580,7112,32825,23,2024,1790.7,596700.0,142300.0,2987200.0,1058.160439,9386.0,1790.7,1058.160439,596.7,142.3,2987.2,1988.0,KELLER
SCOTTISH MORTGAGE INVESTMENT TRUST PLC,GBSC007058,6430,1908,14,2024,13744.255,12082465.0,1217759.0,1235966.0,11330.722010845,,13744.255,11330.722010845,12082.465,1217.759,1235.966,1904.0,SCOTTISH MORTGAGE INVESTMENT TRUST
WHITBREAD PLC,GB04120344,5510,36861,23,2024,9904.7,3334500.0,253700.0,2929300.0,4717.5780405,31613.0,9904.7,4717.5780405,3334.5,253.7,2929.3,1999.0,WHITBREAD
CRANSWICK PLC,GB01074383,1013,26571,11,2024,1531.2,987900.0,134300.0,2723300.0,2653.389825428,12268.0,1531.2,2653.389825428,987.9,134.3,2723.3,1971.0,CRANSWICK
RS GROUP PLC,GB00647788,4652,21937,18,2024,2620.6,1354500.0,152600.0,2903500.0,2661.787654319,8709.0,2620.6,2661.787654319,1354.5,152.6,2903.5,1959.0,RS
BELLWAY PLC,GB01372603,4120,28650,11,2024,4999.7,3465400.0,130500.0,2430800.0,3400.627147075,2773.0,4999.7,3400.627147075,3465.4,130.5,2430.8,1977.0,BELLWAY
INTERNATIONAL WORKPLACE GROUP PLC,GBJE122154,6831,2003,10,2024,7678.4549395178,113985.161045473,15941.9805658005,2941295.41439019,1610.104221992,9007.0,7678.4549395178,1610.104221992,113.98516104547299,15.9419805658005,2941.29541439019,1904.0,WORKPLACE
SEVERN TRENT PLC,GB02366619,3600,32599,17,2024,15909.7,1770800.0,229400.0,2429400.0,7598.380214159,9539.0,15909.7,7598.380214159,1770.8,229.4,2429.4,1988.0,SEVERN TRENT
MITCHELLS & BUTLERS PLC,GB04551498,5610,37531,15,2024,5245.0,2566000.0,149000.0,2610000.0,1767.239595572,50808.0,5245.0,1767.239595572,2566.0,149.0,2610.0,2001.0,MITCHELLS BUTLERS
SCHRODERS PLC,GB03909886,6619,21551,26,2024,20949.9,4495400.0,433000.0,2459700.0,5196.006016199,6363.0,20949.9,5196.006016199,4495.4,433.0,2459.7,1958.0,SCHRODERS
SIG PLC,GB00998314,4673,25931,25,2024,1178.2,179800.0,-48600.0,2611800.0,194.72057595,691.0,1178.2,194.72057595,179.8,-48.6,2611.8,1970.0,SIG
UNITED UTILITIES GROUP PLC,GB06559020,3600,32599,22,2024,16769.5,1999900.0,264700.0,2162700.0,6876.844721542,6203.0,16769.5,6876.844721542,1999.9,264.7,2162.7,1988.0,UNITED UTILITIES
THE WEIR GROUP PLC,GBSC002934,2813,14/06/1895,19,2024,3785.0,1853600.0,312200.0,2513000.0,5669.927255294,11830.0,3785.0,5669.927255294,1853.6,312.2,2513.0,1895.0,WEIR
SAVILLS PLC,GB02122174,7022,31877,17,2024,2251.3,777800.0,53600.0,2405500.0,1497.644440809,40579.0,2251.3,1497.644440809,777.8,53.6,2405.5,1986.0,SAVILLS
HALMA PLC,GB00040932,2611,13/04/1894,22,2024,3258.6,1899400.0,296400.0,2248100.0,9798.645816168,9286.0,3258.6,9798.645816168,1899.4,296.4,2248.1,1894.0,HALMA
HIKMA PHARMACEUTICALS PLC,GB05557934,2120,38603,21,2024,4091.50931221269,1850066.84466114,286158.551156118,2494919.95854777,4422.197076004,9308.0,4091.50931221269,4422.197076004,1850.06684466114,286.158551156118,2494.91995854777,2004.0,HIKMA PHARMACEUTICALS
THE SAGE GROUP PLC,GB02231246,5829,32218,18,2024,3639.0,1093000.0,323000.0,2332000.0,10293.914739963,10740.0,3639.0,10293.914739963,1093.0,323.0,2332.0,1987.0,SAGE
ASOS PLC,GB04006623,4771,36679,26,2024,2271.2,521300.0,-338700.0,2907800.0,432.467631982,3027.0,2271.2,432.467631982,521.3,-338.7,2907.8,1999.0,ASOS
HOWDEN JOINERY GROUP PLC,GB02128710,3102,31904,19,2024,2237.5,1128700.0,249300.0,2322100.0,4362.245500258,12206.0,2237.5,4362.245500258,1128.7,249.3,2322.1,1986.0,HOWDEN JOINERY
BERKELEY GROUP HOLDINGS (THE) PLC,GB05172586,4110,1976,14,2024,6996.3,3560500.0,397600.0,2464300.0,4993.427925891,2610.0,6996.3,4993.427925891,3560.5,397.6,2464.3,1904.0,BERKELEY
BURBERRY GROUP PLC,GB03458224,4771,35733,29,2024,3427.0,921000.0,-75000.0,2484000.0,2772.128788199,8701.0,3427.0,2772.128788199,921.0,-75.0,2484.0,1996.0,BURBERRY
CAPITA PLC,GB02081330,8110,31754,19,2024,1839.0,195700.0,76700.0,2421600.0,238.518566529,34543.0,1839.0,238.518566529,195.7,76.7,2421.6,1985.0,CAPITA
IMI PLC,GB00714275,2899,22679,13,2024,2490.5,1085100.0,248500.0,2210000.0,4663.334202146,10352.0,2490.5,4663.334202146,1085.1,248.5,2210.0,1961.0,IMI
ITHACA ENERGY PLC,GB12263719,0610,2019,21,2024,6595.99445909994,2423499.88561299,122035.861231203,1579690.85426517,1825.720584583,798.0,6595.99445909994,1825.720584583,2423.4998856129896,122.035861231203,1579.69085426517,1904.0,ITHACA ENERGY
GREGGS PLC,GB00502851,5610,18991,13,2024,1319.7,570500.0,153400.0,2028200.0,2848.843167912,39455.0,1319.7,2848.843167912,570.5,153.4,2028.2,1951.0,GREGGS
OCADO GROUP PLC,GB07098618,4778,40155,19,2024,4156.5,1171200.0,-336200.0,3156000.0,2629.892683144,20261.0,4156.5,2629.892683144,1171.2,-336.2,3156.0,2009.0,OCADO
J D WETHERSPOON PLC,GB01709784,5630,30400,13,2024,1904.37,401627.0,48785.0,2039653.0,922.839712003,42077.0,1904.37,922.839712003,401.627,48.785,2039.653,1982.0,J D WETHERSPOON
W.A.G PAYMENT SOLUTIONS PLC,GB13544823,7490,2021,17,2024,924.817808306351,217225.404847736,2232.57327600869,1856074.96742659,552.049482626,1916.0,924.817808306351,552.049482626,217.225404847736,2.23257327600869,1856.0749674265899,1904.0,W A G PAYMENT SOLUTIONS
TATE & LYLE PLC,GB00076535,1039,1154,24,2024,3722.0,1588000.0,143000.0,2013000.0,2305.098482309,4971.0,3722.0,2305.098482309,1588.0,143.0,2013.0,1902.0,TATE LYLE
WH SMITH PLC,GB05202036,4778,38209,10,2024,1854.0,422000.0,54000.0,1927000.0,1679.606762002,13921.0,1854.0,1679.606762002,422.0,54.0,1927.0,2003.0,WH SMITH
GALLIFORD TRY HOLDINGS PLC,GB12216008,4120,1965,11,2024,824.1,113600.0,27400.0,1763700.0,248.502139447,4122.0,824.1,248.502139447,113.6,27.4,1763.7,1904.0,GALLIFORD TRY
TELECOM PLUS PLC,GB03263464,6190,35347,18,2024,736.394,251510.0,76097.0,1839735.0,1384.762648441,2291.0,736.394,1384.762648441,251.51,76.097,1839.735,1995.0,TELECOM PLUS
QINETIQ GROUP PLC,GB04586941,8020,37571,18,2024,1828.4,626500.0,-185700.0,1940500.0,2136.460282772,8403.0,1828.4,2136.460282772,626.5,-185.7,1940.5,2001.0,QINETIQ
ZIGUP PLC,GB00053171,7721,,32,2024,2225.166,1043397.0,125018.0,1833127.0,873.236268543,7906.0,2225.166,873.236268543,1043.397,125.018,1833.127,,ZIGUP
WATCHES OF SWITZERLAND GROUP PLC,GB11838443,4648,43516,11,2024,1327.4,523000.0,59100.0,1537900.0,811.66411186,2769.0,1327.4,811.66411186,523.0,59.1,1537.9,2018.0,WATCHES OF SWITZERLAND
CONVATEC GROUP PLC,GB10361298,4690,42619,21,2024,2801.80308443943,1346220.54887902,151847.364889249,1824719.09556152,4534.134285567,10843.0,2801.80308443943,4534.134285567,1346.2205488790198,151.847364889249,1824.71909556152,2015.0,CONVATEC
VESUVIUS PLC,GB08217766,2451,41169,11,2024,2293.7,1243600.0,87200.0,1820100.0,1085.935097017,11133.0,2293.7,1085.935097017,1243.6,87.2,1820.1,2011.0,VESUVIUS
DUNELM GROUP PLC,GB04708277,4759,37703,16,2024,682.0,137900.0,151200.0,1706500.0,2151.41204878,11602.0,682.0,2151.41204878,137.9,151.2,1706.5,2002.0,DUNELM
SYNTHOMER PLC,GB00098381,2059,3080,22,2024,2537.2,1107700.0,-72600.0,1996600.0,263.34387215,4102.0,2537.2,263.34387215,1107.7,-72.6,1996.6,1907.0,SYNTHOMER
HALFORDS GROUP PLC,GB04457314,4778,37417,8,2024,1175.4,500300.0,-33600.0,1715900.0,280.228775816,12757.0,1175.4,280.228775816,500.3,-33.6,1715.9,2001.0,HALFORDS
THG PLC,GB06539496,4778,39526,142,2024,2545.562,305827.0,-326140.0,1943314.0,594.661906108,6797.0,2545.562,594.661906108,305.827,-326.14,1943.314,2007.0,THG
BREEDON GROUP PLC,GB14739556,6420,45002,15,2024,2114.0,1170600.0,96200.0,1576300.0,1530.970823266,4395.0,2114.0,1530.970823266,1170.6,96.2,1576.3,2022.0,BREEDON
SPIRAX GROUP PLC,GB00596337,2813,21186,21,2024,2645.0,1209200.0,191200.0,1665200.0,5046.116191897,9960.0,2645.0,5046.116191897,1209.2,191.2,1665.2,1957.0,SPIRAX
CRODA INTERNATIONAL PLC,GB00206132,2059,9274,18,2024,3509.3,2296900.0,158500.0,1628100.0,4726.659498633,6027.0,3509.3,4726.659498633,2296.9,158.5,1628.1,1924.0,CRODA
WICKES GROUP PLC,GB12189061,4778,2019,15,2024,1078.9,146400.0,18100.0,1538800.0,366.004235546,7389.0,1078.9,366.004235546,146.4,18.1,1538.8,1904.0,WICKES
MICHAEL PAGE PLC,GB03310225,7810,35460,35,2024,650.095,262409.0,28443.0,1738937.0,1129.134143191,7361.0,650.095,1129.134143191,262.409,28.443,1738.937,1996.0,MICHAEL PAGE
SPIRE HEALTHCARE GROUP PLC,GB09084066,8690,41802,20,2024,2343.2,746200.0,25400.0,1523800.0,910.219118399,16240.0,2343.2,910.219118399,746.2,25.4,1523.8,2013.0,SPIRE HEALTHCARE
DIPLOMA PLC,GB03899848,4690,36518,21,2024,1772.1,894700.0,129300.0,1363400.0,5945.638191961,3597.0,1772.1,5945.638191961,894.7,129.3,1363.4,1999.0,DIPLOMA
PETS AT HOME GROUP PLC,GB08885072,4778,41680,16,2024,1656.8,993200.0,88200.0,1498600.0,994.338656631,7905.0,1656.8,994.338656631,993.2,88.2,1498.6,2013.0,PETS AT HOME
SOFTCAT PLC,GB02174990,6209,32057,20,2024,780.749,298037.0,119044.0,962633.0,3248.170181582,2459.0,780.749,3248.170181582,298.037,119.044,962.633,1986.0,SOFTCAT
ABERDEEN GROUP PLC,GBSC286832,7010,38533,30,2024,7721.0,5039000.0,237000.0,1370000.0,,4619.0,7721.0,,5039.0,237.0,1370.0,2004.0,ABERDEEN
ENERGEAN PLC,GB10758801,0610,42863,12,2024,4674.1887018927,460295.99327247,101587.879858479,1400821.03521786,1913.706458364,369.0,4674.1887018927,1913.706458364,460.29599327247,101.587879858479,1400.82103521786,2016.0,ENERGEAN
MIDWICH GROUP PLC,GB08793266,7490,41605,17,2024,650.663,189154.0,16030.0,1325513.0,304.395775873,1939.0,650.663,304.395775873,189.154,16.03,1325.513,2012.0,MIDWICH
PENNON GROUP PLC,GB02366640,3700,32599,19,2024,7047.6,1450700.0,-57900.0,1047800.0,2114.430460842,3910.0,7047.6,2114.430460842,1450.7,-57.9,1047.8,1988.0,PENNON
ASTON MARTIN LAGONDA GLOBAL HOLDINGS PLC,GB11488166,2910,43308,30,2024,3161.5,752900.0,-323500.0,1583900.0,998.069079216,3006.0,3161.5,998.069079216,752.9,-323.5,1583.9,2017.0,ASTON MARTIN LAGONDA GLOBAL
LION FINANCE GROUP PLC,GB10917019,6420,42962,33,2024,14826.4419200936,1992244.07759557,705766.901116687,1012128.05892791,2090.681655969,11708.0,14826.4419200936,2090.681655969,1992.24407759557,705.766901116687,1012.12805892791,2016.0,LION FINANCE
PREMIER FOODS PLC,GB05160050,1089,38160,18,2024,2251.7,1442000.0,124900.0,1149000.0,1598.584328599,4190.0,2251.7,1598.584328599,1442.0,124.9,1149.0,2003.0,PREMIER FOODS
INVESTEC PLC,GB03633621,6419,36055,15,2024,29823.889,3489229.0,331765.0,1154985.0,3091.617964649,,29823.889,3091.617964649,3489.229,331.765,1154.985,1997.0,INVESTEC
ENQUEST PLC,GB07140891,0610,2010,15,2024,2839.75137497826,432399.121480376,74746.3671798404,959584.476810832,233.619724468,673.0,2839.75137497826,233.619724468,432.399121480376,74.74636717984039,959.584476810832,1904.0,ENQUEST
MEARS GROUP PLC,GB03232863,8121,35278,10,2024,701.345,187465.0,46526.0,1132510.0,328.567276893,5471.0,701.345,328.567276893,187.465,46.526,1132.51,1995.0,MEARS
COATS GROUP PLC,GB00103548,2899,3456,17,2024,1283.88740486674,301781.692110603,63847.6321660309,1196365.9315605,1508.333012583,16042.0,1283.88740486674,1508.333012583,301.781692110603,63.8476321660309,1196.3659315605,1908.0,COATS
RENEW HOLDINGS PLC,GB00650447,4120,21970,6,2024,547.713,206390.0,41571.0,1013135.0,832.533847627,4480.0,547.713,832.533847627,206.39,41.571,1013.135,1959.0,RENEW
SENIOR PLC,GB00282772,2932,12406,16,2024,1015.8,469900.0,25900.0,979800.0,669.391290471,6779.0,1015.8,669.391290471,469.9,25.9,979.8,1932.0,SENIOR
DFS FURNITURE PLC,GB07236769,4759,1969,14,2024,1046.5,229000.0,-4400.0,987100.0,259.600005627,4730.0,1046.5,259.600005627,229.0,-4.4,987.1,1904.0,DFS FURNITURE
COSTAIN GROUP PLC,GB01393773,4211,28775,13,2024,547.2,235700.0,30600.0,1251100.0,284.892036841,3095.0,547.2,284.892036841,235.7,30.6,1251.1,1977.0,COSTAIN
SIGMAROC PLC,GB05204176,6619,2004,18,2024,2148.422,753668.0,23256.0,997614.0,802.695293496,3151.0,2148.422,802.695293496,753.668,23.256,997.614,1904.0,SIGMAROC
VICTORIA PLC,GB00282204,1393,12389,28,2024,1330.0,-330500.0,-300600.0,1124400.0,101.035906989,5355.0,1330.0,101.035906989,-330.5,-300.6,1124.4,1932.0,VICTORIA
MORGAN ADVANCED MATERIALS PLC,GB00286773,2059,12520,11,2024,1077.1,389300.0,50300.0,1100800.0,771.458824915,8479.0,1077.1,771.458824915,389.3,50.3,1100.8,1933.0,MORGAN ADVANCED MATERIALS
ICG PLC,GB02234775,6630,32225,16,2024,9342.6,2490900.0,451200.0,946700.0,5679.045135766,695.0,9342.6,5679.045135766,2490.9,451.2,946.7,1987.0,ICG
CLOSE BROTHERS GROUP PLC,GB00520241,6420,19513,18,2024,14080.8,1842500.0,100400.0,1025600.0,768.991364822,3081.0,14080.8,768.991364822,1842.5,100.4,1025.6,1952.0,CLOSE BROTHERS
HAYS PLC,GB02150950,7810,31986,21,2024,1778.2,557600.0,-4900.0,1113600.0,1497.714041884,11120.0,1778.2,1497.714041884,557.6,-4.9,1113.6,1986.0,HAYS
PLAYTECH PLC,GBIM008505V,5829,2002,10,2024,2731.0101657823,1503094.86397752,-19791.7289675845,1493985.70001754,2211.453866947,7094.0,2731.0101657823,2211.453866947,1503.09486397752,-19.791728967584497,1493.98570001754,1904.0,PLAYTECH
MCBRIDE PLC,GB02798634,2041,34039,9,2024,476.6,63400.0,33300.0,934800.0,241.011170835,3207.0,476.6,241.011170835,63.4,33.3,934.8,1992.0,MCBRIDE
TBC BANK GROUP PLC,GB10029943,6420,42426,20,2024,11405.1121285139,1629812.79030852,371352.219312414,804744.575200811,1756.182522944,12183.0,11405.1121285139,1756.182522944,1629.8127903085199,371.352219312414,804.744575200811,2015.0,TBC BANK
VOLEX PLC,GB00158956,2434,7202,14,2024,708.373605747842,286100.707885502,37018.4330300258,839676.983029708,439.595695219,13184.0,708.373605747842,439.595695219,286.100707885502,37.018433030025804,839.676983029708,1918.0,VOLEX
RATHBONES GROUP PLC,GB01000403,6630,25954,22,2024,4290.1,1359400.0,65500.0,895900.0,1525.963667067,3545.0,4290.1,1525.963667067,1359.4,65.5,895.9,1970.0,RATHBONES
MARSTON'S PLC,GB00031461,1105,14/05/1890,14,2024,2213.3,654800.0,-18500.0,903000.0,263.185196443,10105.0,2213.3,263.185196443,654.8,-18.5,903.0,1890.0,MARSTON S
HOCHSCHILD MINING PLC,GB05777693,2441,2006,16,2024,1316.40824812195,547886.814194176,77322.5912392737,771587.873889601,1100.941098449,3295.0,1316.40824812195,1100.941098449,547.8868141941759,77.32259123927369,771.5878738896009,1904.0,HOCHSCHILD MINING
LAND SECURITIES GROUP PLC,GB04369054,9499,1955,23,2024,11621.0,6532000.0,396000.0,842000.0,4097.185554,704.0,11621.0,4097.185554,6532.0,396.0,842.0,1904.0,LAND SECURITIES
HILL & SMITH PLC,GB00671474,2511,22189,14,2024,796.0,475700.0,76400.0,855600.0,1502.682568429,4631.0,796.0,1502.682568429,475.7,76.4,855.6,1959.0,HILL SMITH
THE RANK GROUP PLC,GB03140769,9329,35055,18,2024,732.5,339000.0,12500.0,734700.0,318.53209123,4368.0,732.5,318.53209123,339.0,12.5,734.7,1995.0,RANK
ROTORK PLC,GB00578327,2899,20863,17,2024,780.486,598502.0,103585.0,756000.0,2655.944217463,3493.0,780.486,2655.944217463,598.502,103.585,756.0,1956.0,ROTORK
HUNTING PLC,GB00974568,4950,25640,17,2024,1019.6490769886,719222.453226088,-22318.7727921207,839185.856983737,476.676854283,2285.0,1019.6490769886,476.676854283,719.222453226088,-22.3187727921207,839.1858569837369,1969.0,HUNTING
S4 CAPITAL PLC,GB10476913,7311,2016,55,2024,1445.3,577500.0,-306900.0,848200.0,201.27281044,7498.0,1445.3,201.27281044,577.5,-306.9,848.2,1904.0,S CAPITAL
DR. MARTENS PLC,GB12960219,4642,2020,12,2024,889.8,366400.0,4500.0,787600.0,491.41215875,2348.0,889.8,491.41215875,366.4,4.5,787.6,1904.0,DR MARTENS
FUTURE PLC,GB03757874,5819,36272,19,2024,1708.0,1061700.0,76800.0,788200.0,1133.209904378,2998.0,1708.0,1133.209904378,1061.7,76.8,788.2,1998.0,FUTURE
BODYCOTE PLC,GB00519057,2561,19476,11,2024,1067.4,669900.0,20000.0,766800.0,1157.741135726,4379.0,1067.4,1157.741135726,669.9,20.0,766.8,1952.0,BODYCOTE
RENISHAW PLC,GB01106260,2651,26758,19,2024,1066.176,896265.0,96889.0,691301.0,2693.176091,5213.0,1066.176,2693.176091,896.265,96.889,691.301,1972.0,RENISHAW
SEGRO PLC,GB00167591,6831,7445,18,2024,17574.0,12049000.0,594000.0,675000.0,9486.272713821,466.0,17574.0,9486.272713821,12049.0,594.0,675.0,1919.0,SEGRO
TULLOW OIL PLC,GB03919249,0910,36560,14,2024,3229.44671311703,-217368.905014689,43521.6069446353,1310590.22231446,312.813505644,402.0,3229.44671311703,312.813505644,-217.368905014689,43.5216069446353,1310.5902223144599,1999.0,TULLOW OIL
FERREXPO PLC,GB05432915,0710,2005,11,2024,946.119082925928,736248.488470363,-39891.6179698025,748267.14761892,632.829148715,8542.0,946.119082925928,632.829148715,736.248488470363,-39.8916179698025,748.2671476189199,1904.0,FERREXPO
DOMINO'S PIZZA GROUP PLC,GB03853545,5610,36438,14,2024,602.9,-82200.0,90200.0,691400.0,1243.345193843,2058.0,602.9,1243.345193843,-82.2,90.2,691.4,1998.0,DOMINO S PIZZA
CVS GROUP PLC,GB06312831,7500,39276,14,2024,690.0,260500.0,6200.0,647300.0,723.059895167,8708.0,690.0,723.059895167,260.5,6.2,647.3,2006.0,CVS
RWS HOLDINGS PLC,GB03002645,7490,34684,22,2024,1206.5,899600.0,47500.0,718200.0,597.323129358,7940.0,1206.5,597.323129358,899.6,47.5,718.2,1994.0,RWS
SHAWBROOK GROUP PLC,GB07240248,6420,2010,95,2024,19722.7,1582300.0,219900.0,617200.0,,1519.0,19722.7,,1582.3,219.9,617.2,1904.0,SHAWBROOK
GENUS PLC,GB02972325,7211,34603,15,2024,987.8,513500.0,2400.0,668800.0,1089.540903,3581.0,987.8,1089.540903,513.5,2.4,668.8,1993.0,GENUS
F&C INVESTMENT TRUST PLC,GB00012901,6430,1868,11,2024,6270.732,5678522.0,999759.0,1018504.0,5345.912090709,,6270.732,5345.912090709,5678.522,999.759,1018.504,1904.0,F C INVESTMENT TRUST
SAGA PLC,GB08804263,7010,41613,15,2024,1588.3,57700.0,-164900.0,588300.0,177.768560207,2862.0,1588.3,177.768560207,57.7,-164.9,588.3,2013.0,SAGA
OSB GROUP PLC,GB11976839,6419,43587,23,2024,30243.6,2223400.0,308100.0,667200.0,1505.240235343,2559.0,30243.6,1505.240235343,2223.4,308.1,667.2,2018.0,OSB
NINETY ONE PLC,GB12245293,6619,2019,11,2024,12212.1,373600.0,150100.0,602100.0,898.44052049,1203.0,12212.1,898.44052049,373.6,150.1,602.1,1904.0,NINETY ONE
GAMMA COMMUNICATIONS PLC,GB08943488,6190,41715,20,2024,528.0,372700.0,69800.0,579400.0,1465.384124968,1859.0,528.0,1465.384124968,372.7,69.8,579.4,2013.0,GAMMA COMMUNICATIONS
NEXT 15 GROUP PLC,GB01579589,7320,29810,13,2024,604.962,181192.0,39465.0,729788.0,342.135126657,3992.0,604.962,342.135126657,181.192,39.465,729.788,1980.0,NEXT
HELIOS TOWERS PLC,GB12134855,6190,43678,29,2024,1855.80595766483,28615.8551156118,26702.8174477158,631302.430405698,963.220522588,611.0,1855.80595766483,963.220522588,28.6158551156118,26.7028174477158,631.302430405698,2018.0,HELIOS TOWERS
MARSHALLS PLC,GB05100353,2361,38090,12,2024,1076.1,661300.0,31000.0,623400.0,744.992887073,2435.0,1076.1,744.992887073,661.3,31.0,623.4,2003.0,MARSHALLS
CLARKSON PLC,GB01190238,5222,27345,14,2024,900.3,495700.0,84900.0,661400.0,1217.279170768,2103.0,900.3,1217.279170768,495.7,84.9,661.4,1973.0,CLARKSON
BRIDGEPOINT GROUP PLC,GB11443992,6430,43283,29,2024,4096.8,1193100.0,64800.0,428100.0,2966.151471024,513.0,4096.8,2966.151471024,1193.1,64.8,428.1,2017.0,BRIDGEPOINT
AUTO TRADER GROUP PLC,GB09439967,4511,42048,29,2024,639.6,569400.0,282600.0,601100.0,6549.7006176,1267.0,639.6,6549.7006176,569.4,282.6,601.1,2014.0,AUTO TRADER
GENUIT GROUP PLC,GB06059130,2223,39101,13,2024,993.0,643000.0,33500.0,561300.0,970.516646687,3221.0,993.0,970.516646687,643.0,33.5,561.3,2006.0,GENUIT
CREST NICHOLSON HOLDINGS PLC,GB06800600,2892,39836,19,2024,1435.8,722500.0,-105000.0,623300.0,434.966492619,704.0,1435.8,434.966492619,722.5,-105.0,623.3,2008.0,CREST NICHOLSON
CARD FACTORY PLC,GB09002747,1812,41746,7,2024,615.6,346900.0,47800.0,542500.0,330.604476051,9266.0,615.6,330.604476051,346.9,47.8,542.5,2013.0,CARD FACTORY
IG GROUP HOLDINGS PLC,GB04677092,6612,2003,13,2024,2940.9,1889500.0,307700.0,988800.0,3021.519295899,2570.0,2940.9,3021.519295899,1889.5,307.7,988.8,1904.0,IG
METRO BANK HOLDINGS,GB14387040,6420,44833,23,2024,17582.0,1183000.0,42500.0,405300.0,633.946785933,3455.0,17582.0,633.946785933,1183.0,42.5,405.3,2021.0,METRO BANK
PZ CUSSONS PLC,GB00019457,2041,20/02/1884,18,2024,649.6,235200.0,-57000.0,527900.0,473.312343983,2567.0,649.6,473.312343983,235.2,-57.0,527.9,1884.0,PZ CUSSONS
JOHNSON SERVICE GROUP PLC,GB00523335,9601,19606,11,2024,562.3,306900.0,35600.0,513400.0,562.678691357,6601.0,562.3,562.678691357,306.9,35.6,513.4,1952.0,JOHNSON SERVICE
PARAGON BANKING GROUP PLC,GB02336032,6420,32525,42,2024,19270.0,1419500.0,186000.0,481700.0,1620.938224332,1411.0,19270.0,1620.938224332,1419.5,186.0,481.7,1988.0,PARAGON BANKING
REACH PLC,GB00082548,1811,1777,11,2024,1209.5,678600.0,53600.0,538600.0,265.025578713,3566.0,1209.5,265.025578713,678.6,53.6,538.6,1903.0,REACH
THE BRITISH LAND COMPANY PLC,GB00621920,6831,21607,17,2024,8875.0,5710000.0,338000.0,454000.0,3690.875838463,646.0,8875.0,3690.875838463,5710.0,338.0,454.0,1958.0,BRITISH LAND
CHEMRING GROUP PLC,GB00086662,2611,2161,13,2024,692.1,356300.0,39500.0,512200.0,967.8280877,2683.0,692.1,967.8280877,356.3,39.5,512.2,1904.0,CHEMRING
RIT CAPITAL PARTNERS PLC,GB02129188,6430,31904,33,2024,4251.4,3731200.0,305000.0,343500.0,2844.940877113,63.0,4251.4,2844.940877113,3731.2,305.0,343.5,1986.0,RIT CAPITAL PARTNERS
YOUNG & CO'S BREWERY PLC,GB00032762,1105,1890,23,2024,1314.3,774400.0,9800.0,485800.0,282.914089456,7387.0,1314.3,282.914089456,774.4,9.8,485.8,1904.0,YOUNG S BREWERY
ELEMENTIS PLC,GB03299608,2059,35437,22,2024,1042.92436861467,603403.964415548,-38101.3335522631,588498.212586524,858.060462758,1301.0,1042.92436861467,858.060462758,603.403964415548,-38.1013335522631,588.498212586524,1996.0,ELEMENTIS
PPHE HOTEL GROUP LIMITED,GBGG47131,5510,39247,14,2024,1897.14,526058.0,28206.0,443379.0,589.229484341,,1897.14,589.229484341,526.058,28.206,443.379,2006.0,PPHE HOTEL
VANQUIS BANKING GROUP PLC,GB00668987,6492,22159,13,2024,3375.3,441200.0,-119300.0,458500.0,114.134883325,1375.0,3375.3,114.134883325,441.2,-119.3,458.5,1959.0,VANQUIS BANKING
LONDONMETRIC PROPERTY PLC,GB07124797,6831,40191,22,2024,6607.6,4123900.0,347900.0,396700.0,3754.76001723,48.0,6607.6,3754.76001723,4123.9,347.9,396.7,2009.0,LONDONMETRIC PROPERTY
TRAINLINE PLC,GB11961132,5229,43579,16,2024,660.254,282747.0,58348.0,442095.0,1365.797154883,1053.0,660.254,1365.797154883,282.747,58.348,442.095,2018.0,TRAINLINE
SERICA ENERGY PLC,GB05450950,0610,38484,14,2024,1167.5531929849,634855.897873815,73675.0660858186,604575.699987134,527.856523151,,1167.5531929849,527.856523151,634.855897873815,73.6750660858186,604.5756999871339,2004.0,SERICA ENERGY
BARR (A.G.) PLC,GBSC005653,1107,1643,13,2024,432.9,317600.0,39700.0,420400.0,683.376102416,981.0,432.9,683.376102416,317.6,39.7,420.4,1903.0,BARR A G
OXFORD INSTRUMENTS PLC,GB00775598,2651,23284,9,2024,604.8,376100.0,26000.0,500600.0,999.918139953,2334.0,604.8,999.918139953,376.1,26.0,500.6,1962.0,OXFORD INSTRUMENTS
ROSEBANK INDUSTRIES PLC,GB685348EX,7022,2024,6,2024,61.0,55000.0,-11000.0,,175.0,8.0,61.0,175.0,55.0,-11.0,,1904.0,ROSEBANK INDUSTRIES
DISCOVERIE GROUP PLC,GB02008246,2611,31511,17,2024,695.0,308000.0,24600.0,422900.0,524.177238474,4497.0,695.0,524.177238474,308.0,24.6,422.9,1985.0,DISCOVERIE
JUPITER FUND MANAGEMENT PLC,GB06150195,6430,2007,11,2024,1256.5,834000.0,65200.0,364100.0,472.497226335,512.0,1256.5,472.497226335,834.0,65.2,364.1,1904.0,JUPITER FUND MANAGEMENT
PAN AFRICAN RESOURCES PLC,GB03937466,2441,36581,16,2024,542.07017013857,287680.684882415,62717.1910272543,298318.698689654,579.055527475,2700.0,542.07017013857,579.055527475,287.680684882415,62.7171910272543,298.318698689654,1999.0,PAN AFRICAN RESOURCES
DAR GLOBAL PLC,GB14388348,6831,2022,21,2024,1148.95448135781,381374.421382447,11887.1378088891,195052.523519654,1061.86339845798,258.0,1148.95448135781,1061.86339845798,381.374421382447,11.887137808889099,195.052523519654,1904.0,DAR GLOBAL
VOLUTION GROUP PLC,GB09041571,7739,41774,20,2024,430.315,245923.0,42797.0,349456.0,1082.23281791,1869.0,430.315,1082.23281791,245.923,42.797,349.456,2013.0,VOLUTION
TRITAX BIG BOX REIT PLC,GB08215888,6831,2012,31,2024,6698.7,4567400.0,445500.0,343600.0,3291.859042505,,6698.7,3291.859042505,4567.4,445.5,343.6,1904.0,TRITAX BIG BOX REIT
CMC MARKETS PLC,GB05145017,6612,38141,9,2024,731.978,417967.0,62187.0,356690.0,579.21798973,1068.0,731.978,579.21798973,417.967,62.187,356.69,2003.0,CMC MARKETS
SPEEDY HIRE PLC,GB00927680,7739,24890,11,2024,513.0,162200.0,-1100.0,416600.0,87.749975099,3307.0,513.0,87.749975099,162.2,-1.1,416.6,1967.0,SPEEDY HIRE
FISHER (JAMES) & SONS PLC,GB00211475,5222,9530,9,2024,511.3,190300.0,46300.0,437700.0,159.068903266,900.0,511.3,159.068903266,190.3,46.3,437.7,1925.0,FISHER JAMES SONS
FULLER SMITH & TURNER PLC,GB00241882,1105,10827,13,2024,701.9,411700.0,27200.0,376300.0,176.787390545,5330.0,701.9,176.787390545,411.7,27.2,376.3,1928.0,FULLER SMITH TURNER
YOUGOV PLC,GB03607311,7220,1998,11,2024,609.7,183200.0,-2400.0,335300.0,535.571356913,1960.0,609.7,535.571356913,183.2,-2.4,335.3,1904.0,YOUGOV
IBSTOCK PLC,GB09760850,2361,42250,15,2024,752.105,395263.0,15092.0,368521.0,693.461088082,1849.0,752.105,693.461088082,395.263,15.092,368.521,2014.0,IBSTOCK
MURRAY INTERNATIONAL TRUST PLC,GBSC006705,6430,2558,11,2024,1791.894,1678849.0,126707.0,136082.0,1553.057767684,,1791.894,1553.057767684,1678.849,126.707,136.082,1906.0,MURRAY TRUST
UNITE GROUP PLC,GB03199160,5590,35200,25,2024,6419.9,4811500.0,441900.0,299300.0,3942.107871705,1908.0,6419.9,3942.107871705,4811.5,441.9,299.3,1995.0,UNITE
RESTORE PLC,GB05169780,7490,38170,13,2024,553.7,233800.0,12400.0,275300.0,329.987013222,2580.0,553.7,329.987013222,233.8,12.4,275.3,2003.0,RESTORE
PAYPOINT PLC,GB03581541,8291,35961,22,2024,508.349,97321.0,19191.0,310714.0,443.422015036,939.0,508.349,443.422015036,97.321,19.191,310.714,1997.0,PAYPOINT
HENRY BOOT PLC,GB00160996,4120,7270,19,2024,623.642,425148.0,23333.0,328379.0,308.22423791,456.0,623.642,308.22423791,425.148,23.333,328.379,1918.0,HENRY BOOT
GLOBALDATA PLC,GB03925319,5819,36565,11,2024,655.8,420900.0,36500.0,286100.0,1570.391222484,3740.0,655.8,1570.391222484,420.9,36.5,286.1,1999.0,GLOBALDATA
JADESTONE ENERGY PLC,GB13152520,0610,44218,22,2024,866.897004702239,15012.5630988143,-35184.7482077499,331782.108238354,129.866588857,422.0,866.897004702239,129.866588857,15.0125630988143,-35.1847482077499,331.782108238354,2020.0,JADESTONE ENERGY
SIRIUS REAL ESTATE LIMITED,GBGG46442,9499,39133,12,2024,2735.36483608228,1412189.45428686,148858.275218093,265370.591699857,1277.519537805,459.0,2735.36483608228,1277.519537805,1412.1894542868602,148.858275218093,265.37059169985696,2006.0,SIRIUS REAL ESTATE
VICTREX PLC,GB02793780,2221,34025,12,2024,592.0,461600.0,17200.0,291000.0,845.979280401,1115.0,592.0,845.979280401,461.6,17.2,291.0,1992.0,VICTREX
GB GROUP PLC,GB02415211,5829,32741,15,2024,805.148,611374.0,8631.0,282717.0,744.264134407,1132.0,805.148,744.264134407,611.374,8.631,282.717,1988.0,GB
SAVANNAH ENERGY PLC,GB09115262,0910,2014,12,2024,1254.28872664925,251898.437821185,24710.866976019,288726.007126241,373.975440632,273.0,1254.28872664925,373.975440632,251.898437821185,24.710866976019,288.726007126241,1904.0,SAVANNAH ENERGY
HAMMERSON PLC,GB00360632,6831,14718,15,2024,3476.4,1821100.0,-526300.0,237400.0,1375.345755784,125.0,3476.4,1375.345755784,1821.1,-526.3,237.4,1939.0,HAMMERSON
DERWENT LONDON PLC,GB01819699,6831,30827,30,2024,5214.0,3539800.0,115900.0,198300.0,2199.779316244,201.0,5214.0,2199.779316244,3539.8,115.9,198.3,1983.0,DERWENT LONDON
THE GYM GROUP PLC,GB08528493,9313,41408,16,2024,585.6,131600.0,4400.0,226400.0,267.13887884,1837.0,585.6,267.13887884,131.6,4.4,226.4,2012.0,GYM
SHAFTESBURY CAPITAL PLC,GB07145051,6831,2010,12,2024,5231.9,3674300.0,252100.0,227400.0,2451.238553877,98.0,5231.9,2451.238553877,3674.3,252.1,227.4,1904.0,SHAFTESBURY CAPITAL
ALLIANCE TRUST PLC,GBSC001731,6430,01/01/1888,38,2024,5596.388,5221953.0,490703.0,506538.0,,,5596.388,,5221.953,490.703,506.538,1888.0,ALLIANCE TRUST
PRIMARY HEALTH PROPERTIES PLC,GB03033634,6831,34774,20,2024,2791.3,1376000.0,41400.0,181700.0,1246.948739938,,2791.3,1246.948739938,1376.0,41.4,181.7,1994.0,PRIMARY HEALTH PROPERTIES
SAFESTORE HOLDINGS PLC,GB04726380,5210,37719,11,2024,3361.1,2226800.0,372300.0,223400.0,1767.588178339,788.0,3361.1,1767.588178339,2226.8,372.3,223.4,2002.0,SAFESTORE
OXFORD NANOPORE TECHNOLOGIES PLC,GB05386273,7211,2005,33,2024,742.05,586338.0,-146188.0,183191.0,1230.09052928,1382.0,742.05,1230.09052928,586.338,-146.188,183.191,1904.0,OXFORD NANOPORE TECHNOLOGIES
SABRE INSURANCE GROUP PLC,GB10974661,6511,2017,9,2024,665.811,258346.0,35961.0,248131.0,344.999998808,,665.811,344.999998808,258.346,35.961,248.131,1904.0,SABRE INSURANCE
BANKERS INVESTMENT TRUST PLC,GB00026351,6430,,45,2024,1560.217,1434146.0,229950.0,233898.0,1269.647129858,2000.0,1560.217,1269.647129858,1434.146,229.95,233.898,,BANKERS INVESTMENT TRUST
3I INFRASTRUCTURE PLC,GBJE95682,6430,2007,8,2024,3878.0,3562000.0,333000.0,237000.0,2839.217270842,,3878.0,2839.217270842,3562.0,333.0,237.0,1904.0,I INFRASTRUCTURE
SECURE TRUST BANK PLC,GB00541132,6419,20054,140,2024,4116.7,360500.0,19700.0,205100.0,69.038494777,915.0,4116.7,69.038494777,360.5,19.7,205.1,1953.0,SECURE TRUST BANK
GLOBALWORTH REAL ESTATE INVESTMENTS LIMITED,GBGG56250,6831,2013,12,2024,2525.50494252779,1257852.98321215,-67589.1684772083,198458.870878556,618.468858624331,,2525.50494252779,618.468858624331,1257.8529832121499,-67.58916847720829,198.45887087855598,1904.0,GLOBALWORTH REAL ESTATE INVESTMENTS
BIG YELLOW GROUP PLC,GB03625199,5210,36033,12,2024,3029.269,2565546.0,201891.0,204495.0,1833.380906687,485.0,3029.269,1833.380906687,2565.546,201.891,204.495,1997.0,BIG YELLOW
ASA INTERNATIONAL GROUP PLC,GB11361159,6420,43234,20,2024,453.152391780935,76912.8823387326,22743.6265741992,148927.591148623,84.750002623,14232.0,453.152391780935,84.750002623,76.9128823387326,22.7436265741992,148.927591148623,2017.0,ASA
AUCTION TECHNOLOGY GROUP PLC,GB13141124,5829,2020,26,2024,855.804,679416.0,24192.0,174172.0,511.640322765,386.0,855.804,511.640322765,679.416,24.192,174.172,1904.0,AUCTION TECHNOLOGY
CHESNARA PLC,GB04947166,7010,37923,72,2024,12755.1,314400.0,3900.0,165500.0,,355.0,12755.1,,314.4,3.9,165.5,2002.0,CHESNARA
WORKSPACE GROUP PLC,GB02041612,6831,31622,19,2024,2470.5,1502200.0,5400.0,185200.0,797.393484924,322.0,2470.5,797.393484924,1502.2,5.4,185.2,1985.0,WORKSPACE
EDINBURGH WORLDWIDE INVESTMENT TRUST PLC,GBSC184775,6430,36045,13,2024,728.987,634603.0,71681.0,73247.0,586.19990915,,728.987,586.19990915,634.603,71.681,73.247,1997.0,EDINBURGH WORLDWIDE INVESTMENT TRUST
ARBUTHNOT BANKING GROUP PLC,GB01954085,6420,31355,18,2024,4729.227,266956.0,24854.0,181171.0,146.733006325,914.0,4729.227,146.733006325,266.956,24.854,181.171,1984.0,ARBUTHNOT BANKING
HICL INFRASTRUCTURE PLC,GB11738373,6619,2006,18,2024,3032.5,3030700.0,45900.0,131000.0,2229.109679511,,3032.5,2229.109679511,3030.7,45.9,131.0,1904.0,HICL INFRASTRUCTURE
KISTOS HOLDINGS PLC,GB14490676,0610,44882,8,2024,653.42033424269,29300.563180913,-41448.3523720529,176566.99995458,87.006926199,47.0,653.42033424269,87.006926199,29.300563180913,-41.448352372052895,176.56699995458,2021.0,KISTOS
FUNDING CIRCLE HOLDINGS PLC,GB07123934,6201,40191,18,2024,358.0,216500.0,8600.0,147000.0,439.433954806,827.0,358.0,439.433954806,216.5,8.6,147.0,2009.0,FUNDING CIRCLE
ASHMORE GROUP PLC,GB03675683,6619,36129,8,2024,979.7,890800.0,93700.0,189000.0,1212.372174897,283.0,979.7,1212.372174897,890.8,93.7,189.0,1997.0,ASHMORE
PEEL HUNT LIMITED,GBGG65579,6420,43230,12,2024,624.919,88717.0,-3580.0,91542.0,96.403564946,287.0,624.919,96.403564946,88.717,-3.58,91.542,2017.0,PEEL HUNT
GULF MARINE SERVICES PLC,GB08860816,3011,41663,14,2024,544.527041789933,305046.609730479,30270.6326983419,133527.63792206,161.561902262,727.0,544.527041789933,161.561902262,305.046609730479,30.2706326983419,133.52763792206,2013.0,GULF MARINE SERVICES
CLS HOLDINGS PLC,GB02714781,6831,33738,28,2024,1931.8,784200.0,-93600.0,151900.0,340.052769039,123.0,1931.8,340.052769039,784.2,-93.6,151.9,1991.0,CLS
GRAINGER PLC,GB00125575,9499,1912,12,2024,3742.7,1893700.0,31200.0,118200.0,1820.63601055,366.0,3742.7,1820.63601055,1893.7,31.2,118.2,1904.0,GRAINGER
HARWORTH GROUP PLC,GB02649340,7010,33508,14,2024,1052.509,691665.0,57237.0,181585.0,,131.0,1052.509,,691.665,57.237,181.585,1990.0,HARWORTH
NEWRIVER REIT PLC,GB10221027,9499,2009,14,2024,1054.1,490100.0,23700.0,90500.0,329.956902707,299.0,1054.1,329.956902707,490.1,23.7,90.5,1904.0,NEWRIVER REIT
ON THE BEACH GROUP PLC,GB09736592,7911,42233,14,2024,495.9,182500.0,13000.0,174800.0,233.120047878,554.0,495.9,233.120047878,182.5,13.0,174.8,2014.0,ON BEACH
SUPERMARKET INCOME REIT PLC,GB10799126,9499,2017,11,2024,1861.419,1119474.0,-21184.0,114673.0,903.523438838,,1861.419,903.523438838,1119.474,-21.184,114.673,1904.0,SUPERMARKET INCOME REIT
IP GROUP PLC,GB04204490,6619,2001,33,2024,1151.2,952500.0,-207000.0,5500.0,525.679331936,137.0,1151.2,525.679331936,952.5,-207.0,5.5,1904.0,IP
GREAT PORTLAND ESTATES PLC,GB00596137,6831,21184,33,2024,3028.8,2000700.0,116000.0,94800.0,755.257011014,158.0,3028.8,755.257011014,2000.7,116.0,94.8,1957.0,GREAT PORTLAND ESTATES
S & U PLC,GB00342025,6491,1938,12,2024,445.056,238079.0,17913.0,115611.0,201.702620635,248.0,445.056,201.702620635,238.079,17.913,115.611,1904.0,S U
BIOPHARMA CREDIT PLC,GB10443190,6619,2016,12,2024,956.213545020193,941914.385551698,97387.9650784185,118472.828574746,821.937285358,,956.213545020193,821.937285358,941.914385551698,97.3879650784185,118.472828574746,1904.0,BIOPHARMA CREDIT
AVATION PLC,GB05872328,7739,38909,14,2024,902.556934811209,202581.315072374,15592.7809332921,75190.6256659106,99.22937191,20.0,902.556934811209,99.22937191,202.58131507237403,15.5927809332921,75.1906256659106,2005.0,AVATION
REGIONAL REIT LIMITED,GBGG60527,9499,2015,7,2024,722.133,351614.0,-39539.0,90981.0,186.725924378,,722.133,186.725924378,351.614,-39.539,90.981,1904.0,REGIONAL REIT
TARGET HEALTHCARE REIT PLC,GB11990238,6619,2019,14,2024,967.37,689293.0,73024.0,69551.0,486.886332876,,967.37,486.886332876,689.293,73.024,69.551,1904.0,TARGET HEALTHCARE REIT
THE LAW DEBENTURE CORPORATION PLC,GB00030397,6430,1889,13,2024,1125.672,931371.0,96951.0,63358.0,1184.066326835,298.0,1125.672,1184.066326835,931.371,96.951,63.358,1904.0,LAW DEBENTURE CORPORATION
POLLEN STREET GROUP LIMITED,GBGG70165,9499,2021,6,2024,812.335,579356.0,49598.0,50282.0,459.844541274,,812.335,459.844541274,579.356,49.598,50.282,1904.0,POLLEN STREET
CUSTODIAN PROPERTY INCOME REIT PLC,GB08863271,9499,2014,15,2024,614.394,423466.0,38155.0,47997.0,333.28289311,,614.394,333.28289311,423.466,38.155,47.997,1904.0,CUSTODIAN PROPERTY INCOME REIT
PICTON PROPERTY INCOME LIMITED,GBGG43673,9499,38610,16,2024,764.64,533378.0,37323.0,54019.0,384.59877212,12.0,764.64,384.59877212,533.378,37.323,54.019,2004.0,PICTON PROPERTY INCOME
SYNCONA LIMITED,GBGG55514,9499,2012,38,2024,1064.875,1053080.0,-143160.0,66539.0,533.765067684,,1064.875,533.765067684,1053.08,-143.16,66.539,1904.0,SYNCONA
GRIT REAL ESTATE INCOME GROUP LIMITED,GBGG68739,9499,44234,34,2024,833.088271117374,282316.641824087,-66760.9636554068,50821.3253200515,89.116624561,140.0,833.088271117374,89.116624561,282.316641824087,-66.7609636554068,50.8213253200515,2020.0,GRIT REAL ESTATE INCOME
MALIBU LIFE HOLDINGS LIMITED,GBGG47161,6430,2007,11,2024,453.653767069729,452039.641537442,91087.6943588141,2302.02199370159,348.528493198,,453.653767069729,348.528493198,452.039641537442,91.0876943588141,2.3020219937015898,1904.0,MALIBU LIFE
FIDELITY CHINA SPECIAL SITUATIONS PLC,GB07133583,6430,2010,20,2024,1446.922,1413802.0,338012.0,57121.0,1311.326709692,,1446.922,1311.326709692,1413.802,338.012,57.121,1904.0,FIDELITY CHINA SPECIAL SITUATIONS
TR PROPERTY INVESTMENT TRUST PLC,GB00084492,6430,1905,13,2024,1164.833,1038237.0,-27441.0,26926.0,933.011899359,,1164.833,933.011899359,1038.237,-27.441,26.926,1904.0,TR PROPERTY INVESTMENT TRUST
PACIFIC HORIZON INVESTMENT TRUST PLC,GB02342193,6430,,12,2024,611.168,601970.0,26914.0,38453.0,554.819305745,,611.168,554.819305745,601.97,26.914,38.453,,PACIFIC HORIZON INVESTMENT TRUST
LIVING REIT PLC,GB10814022,9499,2017,23,2024,658.808,389744.0,-36389.0,39178.0,233.719111383,,658.808,233.719111383,389.744,-36.389,39.178,1904.0,LIVING REIT
JPMORGAN JAPANESE INVESTMENT TRUST PLC,GB00223583,6430,1927,29,2024,999.346,878603.0,171738.0,363.0,795.925606649,,999.346,795.925606649,878.603,171.738,0.363,1904.0,JPMORGAN JAPANESE INVESTMENT TRUST
HELICAL PLC,GB00156663,6831,7006,29,2024,624.912,426094.0,27949.0,31962.0,243.00974302,25.0,624.912,243.00974302,426.094,27.949,31.962,1918.0,HELICAL
FIDELITY EMERGING MARKETS LIMITED,GBGG20790,6430,1989,12,2024,619.429642202346,595303.695113516,99604.9621664795,35569.0809250036,524.763413271,,619.429642202346,524.763413271,595.3036951135159,99.6049621664795,35.569080925003604,1904.0,FIDELITY EMERGING MARKETS
CAB PAYMENTS HOLDINGS PLC,GB09659405,6420,2015,20,2024,1804.845,146551.0,14212.0,32431.0,174.596384828,421.0,1804.845,174.596384828,146.551,14.212,32.431,1904.0,CAB PAYMENTS
LENDINVEST PLC,GB08146929,6492,2012,12,2024,830.5,64400.0,-1600.0,31200.0,39.265057726,196.0,830.5,39.265057726,64.4,-1.6,31.2,1904.0,LENDINVEST
PANTHEON INFRASTRUCTURE PLC,GB13611678,9499,2021,16,2024,561.377,553493.0,72126.0,38722.0,418.01348123,,561.377,418.01348123,553.493,72.126,38.722,1904.0,PANTHEON INFRASTRUCTURE
FIDELITY EUROPEAN TRUST PLC,GB02638812,9499,1991,11,2024,1570.398,1563129.0,10760.0,35423.0,1438.731433164,,1570.398,1438.731433164,1563.129,10.76,35.423,1904.0,FIDELITY EUROPEAN TRUST
GREENCOAT UK WIND PLC,GB08318092,6619,2012,9,2024,5206.576,3409104.0,-55415.0,37991.0,2878.497471978,,5206.576,2878.497471978,3409.104,-55.415,37.991,1904.0,GREENCOAT UK WIND
PANTHEON INTERNATIONAL PLC,GB02147984,6430,1987,17,2024,2522.855,2283641.0,31649.0,473.0,1517.90036742,,2522.855,1517.90036742,2283.641,31.649,0.473,1904.0,PANTHEON
NEXTENERGY SOLAR FUND LIMITED,GBGG57739,6619,2008,22,2024,748.624,547373.0,-10855.0,31283.0,389.74607775,,748.624,389.74607775,547.373,-10.855,31.283,1904.0,NEXTENERGY SOLAR FUND
PHOENIX SPREE DEUTSCHLAND LIMITED,GBJE97031,9499,2007,5,2024,507.220608148463,229829.175345085,-32209.175656661,23369.1460864115,155.41781144,,507.220608148463,155.41781144,229.82917534508502,-32.209175656660996,23.3691460864115,1904.0,PHOENIX SPREE DEUTSCHLAND
BLACKROCK WORLD MINING TRUST PLC,GB02868209,6430,1993,54,2024,1123.654,975199.0,-119941.0,16422.0,918.79674223,,1123.654,918.79674223,975.199,-119.941,16.422,1904.0,BLACKROCK WORLD MINING TRUST
MOLTEN VENTURES PLC,GB09799594,6619,2006,16,2024,1383.0,1235800.0,-800.0,20900.0,472.408072434,62.0,1383.0,472.408072434,1235.8,-0.8,20.9,1904.0,MOLTEN VENTURES
BRUNNER INVESTMENT TRUST (THE) PLC,GB00226323,6430,1927,10,2024,655.021,618182.0,96051.0,15072.0,627.270561989,,655.021,627.270561989,618.182,96.051,15.072,1904.0,BRUNNER INVESTMENT TRUST
OCTOPUS TITAN VCT PLC,GB06397765,6619,2007,19,2024,833.214,831358.0,-147649.0,4215.0,716.537378352,,833.214,716.537378352,831.358,-147.649,4.215,1904.0,OCTOPUS TITAN VCT
ALLIANZ TECHNOLOGY TRUST PLC,GB03117355,6430,1995,23,2024,1749.817,1746867.0,460066.0,5630.0,1596.143746168,310.0,1749.817,1596.143746168,1746.867,460.066,5.63,1904.0,ALLIANZ TECHNOLOGY TRUST
PATRIA PRIVATE EQUITY TRUST PLC,GBSC216638,6619,36959,18,2024,1335.611,1192104.0,26548.0,6317.0,817.512973527,,1335.611,817.512973527,1192.104,26.548,6.317,2000.0,PATRIA PRIVATE EQUITY TRUST
THE NORTH AMERICAN INCOME TRUST PLC,GBSC005218,6430,1902,10,2024,513.729,467835.0,90744.0,6801.0,428.065057419,,513.729,428.065057419,467.835,90.744,6.801,1904.0,NORTH AMERICAN INCOME TRUST
THE SCOTTISH AMERICAN INVESTMENT COMPANY PLC,GBSC000489,6430,1873,11,2024,1051.087,952693.0,51872.0,5579.0,880.604052215,,1051.087,880.604052215,952.693,51.872,5.579,1904.0,SCOTTISH AMERICAN INVESTMENT
CT PRIVATE EQUITY TRUST PLC,GBSC179412,6430,1997,23,2024,601.207,504829.0,19669.0,3270.0,348.934345623,,601.207,348.934345623,504.829,19.669,3.27,1904.0,CT PRIVATE EQUITY TRUST
PERSONAL ASSETS TRUST PLC,GBSC074582,6430,1981,11,2024,1679.115,1667281.0,44260.0,3504.0,1653.431520643,,1679.115,1653.431520643,1667.281,44.26,3.504,1904.0,PERSONAL ASSETS TRUST
MANX FINANCIAL GROUP PLC,GBIM004908V,6491,1935,8,2024,497.79,37313.0,8102.0,3491.0,16.760201517,191.0,497.79,16.760201517,37.313,8.102,3.491,1904.0,MANX FINANCIAL
MURRAY INCOME TRUST PLC,GBSC012725,9499,1923,11,2024,1111.194,990282.0,94779.0,2836.0,897.150426623,,1111.194,897.150426623,990.282,94.779,2.836,1904.0,MURRAY INCOME TRUST
CHRYSALIS INVESTMENTS LIMITED,GBGG65432,6619,2018,9,2024,841.659,840331.0,39219.0,,555.275353006,,841.659,555.275353006,840.331,39.219,,1904.0,CHRYSALIS INVESTMENTS
CALEDONIA INVESTMENTS PLC,GB00235481,6430,1928,37,2024,2958.0,2931600.0,66100.0,7800.0,1872.047615109,84.0,2958.0,1872.047615109,2931.6,66.1,7.8,1904.0,CALEDONIA INVESTMENTS
FIDELITY SPECIAL VALUES PLC,GB02972628,6430,1994,18,2024,1144.953,1143541.0,223314.0,19659.0,1041.977999982,,1144.953,1041.977999982,1143.541,223.314,19.659,1904.0,FIDELITY SPECIAL VALUES
SCHRODER ASIAN TOTAL RETURN INVESTMENT COMPANY PLC,GB02153093,6430,1987,24,2024,509.971,476076.0,55621.0,1338.0,451.723105685,,509.971,451.723105685,476.076,55.621,1.338,1904.0,SCHRODER ASIAN TOTAL RETURN INVESTMENT
DISTRIBUTION FINANCE CAPITAL HOLDINGS PLC,GB11911574,8411,2019,19,2024,786.54,115354.0,14021.0,1239.0,66.366604485,136.0,786.54,66.366604485,115.354,14.021,1.239,1904.0,DISTRIBUTION FINANCE CAPITAL
RTW BIOTECH OPPORTUNITIES LTD.,GBGG66847,9499,2017,49,2024,605.80801508487,504279.917653514,-6969.03680433968,1156.59069004882,384.392121702,,605.80801508487,384.392121702,504.279917653514,-6.96903680433968,1.15659069004882,1904.0,RTW BIOTECH OPPORTUNITIES
ABERFORTH SMALLER COMPANIES TRUST PLC,GBSC126524,6430,1990,13,2024,1501.527,1397317.0,151591.0,1628.0,1232.221677512,,1501.527,1232.221677512,1397.317,151.591,1.628,1904.0,ABERFORTH SMALLER COMPANIES TRUST
CORDIANT DIGITAL INFRASTRUCTURE LIMITED,GBGG68630,9499,2021,32,2024,1141.627,992519.0,105240.0,944.0,666.172468641,,1141.627,666.172468641,992.519,105.24,0.944,1904.0,CORDIANT DIGITAL INFRASTRUCTURE
JPMORGAN CLAVERHOUSE INVESTMENT TRUST PLC,GB00754577,6430,1963,15,2024,450.257,409695.0,33393.0,370.0,395.200014499,,450.257,395.200014499,409.695,33.393,0.37,1904.0,JPMORGAN CLAVERHOUSE INVESTMENT TRUST
BLACKROCK SMALLER COMPANIES TRUST PLC,GBSC006176,6430,1906,14,2024,706.395,614779.0,-4268.0,,558.543350012,,706.395,558.543350012,614.779,-4.268,,1904.0,BLACKROCK SMALLER COMPANIES TRUST
JPMORGAN EUROPEAN DISCOVERY TRUST PLC,GB02431143,6430,1989,27,2024,647.964,586250.0,6543.0,1615.0,543.699115917,,647.964,543.699115917,586.25,6.543,1.615,1904.0,JPMORGAN EUROPEAN DISCOVERY TRUST
INTERNATIONAL PUBLIC PARTNERSHIPS LIMITED,GBGG45241,6430,2006,8,2024,2728.546,2716624.0,465.0,0.0,2275.279299258,,2728.546,2275.279299258,2716.624,0.465,0.0,1904.0,PUBLIC PARTNERSHIPS
GRESHAM HOUSE ENERGY STORAGE FUND PLC,GB11535957,9499,2018,197,2024,622.859,622243.0,-115892.0,887.0,261.200451876,,622.859,261.200451876,622.243,-115.892,0.887,1904.0,GRESHAM HOUSE ENERGY STORAGE FUND
BLACKROCK THROGMORTON TRUST PLC,GB00594634,6430,1969,6,2024,606.3,595908.0,86322.0,14784.0,517.81863853,,606.3,517.81863853,595.908,86.322,14.784,1904.0,BLACKROCK THROGMORTON TRUST
NORTH ATLANTIC SMALLER COMPANIES INVESTMENT TRUST PLC,GB01091347,6430,1973,20,2024,719.093,713504.0,41920.0,171.0,495.75,,719.093,495.75,713.504,41.92,0.171,1904.0,NORTH ATLANTIC SMALLER COMPANIES INVESTMENT TRUST
HENDERSON SMALLER COMPANIES INVESTMENT TRUST PLC,GB00025526,6430,1887,8,2024,854.38,747340.0,93345.0,1062.0,661.605571806,,854.38,661.605571806,747.34,93.345,1.062,1904.0,HENDERSON SMALLER COMPANIES INVESTMENT TRUST
THE GLOBAL SMALLER COMPANIES TRUST PLC,GB00028264,6430,1889,13,2024,927.965,870062.0,67590.0,,792.505900288,,927.965,792.505900288,870.062,67.59,,1904.0,GLOBAL SMALLER COMPANIES TRUST
FINSBURY GROWTH & INCOME TRUST PLC,GBSC013958,6430,1926,11,2024,1615.366,1582168.0,108178.0,486.0,1444.049063899,,1615.366,1444.049063899,1582.168,108.178,0.486,1904.0,FINSBURY GROWTH INCOME TRUST
JPMORGAN UK SMALL CAP GROWTH & INCOME PLC,GB02515996,6430,1990,66,2024,574.792,517072.0,99698.0,247.0,511.245317852,,574.792,511.245317852,517.072,99.698,0.247,1904.0,JPMORGAN UK SMALL CAP GROWTH INCOME
JPMORGAN EUROPEAN GROWTH & INCOME PLC,GB00237958,6430,1929,39,2024,540.62,498579.0,15017.0,514.0,468.437974717,,540.62,468.437974717,498.579,15.017,0.514,1904.0,JPMORGAN EUROPEAN GROWTH INCOME
THE CITY OF LONDON INVESTMENT TRUST PLC,GB00034871,6430,1891,9,2024,2259.503,2097528.0,297418.0,287.0,138.421632314,,2259.503,138.421632314,2097.528,297.418,0.287,1904.0,CITY OF LONDON INVESTMENT TRUST
HARBOURVEST GLOBAL PRIVATE EQUITY LIMITED,GBGG47907,9499,2007,6,2024,3639.98166574306,3241574.02056464,168011.699006963,183.715330958978,2049.815347931,,3639.98166574306,2049.815347931,3241.57402056464,168.011699006963,0.183715330958978,1904.0,HARBOURVEST GLOBAL PRIVATE EQUITY
HERALD INVESTMENT TRUST PLC,GB02879728,6430,1993,13,2024,1253.767,1252602.0,134296.0,788.0,1223.282883893,,1253.767,1223.282883893,1252.602,134.296,0.788,1904.0,HERALD INVESTMENT TRUST
TEMPLETON EMERGING MARKETS INVESTMENT TRUST PLC,GBSC118022,6430,1989,54,2024,2086.54,1985442.0,153696.0,23.0,1738.109619245,,2086.54,1738.109619245,1985.442,153.696,0.023,1904.0,TEMPLETON EMERGING MARKETS INVESTMENT TRUST
ICG ENTERPRISE TRUST PLC,GB01571089,6430,1981,16,2024,1475.494,1332392.0,107510.0,5.0,862.532821544,,1475.494,862.532821544,1332.392,107.51,0.005,1904.0,ICG ENTERPRISE TRUST
GCP INFRASTRUCTURE INVESTMENTS LIMITED,GBJE105775,6430,2010,9,2024,971.915,913130.0,19514.0,932.0,684.704210644,,971.915,684.704210644,913.13,19.514,0.932,1904.0,GCP INFRASTRUCTURE INVESTMENTS
THE MONKS INVESTMENT TRUST PLC,GB00236964,6430,1929,11,2024,2898.196,2661137.0,398352.0,,2479.633095943,,2898.196,2479.633095943,2661.137,398.352,,1904.0,MONKS INVESTMENT TRUST
NB PRIVATE EQUITY PARTNERS LIMITED,GBGG47214,9499,2009,32,2024,1093.76095334192,1016575.46313551,13413.5824480645,102.028675621123,780.33241602,,1093.76095334192,780.33241602,1016.57546313551,13.413582448064501,0.102028675621123,1904.0,NB PRIVATE EQUITY PARTNERS
SCHRODER ASIAPACIFIC FUND PLC,GB03104981,6430,1995,35,2024,963.41,919159.0,127739.0,73.0,804.785742288,,963.41,804.785742288,919.159,127.739,0.073,1904.0,SCHRODER ASIAPACIFIC FUND
AVI GLOBAL TRUST PLC,GB00028203,6430,1889,17,2024,1280.905,1112725.0,142657.0,0.0,1021.162434715,,1280.905,1021.162434715,1112.725,142.657,0.0,1904.0,AVI GLOBAL TRUST
CAPITAL GEARING TRUST PLC,GBNI005574,6430,1963,18,2024,913.169,885025.0,35991.0,0.0,859.900934279,,913.169,859.900934279,885.025,35.991,0.0,1904.0,CAPITAL GEARING TRUST
PERSHING SQUARE HOLDINGS LIMITED,GBGG54602,9499,2012,6,2024,12460.5596904546,10371238.789858,935551.941107887,27.8984659901508,8206.217896894,,12460.5596904546,8206.217896894,10371.238789858,935.5519411078869,0.0278984659901508,1904.0,PERSHING SQUARE
PRINCESS PRIVATE EQUITY HOLDING LIMITED,GBGG35241,6430,1999,6,2024,906.699681189958,860458.252505861,90197.2853200545,5.79674070180299,616.828423836,,906.699681189958,616.828423836,860.458252505861,90.1972853200545,0.00579674070180299,1904.0,PRINCESS PRIVATE EQUITY HOLDING
MERCANTILE INVESTMENT TRUST (THE) PLC,GB00020537,6619,1884,35,2024,2303.932,1965468.0,241378.0,0.0,1836.803778343,,2303.932,1836.803778343,1965.468,241.378,0.0,1904.0,MERCANTILE INVESTMENT TRUST
ASHOKA INDIA EQUITY INVESTMENT TRUST PLC,GB11356069,9499,2018,11,2024,457.166,435439.0,96653.0,163.0,443.501194076,,457.166,443.501194076,435.439,96.653,0.163,1904.0,ASHOKA INDIA EQUITY INVESTMENT TRUST
ABERDEEN ASIA FOCUS PLC,GB03106339,6430,1995,13,2024,581.308,502260.0,37325.0,0.0,427.082271645,,581.308,427.082271645,502.26,37.325,0.0,1904.0,ABERDEEN ASIA FOCUS
THE EUROPEAN SMALLER COMPANIES TRUST PLC,GB02520734,6430,1990,13,2024,891.661,798594.0,84898.0,0.0,708.761043006,,891.661,708.761043006,798.594,84.898,0.0,1904.0,EUROPEAN SMALLER COMPANIES TRUST
EDINBURGH INVESTMENT TRUST PLC,GBSC001836,6430,1889,45,2024,1246.639,1125946.0,85448.0,0.0,1067.975598764,,1246.639,1067.975598764,1125.946,85.448,0.0,1904.0,EDINBURGH INVESTMENT TRUST
SEQUOIA ECONOMIC INFRASTRUCTURE INCOME FUND LIMITED,GBGG59596,9499,2014,13,2024,1506.819,1439189.0,79800.0,22136.0,1217.613576713,,1506.819,1217.613576713,1439.189,79.8,22.136,1904.0,SEQUOIA ECONOMIC INFRASTRUCTURE INCOME FUND
JPMORGAN AMERICAN INVESTMENT TRUST PLC,GB00015543,6430,1881,41,2024,2068.393,1987845.0,471817.0,0.0,2023.78431436,,2068.393,2023.78431436,1987.845,471.817,0.0,1904.0,JPMORGAN AMERICAN INVESTMENT TRUST
JPMORGAN GLOBAL GROWTH & INCOME PLC,GB00024299,6430,1887,28,2024,2901.859,2735942.0,552219.0,0.0,2781.152994997,,2901.859,2781.152994997,2735.942,552.219,0.0,1904.0,JPMORGAN GLOBAL GROWTH INCOME
THE MERCHANTS TRUST PLC,GB00028276,6430,1889,13,2024,972.009,849822.0,104273.0,0.0,831.79204316,310.0,972.009,831.79204316,849.822,104.273,0.0,1904.0,MERCHANTS TRUST
TEMPLE BAR INVESTMENT TRUST PLC,GB00214601,6430,1926,7,2024,893.218,816725.0,139546.0,0.0,776.276105445,,893.218,776.276105445,816.725,139.546,0.0,1904.0,TEMPLE BAR INVESTMENT TRUST
YELLOW CAKE PLC,GBJE125612,0721,2018,7,2024,1095.734798105,1093107.18490454,-362629.942348932,,926.950867059,,1095.734798105,926.950867059,1093.10718490454,-362.629942348932,,1904.0,YELLOW CAKE
FORESIGHT SOLAR FUND LIMITED,GBJE113721,6619,2013,32,2024,634.848,634362.0,3006.0,,434.939603566,,634.848,434.939603566,634.362,3.006,,1904.0,FORESIGHT SOLAR FUND
THE RENEWABLES INFRASTRUCTURE GROUP LIMITED,GBGG56716,6619,2013,19,2024,2857.6,2856300.0,-115200.0,,2114.020572398,,2857.6,2114.020572398,2856.3,-115.2,,1904.0,RENEWABLES INFRASTRUCTURE
FORESIGHT ENVIRONMENTAL INFRASTRUCTURE LIMITED,GBGG57682,6619,2004,12,2024,680.795,678701.0,-2835.0,,456.780742175,,680.795,456.780742175,678.701,-2.835,,1904.0,FORESIGHT ENVIRONMENTAL INFRASTRUCTURE
TWENTYFOUR INCOME FUND LIMITED,GBGG56128,6619,2013,41,2024,874.377,843786.0,104731.0,,833.469666668,,874.377,833.469666668,843.786,104.731,,1904.0,TWENTYFOUR INCOME FUND
THE SCHIEHALLION FUND LIMITED,GBGG65915,9499,2019,6,2024,1108.19746672141,1103868.87567793,124947.375045986,,,,1108.19746672141,,1103.86887567793,124.947375045986,,1904.0,SCHIEHALLION FUND
BH MACRO LIMITED,GBGG46235,6430,2007,6,2024,1596.0816015839,1581717.87709411,46415.8735163564,,1389.378654179,,1596.0816015839,1389.378654179,1581.71787709411,46.4158735163564,,1904.0,BH MACRO
RUFFER INVESTMENT COMPANY LIMITED,GBGG41996,6430,2004,3,2024,1027.075,1019739.0,10168.0,,968.221624312,,1027.075,968.221624312,1019.739,10.168,,1904.0,RUFFER INVESTMENT
SCHRODER ORIENTAL INCOME FUND LIMITED,GBGG43298,9499,2005,24,2024,748.566,700315.0,110396.0,,650.436698396,,748.566,650.436698396,700.315,110.396,,1904.0,SCHRODER ORIENTAL INCOME FUND
SDCL EFFICIENCY INCOME TRUST PLC,GB11620959,9499,2018,52,2024,985.4,983600.0,70100.0,,523.17221971,,985.4,523.17221971,983.6,70.1,,1904.0,SDCL EFFICIENCY INCOME TRUST
BAILLIE GIFFORD US GROWTH TRUST PLC,GB11194060,9499,2018,10,2024,685.459,643933.0,89984.0,,571.867990738,,685.459,571.867990738,643.933,89.984,,1904.0,BAILLIE GIFFORD US GROWTH TRUST
UTILICO EMERGING MARKETS TRUST PLC,GB11102129,6430,2005,22,2024,500.095,479822.0,-16676.0,,402.830060567,,500.095,402.830060567,479.822,-16.676,,1904.0,UTILICO EMERGING MARKETS TRUST
GEORGIA CAPITAL PLC,GB10852406,6619,2017,6,2024,1025.57264441624,1024918.33481873,102881.664551533,,473.913012,,1025.57264441624,473.913012,1024.91833481873,102.881664551533,,1904.0,GEORGIA CAPITAL
IMPAX ENVIRONMENTAL MARKETS PLC,GB04348393,6430,37263,45,2024,1116.699,1028084.0,-20646.0,0.0,923.466825275,,1116.699,923.466825275,1028.084,-20.646,0.0,2001.0,IMPAX ENVIRONMENTAL MARKETS
HG CAPITAL TRUST PLC,GB01525583,6430,1980,20,2024,2597.871,2497071.0,236095.0,,2467.156553887,,2597.871,2467.156553887,2497.071,236.095,,1904.0,HG CAPITAL TRUST
WORLDWIDE HEALTHCARE TRUST PLC,GB03023689,2120,1995,10,2024,1776.733,1679346.0,-209768.0,0.0,1471.529569728,,1776.733,1471.529569728,1679.346,-209.768,0.0,1904.0,WORLDWIDE HEALTHCARE TRUST
INVESCO ASIA DRAGON TRUST PLC,GB03011768,6430,1995,29,2024,252.711,238266.0,5564.0,,206.292945853,,252.711,206.292945853,238.266,5.564,,1904.0,INVESCO ASIA DRAGON TRUST
JPMORGAN INDIA GROWTH & INCOME PLC,GB02915926,6430,1994,25,2024,903.334,860887.0,127285.0,,707.923001571,,903.334,707.923001571,860.887,127.285,,1904.0,JPMORGAN INDIA GROWTH INCOME
ST. JAMES'S PLACE PLC,GB03183415,7010,35156,25,2024,194875.1,1273700.0,535900.0,,,3206.0,194875.1,,1273.7,535.9,,1995.0,ST JAMES S PLACE
JPMORGAN EMERGING MARKETS GROWTH & INCOME PLC,GB02618994,6430,1991,54,2024,1367.565,1354029.0,84967.0,,1191.309272798,,1367.565,1191.309272798,1354.029,84.967,,1904.0,JPMORGAN EMERGING MARKETS GROWTH INCOME
THE BAILLIE GIFFORD JAPAN TRUST PLC,GBSC075954,6430,1981,18,2024,894.511,748379.0,63759.0,,661.746556831,,894.511,661.746556831,748.379,63.759,,1904.0,BAILLIE GIFFORD JAPAN TRUST
BLACKROCK GREATER EUROPE INVESTMENT TRUST PLC,GB05142459,6430,2004,51,2024,695.687,640300.0,91610.0,12.0,597.286810357,,695.687,597.286810357,640.3,91.61,0.012,1904.0,BLACKROCK GREATER EUROPE INVESTMENT TRUST
OCTOPUS APOLLO VCT PLC,GB05840377,6619,2006,33,2024,508.929,482563.0,24110.0,,431.233928484,,508.929,431.233928484,482.563,24.11,,1904.0,OCTOPUS APOLLO VCT
SHELL PLC,GB04366849,0610,37292,23,2023,319006.03934287,147903156.97123,15200821.9057243,249143818.803689,167708.783817337,103000.0,319006.03934287,167708.783817337,147903.15697123,15200.8219057243,249143.818803689,2001.0,SHELL
GLENCORE PLC,GBJE107710,2399,2011,22,2023,97262.8032770374,30023959.254568,3360685.86995713,171159417.274125,57671.960070066,83426.0,97262.8032770374,57671.960070066,30023.959254568,3360.68586995713,171159.417274125,1904.0,GLENCORE
BP P.L.C.,GB00102498,1920,3395,34,2023,220088.80496116,67129700.2523937,11964983.9454222,166152937.576264,80082.444368342,87800.0,220088.80496116,80082.444368342,67129.7002523937,11964.9839454222,166152.937576264,1908.0,BP
TESCO PLC,GB00445790,4711,17498,24,2023,47039.0,11665000.0,1188000.0,68897000.0,19687.889635567,336712.0,47039.0,19687.889635567,11665.0,1188.0,68897.0,1946.0,TESCO
HSBC HOLDINGS PLC,GB00617987,6420,21551,33,2023,2385990.38721115,151238716.217861,19283898.1963265,53955497.5593702,122380.324033379,221000.0,2385990.38721115,122380.324033379,151238.716217861,19283.898196326503,53955.4975593702,1958.0,HSBC
UNILEVER PLC,GB00041424,2042,21/06/1894,22,2023,65304.8535768141,18015969.7561843,5628472.15413059,52209350.2282257,94962.677578,128377.0,65304.8535768141,94962.677578,18015.9697561843,5628.47215413059,52209.3502282257,1894.0,UNILEVER
ASTRAZENECA PLC,GB02723534,2120,33772,33,2023,79399.3445056531,30753416.5380236,4675907.55971839,36922787.7717276,164317.238356,89900.0,79399.3445056531,164317.238356,30753.416538023597,4675.90755971839,36922.7877717276,1991.0,ASTRAZENECA
RIO TINTO PLC,GB00719885,0710,22735,23,2023,81307.3974645307,44239346.4016951,7897611.79439926,43078025.2798103,73102.181979082,57174.0,81307.3974645307,73102.181979082,44239.346401695104,7897.611794399259,43078.0252798103,1961.0,RIO TINTO
VODAFONE GROUP PLC,GB01833679,6190,30880,28,2023,123731.775700405,52285354.0296036,977168.162788094,38950437.2677665,19080.653223018,96282.0,123731.775700405,19080.653223018,52285.3540296036,977.168162788094,38950.4372677665,1983.0,VODAFONE
COMPASS GROUP PLC,GB04083914,5610,36798,19,2023,17512.1253035136,5135520.61686616,1309965.33830221,30900346.0354834,,562460.0,17512.1253035136,,5135.52061686616,1309.96533830221,30900.346035483402,1999.0,COMPASS
GSK PLC,GB03888792,2120,36500,30,2023,59005.0,12795000.0,4928000.0,31518000.0,59676.857862113,70212.0,59005.0,59676.857862113,12795.0,4928.0,31518.0,1999.0,GSK
SAINSBURY (J) PLC,GB00185647,4711,8350,27,2023,25061.0,6868000.0,137000.0,32779000.0,5908.272188581,100.0,25061.0,5908.272188581,6868.0,137.0,32779.0,1921.0,SAINSBURY J
IMPERIAL BRANDS PLC,GB03236483,1200,35283,21,2023,29491.0,6642000.0,2328000.0,32475000.0,14974.678705395,25200.0,29491.0,14974.678705395,6642.0,2328.0,32475.0,1995.0,IMPERIAL BRANDS
BARCLAYS PLC,GB00048839,6420,20/07/1896,36,2023,1477487.0,71864000.0,5323000.0,25369000.0,23304.67245037,92400.0,1477487.0,23304.67245037,71864.0,5323.0,25369.0,1896.0,BARCLAYS
BAE SYSTEMS PLC,GB01470151,3030,29220,22,2023,32064.0,10723000.0,1857000.0,23229000.0,33671.909347512,92000.0,32064.0,33671.909347512,10723.0,1857.0,23229.0,1979.0,BAE SYSTEMS
BRITISH AMERICAN TOBACCO PLC,GB03407696,1200,35634,25,2023,118716.0,52934000.0,-14367000.0,27715000.0,51336.746708946,46725.0,118716.0,51336.746708946,52934.0,-14367.0,27715.0,1996.0,BRITISH AMERICAN TOBACCO
AVIVA PLC,GB02468686,6511,2000,46,2023,328843.0,9282000.0,1106000.0,18497000.0,11908.55093199,,328843.0,11908.55093199,9282.0,1106.0,18497.0,1904.0,AVIVA
ROLLS-ROYCE HOLDINGS PLC,GB07524813,3030,40584,43,2023,31512.0,-3629000.0,2412000.0,16486000.0,25224.842706141,41400.0,31512.0,25224.842706141,-3629.0,2412.0,16486.0,2010.0,ROLLS ROYCE
BT GROUP PLC,GB04190816,6190,36980,29,2023,51739.0,12518000.0,855000.0,21035000.0,10912.180530164,91700.0,51739.0,10912.180530164,12518.0,855.0,21035.0,2000.0,BT
CENTRICA PLC,GB03033654,3522,1995,19,2023,21366.0,4233000.0,3929000.0,26458000.0,7619.847833341,21014.0,21366.0,7619.847833341,4233.0,3929.0,26458.0,1904.0,CENTRICA
ASSOCIATED BRITISH FOODS PLC,GB00293262,1089,12712,11,2023,18844.0,11193000.0,1044000.0,19750000.0,16048.274970355,133487.0,18844.0,16048.274970355,11193.0,1044.0,19750.0,1933.0,ASSOCIATED BRITISH FOODS
LLOYDS BANKING GROUP PLC,GBSC095000,6420,31341,29,2023,881453.0,47365000.0,5518000.0,23721000.0,30328.876602444,66197.0,881453.0,30328.876602444,47365.0,5518.0,23721.0,1984.0,LLOYDS BANKING
NATIONAL GRID PLC,GB04031152,3522,36718,50,2023,98325.0,29892000.0,2290000.0,19862000.0,39652.504392532,31425.0,98325.0,39652.504392532,29892.0,2290.0,19862.0,1999.0,NATIONAL GRID
MARKS AND SPENCER GROUP PLC,GB04256886,4719,37095,21,2023,8682.2,2830100.0,431200.0,13063700.0,5383.286787299,65848.0,8682.2,5383.286787299,2830.1,431.2,13063.7,2000.0,MARKS AND SPENCER
ANGLO AMERICAN PLC,GB03564138,0710,35929,26,2023,52250.8132080438,24825889.0538399,222213.575046231,24217353.6451444,26358.300865734,58000.0,52250.8132080438,26358.300865734,24825.8890538399,222.213575046231,24217.353645144398,1997.0,ANGLO AMERICAN
NATWEST GROUP PLC,GBSC045551,6420,24922,35,2023,692673.0,37188000.0,4632000.0,14773000.0,19311.686306462,61600.0,692673.0,19311.686306462,37188.0,4632.0,14773.0,1967.0,NATWEST
STANDARD CHARTERED PLC,GB00966425,6420,25525,30,2023,646102.851396964,39537527.0116709,2718386.56116626,14259358.737949,17765.266740801,85007.0,646102.851396964,17765.266740801,39537.5270116709,2718.38656116626,14259.358737949,1968.0,STANDARD CHARTERED
DIAGEO PLC,GB00023307,1101,21/10/1886,23,2023,35489.0338588362,9258318.23748663,3514666.03173867,16252859.4561054,75926.946598952,30269.0,35489.0338588362,75926.946598952,9258.31823748663,3514.66603173867,16252.8594561054,1886.0,DIAGEO
RECKITT BENCKISER GROUP PLC,GB06270876,7010,39239,35,2023,27136.0,8469000.0,1643000.0,14607000.0,38700.339520074,40100.0,27136.0,38700.339520074,8469.0,1643.0,14607.0,2006.0,RECKITT BENCKISER
NATIONAL WESTMINSTER BANK PLC - NATWEST,GB00929027,6419,25569,17,2023,415468.0,21430000.0,3509000.0,12136000.0,,56600.0,415468.0,,21430.0,3509.0,12136.0,1969.0,NATIONAL WESTMINSTER BANK NATWEST
WPP PLC (NEW),GBJE111714,7311,2005,49,2023,26622.4,3832700.0,110400.0,14844800.0,8093.52809898,114173.0,26622.4,8093.52809898,3832.7,110.4,14844.8,1904.0,WPP NEW
KINGFISHER PLC,GB01664812,4719,30210,23,2023,11900.0,6604000.0,345000.0,13005000.0,4131.537479601,76000.0,11900.0,4131.537479601,6604.0,345.0,13005.0,1981.0,KINGFISHER
JD SPORTS FASHION PLC,GB01888425,4764,31099,15,2023,8048.0,2869000.0,539000.0,10572000.0,5856.938744305,53499.0,8048.0,5856.938744305,2869.0,539.0,10572.0,1984.0,JD SPORTS FASHION
JOHNSON MATTHEY PLC,GB00033774,2059,04/11/1891,16,2023,6336.0,2380000.0,108000.0,12843000.0,3281.981518159,11685.0,6336.0,3281.981518159,2380.0,108.0,12843.0,1891.0,JOHNSON MATTHEY
BUNZL PLC,GB00358948,4639,14632,21,2023,8747.2,2966300.0,526200.0,11797100.0,10782.872227355,24528.0,8747.2,10782.872227355,2966.3,526.2,11797.1,1939.0,BUNZL
HALEON PLC,GB13691224,2120,44489,29,2023,34055.0,16729000.0,1049000.0,11302000.0,29703.007132523,25284.0,34055.0,29703.007132523,16729.0,1049.0,11302.0,2020.0,HALEON
EASYJET PLC,GB03959649,5110,36609,21,2023,9841.0,2787000.0,324000.0,8182000.0,3238.976657547,15937.0,9841.0,3238.976657547,2787.0,324.0,8182.0,1999.0,EASYJET
SSE PLC,GBSC117119,3511,32599,24,2023,28270.2,11803100.0,1884400.0,10578500.0,18033.4820655,14980.0,28270.2,18033.4820655,11803.1,1884.4,10578.5,1988.0,SSE
RELX PLC,GB00077536,6311,1244,20,2023,14917.0,3439000.0,1781000.0,9161000.0,58687.657127557,36500.0,14917.0,58687.657127557,3439.0,1781.0,9161.0,1902.0,RELX
BALFOUR BEATTY PLC,GB00395826,4299,16588,21,2023,5265.0,1208000.0,197000.0,7993000.0,1802.216877544,18226.0,5265.0,1802.216877544,1208.0,197.0,7993.0,1944.0,BALFOUR BEATTY
LONDON STOCK EXCHANGE GROUP PLC,GB05369106,8411,2005,22,2023,805010.0,25944000.0,761000.0,8448000.0,48470.324602125,26230.0,805010.0,48470.324602125,25944.0,761.0,8448.0,1904.0,LONDON STOCK EXCHANGE
QUILTER PLC,GB06404270,6420,39374,19,2023,53345.0,1519000.0,42000.0,4626000.0,1443.420447927,3014.0,53345.0,1443.420447927,1519.0,42.0,4626.0,2006.0,QUILTER
CURRYS PLC,GB07105905,6190,40162,19,2023,5849.0,1892000.0,-481000.0,9511000.0,646.091942963,28174.0,5849.0,646.091942963,1892.0,-481.0,9511.0,2009.0,CURRYS
LEGAL & GENERAL GROUP PLC,GB01417162,6511,1836,31,2023,522095.0,4826000.0,443000.0,9624000.0,15014.721996302,,522095.0,15014.721996302,4826.0,443.0,9624.0,1904.0,LEGAL GENERAL
COMPUTACENTER PLC,GB03110569,6209,34974,26,2023,3058.0,949400.0,197600.0,6922800.0,3425.44813176,20022.0,3058.0,3425.44813176,949.4,197.6,6922.8,1994.0,COMPUTACENTER
INCHCAPE PLC,GB00609782,4511,21412,19,2023,7139.0,1620000.0,283000.0,11464000.0,2955.066116112,21442.0,7139.0,2955.066116112,1620.0,283.0,11464.0,1957.0,INCHCAPE
PRUDENTIAL PLC,GB01397169,6511,1848,25,2023,136677.83799999,13994743.9860388,1344274.34798285,7358174.59985241,24429.23543297,,136677.83799999,24429.23543297,13994.7439860388,1344.27434798285,7358.17459985241,1904.0,PRUDENTIAL
HARBOUR ENERGY PLC,GBSC234781,0610,37468,24,2023,7786.11240338667,1219426.4383279,35334.3140532876,2945311.37808626,2377.364354931,1716.0,7786.11240338667,2377.364354931,1219.4264383278999,35.3343140532876,2945.31137808626,2001.0,HARBOUR ENERGY
METLEN ENERGY & METALS PLC,GB15944520,3511,2024,72,2023,,,,,,,,,,,,1904.0,METLEN ENERGY METALS
JET2 PLC,GB01295221,5110,28146,8,2023,5570.0,1408900.0,399200.0,6255300.0,3095.704088399,14053.0,5570.0,3095.704088399,1408.9,399.2,6255.3,1976.0,JET
NEXT PLC,GB04412362,4791,37355,16,2023,4724.3,1638800.0,802300.0,5611900.0,10790.289847567,44081.0,4724.3,10790.289847567,1638.8,802.3,5611.9,2001.0,NEXT
MONDI PLC,GB06209386,1729,39183,17,2023,8645.30546381335,5289219.40058272,-132751.077475255,6975071.31910834,7465.389535886,21400.0,8645.30546381335,7465.389535886,5289.21940058272,-132.75107747525502,6975.07131910834,2006.0,MONDI
ANTOFAGASTA PLC,GB01627889,0729,30048,30,2023,15427.1185570612,9460487.76532512,655726.348131122,5005930.0529761,16557.46326774,6630.0,15427.1185570612,16557.46326774,9460.48776532512,655.726348131122,5005.930052976099,1981.0,ANTOFAGASTA
EXPERIAN PLC,GBJE93905,7490,2006,20,2023,9286.02299460262,3701881.94687497,950643.91824868,5626955.70292818,31738.616905813,22261.0,9286.02299460262,31738.616905813,3701.8819468749703,950.6439182486799,5626.95570292818,1904.0,EXPERIAN
BARRATT REDROW PLC,GB00604574,4110,21319,21,2023,8004.0,5596400.0,530300.0,5461400.0,4029.90759782,7031.0,8004.0,4029.90759782,5596.4,530.3,5461.4,1957.0,BARRATT REDROW
MITIE GROUP PLC,GBSC019230,8121,13347,19,2023,1927.8,473700.0,130900.0,4464800.0,1401.978004732,68145.0,1927.8,1401.978004732,473.7,130.9,4464.8,1935.0,MITIE
PHOENIX GROUP HOLDINGS PLC,GB11606773,6511,2018,23,2023,299393.0,3236000.0,84000.0,4861000.0,5360.233855363,,299393.0,5360.233855363,3236.0,84.0,4861.0,1904.0,PHOENIX
FRASERS GROUP PLC,GB06035106,4764,39072,14,2023,4302.7,1668200.0,491700.0,5693100.0,3592.547991891,32481.0,4302.7,3592.547991891,1668.2,491.7,5693.1,2006.0,FRASERS
DRAX GROUP PLC,GB05562053,3511,38608,19,2023,6038.4,1983000.0,562200.0,7733200.0,1883.703934848,3457.0,6038.4,1883.703934848,1983.0,562.2,7733.2,2004.0,DRAX
RENTOKIL INITIAL PLC,GB05393279,3900,38426,26,2023,11127.0,4088000.0,381000.0,5375000.0,11119.355793835,62900.0,11127.0,11119.355793835,4088.0,381.0,5375.0,2004.0,RENTOKIL INITIAL
WIZZ AIR HOLDINGS PLC,GBJE103356,5110,2009,29,2023,7452.9644373914,124888.948524759,322808.359742102,4747751.52356752,2218.12063467,7928.0,7452.9644373914,2218.12063467,124.888948524759,322.80835974210197,4747.75152356752,1904.0,WIZZ AIR
ENTAIN PLC,GBIM004685V,9329,40299,9,2023,10850.6,2792700.0,-928600.0,4769600.0,6350.948764878,31180.0,10850.6,6350.948764878,2792.7,-928.6,4769.6,2009.0,ENTAIN
BABCOCK INTERNATIONAL GROUP PLC,GB02342138,7490,32540,26,2023,3503.6,406100.0,165700.0,4390100.0,2629.102207965,28143.0,3503.6,2629.102207965,406.1,165.7,4390.1,1988.0,BABCOCK
MORGAN SINDALL GROUP PLC,GB00521970,4120,19560,17,2023,2030.2,568100.0,117700.0,4119300.0,1048.930730435,7689.0,2030.2,1048.930730435,568.1,117.7,4119.3,1952.0,MORGAN SINDALL
ADMIRAL GROUP PLC,GB03849958,6511,1993,24,2023,7096.2,991800.0,337200.0,3486100.0,8221.217550578,,7096.2,8221.217550578,991.8,337.2,3486.1,1904.0,ADMIRAL
SERCO GROUP PLC,GB02048608,8211,31645,27,2023,2610.3,1033700.0,202400.0,4927600.0,1788.848067717,46205.0,2610.3,1788.848067717,1033.7,202.4,4927.6,1985.0,SERCO
VERTU MOTORS PLC,GB05984855,4519,39022,24,2023,1476.305,353373.0,25713.0,4688096.0,222.47983005,7610.0,1476.305,222.47983005,353.373,25.713,4688.096,2005.0,VERTU MOTORS
AIRTEL AFRICA PLC,GB11462215,6190,43293,25,2023,7818.43175800687,1823587.16594826,-130822.557557158,3964319.92597448,3968.293877751,4132.0,7818.43175800687,3968.293877751,1823.58716594826,-130.822557557158,3964.3199259744797,2017.0,AIRTEL AFRICA
FIRSTGROUP PLC,GBSC157176,4931,34789,13,2023,3807.4,641700.0,-15900.0,4715100.0,1154.225191714,29339.0,3807.4,1154.225191714,641.7,-15.9,4715.1,1994.0,FIRSTGROUP
SMITH & NEPHEW PLC,GB00324357,3250,13563,29,2023,7841.86209889297,4096424.80924448,206509.435466992,4357113.52625984,9428.588481478,19081.0,7841.86209889297,9428.588481478,4096.42480924448,206.509435466992,4357.113526259839,1936.0,SMITH NEPHEW
TRAVIS PERKINS PLC,GB00824821,4673,23677,19,2023,4025.5,2040300.0,38100.0,4871000.0,1760.852192363,18680.0,4025.5,1760.852192363,2040.3,38.1,4871.0,1963.0,TRAVIS PERKINS
BEAZLEY PLC,GB09763575,6511,1986,25,2023,10730.1674503066,3048252.01302817,806250.525998127,4273410.4623025,3510.671395695,,10730.1674503066,3510.671395695,3048.25201302817,806.2505259981269,4273.4104623025005,1904.0,BEAZLEY
M&G PLC,GB11444019,6511,2018,24,2023,189180.0,4041000.0,309000.0,3887000.0,5267.864395274,,189180.0,5267.864395274,4041.0,309.0,3887.0,1904.0,M G
HILTON FOOD GROUP PLC,GB06165540,4632,39157,19,2023,1289.25,321478.0,36380.0,3989547.0,716.817952,7051.0,1289.25,716.817952,321.478,36.38,3989.547,2006.0,HILTON FOOD
KIER GROUP PLC,GB02708030,7112,33715,13,2023,2305.1,513000.0,41100.0,3383400.0,335.182134939,9964.0,2305.1,335.182134939,513.0,41.1,3383.4,1991.0,KIER
INFORMA PLC,GB08860726,5814,41663,26,2023,11524.2,7184600.0,419000.0,3282500.0,10691.049542441,11475.0,11524.2,10691.049542441,7184.6,419.0,3282.5,2013.0,INFORMA
TAYLOR WIMPEY PLC,GB00296805,4120,12816,17,2023,6253.6,4523400.0,349000.0,3600200.0,5197.138003984,4719.0,6253.6,5197.138003984,4523.4,349.0,3600.2,1934.0,TAYLOR WIMPEY
INTERCONTINENTAL HOTELS GROUP PLC,GB05134420,5510,38128,21,2023,3779.20118974385,-1528012.78105995,588905.23422146,3647286.41727824,11716.224117751,13462.0,3779.20118974385,11716.224117751,-1528.01278105995,588.90523422146,3647.28641727824,2003.0,INTERCONTINENTAL HOTELS
POLAR CAPITAL TECHNOLOGY TRUST PLC,GB03224867,6430,1996,19,2023,2902.828,2828141.0,-105182.0,-101884.0,2449.939475317,,2902.828,2449.939475317,2828.141,-105.182,-101.884,1904.0,POLAR CAPITAL TECHNOLOGY TRUST
PERSIMMON PLC,GB01818486,4120,30824,11,2023,4787.8,3418500.0,255400.0,2781800.0,4436.763577905,4825.0,4787.8,4436.763577905,3418.5,255.4,2781.8,1983.0,PERSIMMON
3I GROUP PLC,GB01142830,6430,16438,20,2023,21641.0,20170000.0,3836000.0,3102000.0,27341.863588574,246.0,21641.0,27341.863588574,20170.0,3836.0,3102.0,1944.0,I
VISTRY GROUP PLC,GB00306718,4120,13092,18,2023,6070.8,3303900.0,215000.0,3664700.0,3169.947546424,4523.0,6070.8,3169.947546424,3303.9,215.0,3664.7,1934.0,VISTRY
SSP GROUP PLC,GB05735966,1089,38785,25,2023,2898.2,322100.0,8100.0,3017600.0,1613.768169327,41752.0,2898.2,1613.768169327,322.1,8.1,3017.6,2005.0,SSP
PEARSON PLC,GB00053723,5811,08/12/1897,27,2023,6727.0,3988000.0,378000.0,3715000.0,6715.229333684,18360.0,6727.0,6715.229333684,3988.0,378.0,3715.0,1897.0,PEARSON
MELROSE INDUSTRIES PLC,GB09800044,3030,42276,20,2023,7104.0,3567000.0,-1019000.0,4932000.0,7561.816641983,38621.0,7104.0,7561.816641983,3567.0,-1019.0,4932.0,2014.0,MELROSE INDUSTRIES
ITV PLC,GB04967001,6020,37943,20,2023,4191.0,1828000.0,210000.0,3624000.0,2547.27886963,6869.0,4191.0,2547.27886963,1828.0,210.0,3624.0,2002.0,ITV
INTERTEK GROUP PLC,GB04267576,7120,37112,31,2023,3537.9,1360100.0,297400.0,3328700.0,6852.75202466,43908.0,3537.9,6852.75202466,1360.1,297.4,3328.7,2000.0,INTERTEK
FRESNILLO PLC,GB06344120,2441,39309,21,2023,4505.20827373394,3193591.46921309,183666.97924201,2151096.50466166,4380.095672922,7303.0,4505.20827373394,4380.095672922,3193.59146921309,183.66697924201,2151.09650466166,2006.0,FRESNILLO
MOBICO GROUP PLC,GB02590560,4931,33308,17,2023,4075.1,1044500.0,-185300.0,3152900.0,519.517048003,44709.0,4075.1,519.517048003,1044.5,-185.3,3152.9,1990.0,MOBICO
SMITHS GROUP PLC,GB00137013,2651,5310,22,2023,4381.0,2406000.0,231000.0,3047000.0,5935.051820186,15765.0,4381.0,5935.051820186,2406.0,231.0,3047.0,1913.0,SMITHS
ENDEAVOUR MINING PLC,GB13280545,0729,44276,20,2023,4598.509,2785165.0,-163971.0,1659812.0,4308.261790069,4820.0,4598.509,4308.261790069,2785.165,-163.971,1659.812,2020.0,ENDEAVOUR MINING
ZEGONA COMMUNICATIONS PLC,GB09395163,6619,2015,15,2023,1040.54979857251,1025279.08639235,-13492.888926913,,1302.676425288,4.0,1040.54979857251,1302.676425288,1025.27908639235,-13.492888926913,,1904.0,ZEGONA COMMUNICATIONS
KELLER GROUP PLC,GB02442580,7112,32825,23,2023,1677.3,518000.0,89400.0,2966800.0,640.434111481,9489.0,1677.3,640.434111481,518.0,89.4,2966.8,1988.0,KELLER
SCOTTISH MORTGAGE INVESTMENT TRUST PLC,GBSC007058,6430,1908,14,2023,14508.672,12629814.0,1365963.0,1377354.0,12389.663745886,,14508.672,12389.663745886,12629.814,1365.963,1377.354,1904.0,SCOTTISH MORTGAGE INVESTMENT TRUST
WHITBREAD PLC,GB04120344,5510,36861,23,2023,9521.3,3519400.0,312100.0,2973500.0,6097.996359804,36700.0,9521.3,6097.996359804,3519.4,312.1,2973.5,1999.0,WHITBREAD
CRANSWICK PLC,GB01074383,1013,26571,11,2023,1384.0,911500.0,113100.0,2605000.0,2212.636950224,11038.0,1384.0,2212.636950224,911.5,113.1,2605.0,1971.0,CRANSWICK
RS GROUP PLC,GB00647788,4652,21937,18,2023,2879.8,1418900.0,179400.0,2942400.0,3445.12131726,8964.0,2879.8,3445.12131726,1418.9,179.4,2942.4,1959.0,RS
BELLWAY PLC,GB01372603,4120,28650,11,2023,5114.1,3461600.0,365000.0,3435700.0,2671.577959284,3130.0,5114.1,2671.577959284,3461.6,365.0,3435.7,1977.0,BELLWAY
INTERNATIONAL WORKPLACE GROUP PLC,GBJE122154,6831,2003,10,2023,8210.12417202612,85587.5607068522,-211220.677340764,2896628.54539062,1905.66502857,9055.0,8210.12417202612,1905.66502857,85.58756070685219,-211.220677340764,2896.62854539062,1904.0,WORKPLACE
SEVERN TRENT PLC,GB02366619,3600,32599,17,2023,14203.7,1834000.0,140200.0,2346700.0,7387.695757693,8691.0,14203.7,7387.695757693,1834.0,140.2,2346.7,1988.0,SEVERN TRENT
MITCHELLS & BUTLERS PLC,GB04551498,5610,37531,15,2023,4802.0,2130000.0,-4000.0,2503000.0,1350.86269564,50259.0,4802.0,1350.86269564,2130.0,-4.0,2503.0,2001.0,MITCHELLS BUTLERS
SCHRODERS PLC,GB03909886,6619,21551,26,2023,20628.9,4463700.0,402600.0,2474700.0,6930.295141599,6438.0,20628.9,6930.295141599,4463.7,402.6,2474.7,1958.0,SCHRODERS
SIG PLC,GB00998314,4673,25931,25,2023,1266.9,228500.0,-43400.0,2761200.0,394.64005539,7210.0,1266.9,394.64005539,228.5,-43.4,2761.2,1970.0,SIG
UNITED UTILITIES GROUP PLC,GB06559020,3600,32599,22,2023,15653.4,2056100.0,126900.0,1968300.0,7016.631795208,6035.0,15653.4,7016.631795208,2056.1,126.9,1968.3,1988.0,UNITED UTILITIES
THE WEIR GROUP PLC,GBSC002934,2813,14/06/1895,19,2023,3892.7,1699700.0,227900.0,2641900.0,4897.58130156,12391.0,3892.7,4897.58130156,1699.7,227.9,2641.9,1895.0,WEIR
SAVILLS PLC,GB02122174,7022,31877,17,2023,2161.6,752800.0,40800.0,2238400.0,1399.138254522,40503.0,2161.6,1399.138254522,752.8,40.8,2238.4,1986.0,SAVILLS
HALMA PLC,GB00040932,2611,13/04/1894,22,2023,2999.9,1736500.0,268800.0,2034100.0,8990.001577619,8615.0,2999.9,8990.001577619,1736.5,268.8,2034.1,1894.0,HALMA
HIKMA PHARMACEUTICALS PLC,GB05557934,2120,38603,21,2023,3674.76866154191,1734522.21652694,149189.32600277,2261396.09941041,3955.145592253,8967.0,3674.76866154191,3955.145592253,1734.52221652694,149.18932600276997,2261.39609941041,2004.0,HIKMA PHARMACEUTICALS
THE SAGE GROUP PLC,GB02231246,5829,32218,18,2023,3936.0,1407000.0,211000.0,2184000.0,10155.871491802,11326.0,3936.0,10155.871491802,1407.0,211.0,2184.0,1987.0,SAGE
ASOS PLC,GB04006623,4771,36679,26,2023,2625.6,866700.0,-223100.0,3551500.0,536.327311728,3352.0,2625.6,536.327311728,866.7,-223.1,3551.5,1999.0,ASOS
HOWDEN JOINERY GROUP PLC,GB02128710,3102,31904,19,2023,2064.5,978400.0,254600.0,2310900.0,4464.006159106,12412.0,2064.5,4464.006159106,978.4,254.6,2310.9,1986.0,HOWDEN JOINERY
BERKELEY GROUP HOLDINGS (THE) PLC,GB05172586,4110,1976,14,2023,6859.7,3332300.0,465700.0,2550200.0,4783.997386217,2802.0,6859.7,4783.997386217,3332.3,465.7,2550.2,1904.0,BERKELEY
BURBERRY GROUP PLC,GB03458224,4771,35733,29,2023,3370.0,1154000.0,270000.0,2981000.0,4349.526387316,9169.0,3370.0,4349.526387316,1154.0,270.0,2981.0,1996.0,BURBERRY
CAPITA PLC,GB02081330,8110,31754,19,2023,1997.8,114900.0,-178100.0,2814600.0,374.280169652,47889.0,1997.8,374.280169652,114.9,-178.1,2814.6,1985.0,CAPITA
IMI PLC,GB00714275,2899,22679,13,2023,2470.4,1030200.0,237300.0,2196000.0,4403.086048497,10771.0,2470.4,4403.086048497,1030.2,237.3,2196.0,1961.0,IMI
ITHACA ENERGY PLC,GB12263719,0610,2019,21,2023,4965.2814580892,1979777.69037081,229715.442523233,1865278.0234916,1462.724740203,599.0,4965.2814580892,1462.724740203,1979.77769037081,229.715442523233,1865.2780234916002,1904.0,ITHACA ENERGY
GREGGS PLC,GB00502851,5610,18991,13,2023,1129.7,530900.0,142500.0,1829900.0,2660.692710309,37061.0,1129.7,2660.692710309,530.9,142.5,1829.9,1951.0,GREGGS
OCADO GROUP PLC,GB07098618,4778,40155,19,2023,4429.0,1511000.0,-314000.0,3005400.0,4922.494123148,18869.0,4429.0,4922.494123148,1511.0,-314.0,3005.4,2009.0,OCADO
J D WETHERSPOON PLC,GB01709784,5630,30400,13,2023,1979.904,413058.0,59587.0,1925098.0,870.351077269,42208.0,1979.904,870.351077269,413.058,59.587,1925.098,1982.0,J D WETHERSPOON
W.A.G PAYMENT SOLUTIONS PLC,GB13544823,7490,2021,17,2023,992.888691142491,228050.733328668,-39597.1302139753,1820508.364407,620.524366862,1781.0,992.888691142491,620.524366862,228.050733328668,-39.597130213975305,1820.5083644069998,1904.0,W A G PAYMENT SOLUTIONS
TATE & LYLE PLC,GB00076535,1039,1154,24,2023,2282.0,1239000.0,188000.0,1647000.0,2480.463373292,3318.0,2282.0,2480.463373292,1239.0,188.0,1647.0,1902.0,TATE LYLE
WH SMITH PLC,GB05202036,4778,38209,10,2023,1650.0,340000.0,79000.0,1807000.0,1920.485695498,14177.0,1650.0,1920.485695498,340.0,79.0,1807.0,2003.0,WH SMITH
GALLIFORD TRY HOLDINGS PLC,GB12216008,4120,1965,11,2023,712.7,118600.0,9100.0,1397300.0,204.075461925,3747.0,712.7,204.075461925,118.6,9.1,1397.3,1904.0,GALLIFORD TRY
TELECOM PLUS PLC,GB03263464,6190,35347,18,2023,651.391,232631.0,71037.0,2040508.0,1284.228708885,2493.0,651.391,1284.228708885,232.631,71.037,2040.508,1995.0,TELECOM PLUS
QINETIQ GROUP PLC,GB04586941,8020,37571,18,2023,2106.2,926100.0,139600.0,1924200.0,2096.689602342,8588.0,2106.2,2096.689602342,926.1,139.6,1924.2,2001.0,QINETIQ
ZIGUP PLC,GB00053171,7721,,32,2023,2106.779,994595.0,139238.0,1489746.0,861.844081334,7380.0,2106.779,861.844081334,994.595,139.238,1489.746,,ZIGUP
WATCHES OF SWITZERLAND GROUP PLC,GB11838443,4648,43516,11,2023,1235.0,469300.0,121800.0,1542800.0,1992.026919027,2643.0,1235.0,1992.026919027,469.3,121.8,1542.8,2018.0,WATCHES OF SWITZERLAND
CONVATEC GROUP PLC,GB10361298,4690,42619,21,2023,2916.02315777098,1329119.85328889,102312.469358742,1682227.43172808,5005.585923233,10129.0,2916.02315777098,5005.585923233,1329.11985328889,102.312469358742,1682.2274317280799,2015.0,CONVATEC
VESUVIUS PLC,GB08217766,2451,41169,11,2023,2282.2,1320200.0,118500.0,1929800.0,1301.829844586,11376.0,2282.2,1301.829844586,1320.2,118.5,1929.8,2011.0,VESUVIUS
DUNELM GROUP PLC,GB04708277,4759,37703,16,2023,696.8,137500.0,151900.0,1638800.0,2261.214452145,11531.0,696.8,2261.214452145,137.5,151.9,1638.8,2002.0,DUNELM
SYNTHOMER PLC,GB00098381,2059,3080,22,2023,2706.7,1162000.0,-67000.0,2078200.0,310.287769705,4215.0,2706.7,310.287769705,1162.0,-67.0,2078.2,1907.0,SYNTHOMER
HALFORDS GROUP PLC,GB04457314,4778,37417,8,2023,1279.5,553800.0,16900.0,1712800.0,351.380625456,12554.0,1279.5,351.380625456,553.8,16.9,1712.8,2001.0,HALFORDS
THG PLC,GB06539496,4778,39526,142,2023,2780.59,1021667.0,-248372.0,2045378.0,1106.824843372,7964.0,2780.59,1106.824843372,1021.667,-248.372,2045.378,2007.0,THG
BREEDON GROUP PLC,GB14739556,6420,45002,15,2023,1872.8,1110700.0,105500.0,1487500.0,1229.768203203,3897.0,1872.8,1229.768203203,1110.7,105.5,1487.5,2022.0,BREEDON
SPIRAX GROUP PLC,GB00596337,2813,21186,21,2023,2708.4,1157700.0,183600.0,1682600.0,7732.961309397,9911.0,2708.4,7732.961309397,1157.7,183.6,1682.6,1957.0,SPIRAX
CRODA INTERNATIONAL PLC,GB00206132,2059,9274,18,2023,3579.2,2368100.0,171000.0,1694500.0,7051.589821,5852.0,3579.2,7051.589821,2368.1,171.0,1694.5,1924.0,CRODA
WICKES GROUP PLC,GB12189061,4778,2019,15,2023,1073.1,163300.0,29800.0,1553800.0,358.723712197,7695.0,1073.1,358.723712197,163.3,29.8,1553.8,1904.0,WICKES
MICHAEL PAGE PLC,GB03310225,7810,35460,35,2023,704.574,306488.0,77068.0,2010303.0,1600.373391773,7859.0,704.574,1600.373391773,306.488,77.068,2010.303,1996.0,MICHAEL PAGE
SPIRE HEALTHCARE GROUP PLC,GB09084066,8690,41802,20,2023,2288.1,737800.0,27300.0,1365100.0,915.346859345,13745.0,2288.1,915.346859345,737.8,27.3,1365.1,2013.0,SPIRE HEALTHCARE
DIPLOMA PLC,GB03899848,4690,36518,21,2023,1589.3,902000.0,117700.0,1200300.0,4026.396232352,3319.0,1589.3,4026.396232352,902.0,117.7,1200.3,1999.0,DIPLOMA
PETS AT HOME GROUP PLC,GB08885072,4778,41680,16,2023,1683.8,988500.0,79200.0,1492900.0,1255.874585868,12031.0,1683.8,1255.874585868,988.5,79.2,1492.9,2013.0,PETS AT HOME
SOFTCAT PLC,GB02174990,6209,32057,20,2023,647.722,251445.0,112029.0,985300.0,2993.32623,2151.0,647.722,2993.32623,251.445,112.029,985.3,1986.0,SOFTCAT
ABERDEEN GROUP PLC,GBSC286832,7010,38533,30,2023,8031.0,5090000.0,12000.0,1474000.0,,5058.0,8031.0,,5090.0,12.0,1474.0,2004.0,ABERDEEN
ENERGEAN PLC,GB10758801,0610,42863,12,2023,4541.37412197795,538742.286370476,145212.252654328,1148727.18714915,1915.541134968,612.0,4541.37412197795,1915.541134968,538.742286370476,145.212252654328,1148.72718714915,2016.0,ENERGEAN
MIDWICH GROUP PLC,GB08793266,7490,41605,17,2023,639.779,196144.0,26817.0,1302095.0,451.208282804,1757.0,639.779,451.208282804,196.144,26.817,1302.095,2012.0,MIDWICH
PENNON GROUP PLC,GB02366640,3700,32599,19,2023,6238.5,1162600.0,-9500.0,907800.0,1852.108746096,3334.0,6238.5,1852.108746096,1162.6,-9.5,907.8,1988.0,PENNON
ASTON MARTIN LAGONDA GLOBAL HOLDINGS PLC,GB11488166,2910,43308,30,2023,3173.0,923100.0,-228100.0,1632800.0,1858.185533522,2832.0,3173.0,1858.185533522,923.1,-228.1,1632.8,2017.0,ASTON MARTIN LAGONDA GLOBAL
LION FINANCE GROUP PLC,GB10917019,6420,42962,33,2023,9272.051515021,1465609.47755986,407968.64567892,745796.243865551,1816.9368045,8855.0,9272.051515021,1816.9368045,1465.6094775598601,407.96864567892,745.796243865551,2016.0,LION FINANCE
PREMIER FOODS PLC,GB05160050,1089,38160,18,2023,2332.0,1326900.0,112500.0,1137500.0,1297.980911154,4232.0,2332.0,1297.980911154,1326.9,112.5,1137.5,2003.0,PREMIER FOODS
INVESTEC PLC,GB03633621,6419,36055,15,2023,30004.322,3471617.0,707414.0,1147956.0,3429.682814168,,30004.322,3429.682814168,3471.617,707.414,1147.956,1997.0,INVESTEC
ENQUEST PLC,GB07140891,0610,2010,15,2023,2956.91830764928,358626.013087332,-24210.2867823337,1244003.41676941,288.37546904,697.0,2956.91830764928,288.37546904,358.626013087332,-24.2102867823337,1244.00341676941,1904.0,ENQUEST
MEARS GROUP PLC,GB03232863,8121,35278,10,2023,700.01,200456.0,36660.0,1089327.0,307.134880651,5136.0,700.01,307.134880651,200.456,36.66,1089.327,1995.0,MEARS
COATS GROUP PLC,GB00103548,2899,3456,17,2023,1346.08032403447,462800.993400172,44364.19431135,1119155.50711446,1236.705220466,15402.0,1346.08032403447,1236.705220466,462.800993400172,44.364194311350005,1119.15550711446,1908.0,COATS
RENEW HOLDINGS PLC,GB00650447,4120,21970,6,2023,449.634,179397.0,43384.0,852044.0,564.224637626,4361.0,449.634,564.224637626,179.397,43.384,852.044,1959.0,RENEW
SENIOR PLC,GB00282772,2932,12406,16,2023,985.3,457100.0,31100.0,963500.0,744.886523232,6679.0,985.3,744.886523232,457.1,31.1,963.5,1932.0,SENIOR
DFS FURNITURE PLC,GB07236769,4759,1969,14,2023,1059.2,237100.0,26200.0,1090900.0,252.875983648,5539.0,1059.2,252.875983648,237.1,26.2,1090.9,1904.0,DFS FURNITURE
COSTAIN GROUP PLC,GB01393773,4211,28775,13,2023,542.2,219400.0,22100.0,1332000.0,175.439774014,3270.0,542.2,175.439774014,219.4,22.1,1332.0,1977.0,COSTAIN
SIGMAROC PLC,GB05204176,6619,2004,18,2023,1015.261,514884.0,13534.0,580285.0,370.490241194,2093.0,1015.261,370.490241194,514.884,13.534,580.285,1904.0,SIGMAROC
VICTORIA PLC,GB00282204,1393,12389,28,2023,1629.5,-22200.0,-108000.0,1278300.0,301.524371911,5760.0,1629.5,301.524371911,-22.2,-108.0,1278.3,1932.0,VICTORIA
MORGAN ADVANCED MATERIALS PLC,GB00286773,2059,12520,11,2023,1024.7,398600.0,47300.0,1115400.0,807.597044268,8694.0,1024.7,807.597044268,398.6,47.3,1115.4,1933.0,MORGAN ADVANCED MATERIALS
ICG PLC,GB02234775,6630,32225,16,2023,9122.1,2299700.0,474400.0,921300.0,5969.190053664,642.0,9122.1,5969.190053664,2299.7,474.4,921.3,1987.0,ICG
CLOSE BROTHERS GROUP PLC,GB00520241,6420,19513,18,2023,13550.3,1644900.0,81100.0,1010400.0,1382.716446715,3677.0,13550.3,1382.716446715,1644.9,81.1,1010.4,1952.0,CLOSE BROTHERS
HAYS PLC,GB02150950,7810,31986,21,2023,1904.0,670300.0,138300.0,1294600.0,1624.099642357,13049.0,1904.0,1624.099642357,670.3,138.3,1294.6,1986.0,HAYS
PLAYTECH PLC,GBIM008505V,5829,2002,10,2023,2898.91911733709,1580431.94523645,91190.4460303877,1491063.57281847,1387.493992976,6502.0,2898.91911733709,1387.493992976,1580.43194523645,91.1904460303877,1491.06357281847,1904.0,PLAYTECH
MCBRIDE PLC,GB02798634,2041,34039,9,2023,470.3,37100.0,-11500.0,889000.0,46.027047228,2941.0,470.3,46.027047228,37.1,-11.5,889.0,1992.0,MCBRIDE
TBC BANK GROUP PLC,GB10029943,6420,42426,20,2023,9624.53013949483,1407317.77348173,332831.224801229,692975.646014796,1567.640648938,9862.0,9624.53013949483,1567.640648938,1407.31777348173,332.83122480122904,692.975646014796,2015.0,TBC BANK
VOLEX PLC,GB00158956,2434,7202,14,2023,665.292169977037,266085.153431407,31159.5546181594,723726.245685901,523.058515824,10820.0,665.292169977037,523.058515824,266.085153431407,31.1595546181594,723.7262456859011,1918.0,VOLEX
RATHBONES GROUP PLC,GB01000403,6630,25954,22,2023,4224.4,1350200.0,37500.0,570000.0,1577.975534091,3532.0,4224.4,1577.975534091,1350.2,37.5,570.0,1970.0,RATHBONES
MARSTON'S PLC,GB00031461,1105,14/05/1890,14,2023,2454.4,640100.0,-9300.0,885400.0,192.781143273,12292.0,2454.4,192.781143273,640.1,-9.3,885.4,1890.0,MARSTON S
HOCHSCHILD MINING PLC,GB05777693,2441,2006,16,2023,1111.70389288411,524976.822822294,-43191.0950847809,568471.793007934,550.984970369,3491.0,1111.70389288411,550.984970369,524.9768228222939,-43.1910950847809,568.471793007934,1904.0,HOCHSCHILD MINING
LAND SECURITIES GROUP PLC,GB04369054,9499,1955,23,2023,10664.0,6447000.0,-319000.0,824000.0,4902.849195404,598.0,10664.0,4902.849195404,6447.0,-319.0,824.0,1904.0,LAND SECURITIES
HILL & SMITH PLC,GB00671474,2511,22189,14,2023,715.0,424500.0,68800.0,830200.0,1529.817622563,4336.0,715.0,1529.817622563,424.5,68.8,830.2,1959.0,HILL SMITH
THE RANK GROUP PLC,GB03140769,9329,35055,18,2023,736.2,325600.0,-96200.0,685600.0,414.091715808,4337.0,736.2,414.091715808,325.6,-96.2,685.6,1995.0,RANK
ROTORK PLC,GB00578327,2899,20863,17,2023,773.782,622295.0,113135.0,719871.0,2786.847456128,3342.0,773.782,2786.847456128,622.295,113.135,719.871,1956.0,ROTORK
HUNTING PLC,GB00974568,4950,25640,17,2023,961.407425041008,746025.150711746,86608.3297795027,733226.276954666,487.397929726,2420.0,961.407425041008,487.397929726,746.0251507117459,86.6083297795027,733.226276954666,1969.0,HUNTING
S4 CAPITAL PLC,GB10476913,7311,2016,55,2023,1737.3,891900.0,-14300.0,1011500.0,311.356335502,8374.0,1737.3,311.356335502,891.9,-14.3,1011.5,1904.0,S CAPITAL
DR. MARTENS PLC,GB12960219,4642,2020,12,2023,952.4,368200.0,69200.0,877100.0,844.048476227,2630.0,952.4,844.048476227,368.2,69.2,877.1,1904.0,DR MARTENS
FUTURE PLC,GB03757874,5819,36272,19,2023,1881.3,1114700.0,113400.0,788900.0,1058.595771032,2937.0,1881.3,1058.595771032,1114.7,113.4,788.9,1998.0,FUTURE
BODYCOTE PLC,GB00519057,2561,19476,11,2023,1136.7,792300.0,85600.0,815100.0,1138.206975406,4944.0,1136.7,1138.206975406,792.3,85.6,815.1,1952.0,BODYCOTE
RENISHAW PLC,GB01106260,2651,26758,19,2023,1043.537,896658.0,116102.0,688573.0,2840.20898118,5136.0,1043.537,2840.20898118,896.658,116.102,688.573,1972.0,RENISHAW
SEGRO PLC,GB00167591,6831,7445,18,2023,17306.0,10904000.0,-253000.0,749000.0,10719.80604797,460.0,17306.0,10719.80604797,10904.0,-253.0,749.0,1919.0,SEGRO
TULLOW OIL PLC,GB03919249,0910,36560,14,2023,3500.92383639974,-282203.388238924,-86058.6848942294,1368066.1194454,565.24890541,393.0,3500.92383639974,565.24890541,-282.203388238924,-86.0586848942294,1368.0661194454,1999.0,TULLOW OIL
FERREXPO PLC,GB05432915,0710,2005,11,2023,1057.75232135964,874257.302446021,-66565.9216414991,514987.419635941,539.818754968,6890.0,1057.75232135964,539.818754968,874.257302446021,-66.5659216414991,514.987419635941,1904.0,FERREXPO
DOMINO'S PIZZA GROUP PLC,GB03853545,5610,36438,14,2023,512.5,-134000.0,115000.0,722700.0,1493.653622359,1630.0,512.5,1493.653622359,-134.0,115.0,722.7,1998.0,DOMINO S PIZZA
CVS GROUP PLC,GB06312831,7500,39276,14,2023,572.3,256600.0,41900.0,608300.0,1413.479085971,8178.0,572.3,1413.479085971,256.6,41.9,608.3,2006.0,CVS
RWS HOLDINGS PLC,GB03002645,7490,34684,22,2023,1315.8,987300.0,-27700.0,733800.0,915.084776476,8108.0,1315.8,915.084776476,987.3,-27.7,733.8,1994.0,RWS
SHAWBROOK GROUP PLC,GB07240248,6420,2010,95,2023,17236.2,1338700.0,212100.0,595600.0,,1346.0,17236.2,,1338.7,212.1,595.6,1904.0,SHAWBROOK
GENUS PLC,GB02972325,7211,34603,15,2023,1007.5,567200.0,33300.0,689700.0,1430.149358525,3628.0,1007.5,1430.149358525,567.2,33.3,689.7,1993.0,GENUS
F&C INVESTMENT TRUST PLC,GB00012901,6430,1868,11,2023,5629.292,5034487.0,532844.0,551900.0,4904.209121139,,5629.292,4904.209121139,5034.487,532.844,551.9,1904.0,F C INVESTMENT TRUST
SAGA PLC,GB08804263,7010,41613,15,2023,1882.8,223500.0,-113000.0,741100.0,194.543864809,3884.0,1882.8,194.543864809,223.5,-113.0,741.1,2013.0,SAGA
OSB GROUP PLC,GB11976839,6419,43587,23,2023,29589.8,2144500.0,282600.0,658100.0,1826.749929929,2272.0,29589.8,1826.749929929,2144.5,282.6,658.1,2018.0,OSB
NINETY ONE PLC,GB12245293,6619,2019,11,2023,11118.5,367600.0,163900.0,596300.0,1048.240118815,1187.0,11118.5,1048.240118815,367.6,163.9,596.3,1904.0,NINETY ONE
GAMMA COMMUNICATIONS PLC,GB08943488,6190,41715,20,2023,474.8,344200.0,53600.0,521700.0,1097.424687067,1869.0,474.8,1097.424687067,344.2,53.6,521.7,2013.0,GAMMA COMMUNICATIONS
NEXT 15 GROUP PLC,GB01579589,7320,29810,13,2023,637.822,156221.0,52907.0,734673.0,901.310921924,4340.0,637.822,901.310921924,156.221,52.907,734.673,1980.0,NEXT
HELIOS TOWERS PLC,GB12134855,6190,43678,29,2023,1725.64937766467,-30230.468690035,-78599.2185940909,566134.231831564,934.944984972,598.0,1725.64937766467,934.944984972,-30.230468690035,-78.5992185940909,566.134231831564,2018.0,HELIOS TOWERS
MARSHALLS PLC,GB05100353,2361,38090,12,2023,1114.1,641300.0,18600.0,674400.0,706.794603355,2726.0,1114.1,706.794603355,641.3,18.6,674.4,2003.0,MARSHALLS
CLARKSON PLC,GB01190238,5222,27345,14,2023,875.6,456600.0,83800.0,639400.0,972.461999979,1946.0,875.6,972.461999979,456.6,83.8,639.4,1973.0,CLARKSON
BRIDGEPOINT GROUP PLC,GB11443992,6430,43283,29,2023,2377.7,721200.0,70700.0,328500.0,2218.628586114,391.0,2377.7,2218.628586114,721.2,70.7,328.5,2017.0,BRIDGEPOINT
AUTO TRADER GROUP PLC,GB09439967,4511,42048,29,2023,658.0,552300.0,256900.0,570900.0,6318.003683675,1233.0,658.0,6318.003683675,552.3,256.9,570.9,2014.0,AUTO TRADER
GENUIT GROUP PLC,GB06059130,2223,39101,13,2023,978.8,636600.0,38500.0,586500.0,1005.4003955,3296.0,978.8,1005.4003955,636.6,38.5,586.5,2006.0,GENUIT
CREST NICHOLSON HOLDINGS PLC,GB06800600,2892,39836,19,2023,1530.3,856300.0,17900.0,659100.0,411.072868525,778.0,1530.3,411.072868525,856.3,17.9,659.1,2008.0,CREST NICHOLSON
CARD FACTORY PLC,GB09002747,1812,41746,7,2023,552.1,315800.0,49500.0,512900.0,322.768326447,10331.0,552.1,322.768326447,315.8,49.5,512.9,2013.0,CARD FACTORY
IG GROUP HOLDINGS PLC,GB04677092,6612,2003,13,2023,2995.2,2014600.0,365000.0,1023800.0,2746.83182752,2535.0,2995.2,2746.83182752,2014.6,365.0,1023.8,1904.0,IG
METRO BANK HOLDINGS,GB14387040,6420,44833,23,2023,22245.0,1134000.0,29500.0,648900.0,248.890325598,4286.0,22245.0,248.890325598,1134.0,29.5,648.9,2021.0,METRO BANK
PZ CUSSONS PLC,GB00019457,2041,20/02/1884,18,2023,988.4,422100.0,36400.0,656300.0,788.85394071,2672.0,988.4,788.85394071,422.1,36.4,656.3,1884.0,PZ CUSSONS
JOHNSON SERVICE GROUP PLC,GB00523335,9601,19606,11,2023,509.0,279100.0,27300.0,465300.0,586.811817725,6165.0,509.0,586.811817725,279.1,27.3,465.3,1952.0,JOHNSON SERVICE
PARAGON BANKING GROUP PLC,GB02336032,6420,32525,42,2023,18420.2,1410600.0,153900.0,410100.0,1075.6419588,1522.0,18420.2,1075.6419588,1410.6,153.9,410.1,1988.0,PARAGON BANKING
REACH PLC,GB00082548,1811,1777,11,2023,1219.3,637200.0,21500.0,568600.0,238.162818459,3706.0,1219.3,238.162818459,637.2,21.5,568.6,1903.0,REACH
THE BRITISH LAND COMPANY PLC,GB00621920,6831,21607,17,2023,7974.0,5312000.0,-1000.0,575000.0,3665.471349567,645.0,7974.0,3665.471349567,5312.0,-1.0,575.0,1958.0,BRITISH LAND
CHEMRING GROUP PLC,GB00086662,2611,2161,13,2023,596.4,378500.0,5400.0,481900.0,780.862917635,2608.0,596.4,780.862917635,378.5,5.4,481.9,1904.0,CHEMRING
RIT CAPITAL PARTNERS PLC,GB02129188,6430,31904,33,2023,3902.1,3573300.0,66100.0,108800.0,2776.707422334,65.0,3902.1,2776.707422334,3573.3,66.1,108.8,1986.0,RIT CAPITAL PARTNERS
YOUNG & CO'S BREWERY PLC,GB00032762,1105,1890,23,2023,1053.9,724200.0,29700.0,368900.0,353.086078097,5603.0,1053.9,353.086078097,724.2,29.7,368.9,1904.0,YOUNG S BREWERY
ELEMENTIS PLC,GB03299608,2059,35437,22,2023,1186.76182800309,665305.873274458,20807.9849424916,571473.639288505,750.064696866,1280.0,1186.76182800309,750.064696866,665.305873274458,20.8079849424916,571.473639288505,1996.0,ELEMENTIS
PPHE HOTEL GROUP LIMITED,GBGG47131,5510,39247,14,2023,1923.765,531173.0,22415.0,414598.0,508.305084,,1923.765,508.305084,531.173,22.415,414.598,2006.0,PPHE HOTEL
VANQUIS BANKING GROUP PLC,GB00668987,6492,22159,13,2023,3194.7,569100.0,-11700.0,488800.0,331.375874908,1908.0,3194.7,331.375874908,569.1,-11.7,488.8,1959.0,VANQUIS BANKING
LONDONMETRIC PROPERTY PLC,GB07124797,6831,40191,22,2023,6478.6,3969500.0,118700.0,227500.0,2222.112706693,35.0,6478.6,2222.112706693,3969.5,118.7,227.5,2009.0,LONDONMETRIC PROPERTY
TRAINLINE PLC,GB11961132,5229,43579,16,2023,681.933,312016.0,33986.0,396718.0,1458.315317592,1047.0,681.933,1458.315317592,312.016,33.986,396.718,2018.0,TRAINLINE
SERICA ENERGY PLC,GB05450950,0610,38484,14,2023,1237.55765267911,654994.535226729,100315.688011241,680466.649624255,898.473141477,,1237.55765267911,898.473141477,654.994535226729,100.315688011241,680.4666496242551,2004.0,SERICA ENERGY
BARR (A.G.) PLC,GBSC005653,1107,1643,13,2023,401.7,292700.0,38500.0,400000.0,636.323968049,1030.0,401.7,636.323968049,292.7,38.5,400.0,1903.0,BARR A G
OXFORD INSTRUMENTS PLC,GB00775598,2651,23284,9,2023,606.3,365700.0,50700.0,473700.0,1230.66808,2334.0,606.3,1230.66808,365.7,50.7,473.7,1962.0,OXFORD INSTRUMENTS
ROSEBANK INDUSTRIES PLC,GB685348EX,7022,2024,6,2023,,,,,,,,,,,,1904.0,ROSEBANK INDUSTRIES
DISCOVERIE GROUP PLC,GB02008246,2611,31511,17,2023,668.7,301600.0,15500.0,437000.0,722.602761516,4543.0,668.7,722.602761516,301.6,15.5,437.0,1985.0,DISCOVERIE
JUPITER FUND MANAGEMENT PLC,GB06150195,6430,2007,11,2023,1207.6,789500.0,-12900.0,368800.0,509.010870656,527.0,1207.6,509.010870656,789.5,-12.9,368.8,1904.0,JUPITER FUND MANAGEMENT
PAN AFRICAN RESOURCES PLC,GB03937466,2441,36581,16,2023,399.088153476122,230849.90685316,48167.9247067393,256933.55208488,278.302335685,2469.0,399.088153476122,278.302335685,230.84990685316,48.1679247067393,256.93355208488003,1999.0,PAN AFRICAN RESOURCES
DAR GLOBAL PLC,GB14388348,6831,2022,21,2023,602.525434478534,365443.965285659,65349.636031087,285597.838008976,511.702282328261,207.0,602.525434478534,511.702282328261,365.44396528565903,65.349636031087,285.597838008976,1904.0,DAR GLOBAL
VOLUTION GROUP PLC,GB09041571,7739,41774,20,2023,440.646,226245.0,37373.0,328008.0,793.129608194,1871.0,440.646,793.129608194,226.245,37.373,328.008,2013.0,VOLUTION
TRITAX BIG BOX REIT PLC,GB08215888,6831,2012,31,2023,5102.0,3334000.0,70000.0,222100.0,3215.413823953,,5102.0,3215.413823953,3334.0,70.0,222.1,1904.0,TRITAX BIG BOX REIT
CMC MARKETS PLC,GB05145017,6612,38141,9,2023,716.86,403493.0,46886.0,356377.0,608.598618682,1181.0,716.86,608.598618682,403.493,46.886,356.377,2003.0,CMC MARKETS
SPEEDY HIRE PLC,GB00927680,7739,24890,11,2023,500.2,175700.0,2700.0,421500.0,117.306692168,3293.0,500.2,117.306692168,175.7,2.7,421.5,1967.0,SPEEDY HIRE
FISHER (JAMES) & SONS PLC,GB00211475,5222,9530,9,2023,558.2,148600.0,-62400.0,502900.0,155.534030187,2129.0,558.2,155.534030187,148.6,-62.4,502.9,1925.0,FISHER JAMES SONS
FULLER SMITH & TURNER PLC,GB00241882,1105,10827,13,2023,722.6,431300.0,9100.0,359100.0,218.528026732,5293.0,722.6,218.528026732,431.3,9.1,359.1,1928.0,FULLER SMITH TURNER
YOUGOV PLC,GB03607311,7220,1998,11,2023,308.8,199000.0,34500.0,258300.0,1115.78720476,1820.0,308.8,1115.78720476,199.0,34.5,258.3,1904.0,YOUGOV
IBSTOCK PLC,GB09760850,2361,42250,15,2023,754.231,399867.0,21060.0,409151.0,595.15278224,2189.0,754.231,595.15278224,399.867,21.06,409.151,2014.0,IBSTOCK
MURRAY INTERNATIONAL TRUST PLC,GBSC006705,6430,2558,11,2023,1811.961,1668862.0,131847.0,140419.0,1601.835089192,,1811.961,1601.835089192,1668.862,131.847,140.419,1906.0,MURRAY TRUST
UNITE GROUP PLC,GB03199160,5590,35200,25,2023,5470.9,4093100.0,102500.0,276100.0,4550.26444199,1821.0,5470.9,4550.26444199,4093.1,102.5,276.1,1995.0,UNITE
RESTORE PLC,GB05169780,7490,38170,13,2023,570.0,229900.0,-30700.0,277100.0,301.232953929,2580.0,570.0,301.232953929,229.9,-30.7,277.1,2003.0,RESTORE
PAYPOINT PLC,GB03581541,8291,35961,22,2023,519.11,121160.0,35687.0,306367.0,353.291382523,968.0,519.11,353.291382523,121.16,35.687,306.367,1997.0,PAYPOINT
HENRY BOOT PLC,GB00160996,4120,7270,19,2023,594.397,410118.0,26299.0,364199.0,278.690376818,456.0,594.397,278.690376818,410.118,26.299,364.199,1918.0,HENRY BOOT
GLOBALDATA PLC,GB03925319,5819,36565,11,2023,492.3,57800.0,30800.0,273700.0,1656.254324235,3532.0,492.3,1656.254324235,57.8,30.8,273.7,1999.0,GLOBALDATA
JADESTONE ENERGY PLC,GB13152520,0610,44218,22,2023,855.195617824741,42220.5792587839,-71668.9817977728,253843.282572776,163.013088974,409.0,855.195617824741,163.013088974,42.2205792587839,-71.6689817977728,253.843282572776,2020.0,JADESTONE ENERGY
SIRIUS REAL ESTATE LIMITED,GBGG46442,9499,39133,12,2023,2224.51475093654,1206802.6810433,92402.3929373303,248320.716455887,1320.50348565,428.0,2224.51475093654,1320.50348565,1206.8026810433,92.40239293733029,248.320716455887,2006.0,SIRIUS REAL ESTATE
VICTREX PLC,GB02793780,2221,34025,12,2023,626.6,501000.0,61700.0,307000.0,1222.608213447,1117.0,626.6,1222.608213447,501.0,61.7,307.0,1992.0,VICTREX
GB GROUP PLC,GB02415211,5829,32741,15,2023,852.904,625129.0,-48583.0,277325.0,688.07741747,1184.0,852.904,688.07741747,625.129,-48.583,277.325,1988.0,GB
SAVANNAH ENERGY PLC,GB09115262,0910,2014,12,2023,1189.68672399972,207103.837150066,11664.2496724797,262139.779512488,344.615103956,278.0,1189.68672399972,344.615103956,207.10383715006603,11.6642496724797,262.139779512488,1904.0,SAVANNAH ENERGY
HAMMERSON PLC,GB00360632,6831,14718,15,2023,4327.8,2462600.0,-51400.0,332900.0,1418.459194451,164.0,4327.8,1418.459194451,2462.6,-51.4,332.9,1939.0,HAMMERSON
DERWENT LONDON PLC,GB01819699,6831,30827,30,2023,5028.0,3508800.0,-476400.0,190500.0,2650.065967236,199.0,5028.0,2650.065967236,3508.8,-476.4,190.5,1983.0,DERWENT LONDON
THE GYM GROUP PLC,GB08528493,9313,41408,16,2023,571.5,128000.0,-8400.0,204300.0,189.779773865,1873.0,571.5,189.779773865,128.0,-8.4,204.3,2012.0,GYM
SHAFTESBURY CAPITAL PLC,GB07145051,6831,2010,12,2023,5216.3,3480200.0,750400.0,195100.0,2697.328535553,103.0,5216.3,2697.328535553,3480.2,750.4,195.1,1904.0,SHAFTESBURY CAPITAL
ALLIANCE TRUST PLC,GBSC001731,6430,01/01/1888,38,2023,3576.624,3336688.0,599669.0,609053.0,,,3576.624,,3336.688,599.669,609.053,1888.0,ALLIANCE TRUST
PRIMARY HEALTH PROPERTIES PLC,GB03033634,6831,34774,20,2023,2826.9,1423900.0,27300.0,169800.0,1387.280533298,,2826.9,1387.280533298,1423.9,27.3,169.8,1994.0,PRIMARY HEALTH PROPERTIES
SAFESTORE HOLDINGS PLC,GB04726380,5210,37719,11,2023,2956.9,1935100.0,200200.0,224200.0,1490.299437183,753.0,2956.9,1490.299437183,1935.1,200.2,224.2,2002.0,SAFESTORE
OXFORD NANOPORE TECHNOLOGIES PLC,GB05386273,7211,2005,33,2023,777.062,643851.0,-154507.0,169668.0,1788.904480604,1251.0,777.062,1788.904480604,643.851,-154.507,169.668,1904.0,OXFORD NANOPORE TECHNOLOGIES
SABRE INSURANCE GROUP PLC,GB10974661,6511,2017,9,2023,630.138,242412.0,18065.0,188246.0,378.499984741,,630.138,378.499984741,242.412,18.065,188.246,1904.0,SABRE INSURANCE
BANKERS INVESTMENT TRUST PLC,GB00026351,6430,,45,2023,1475.429,1333523.0,64557.0,68023.0,1154.007181938,,1475.429,1154.007181938,1333.523,64.557,68.023,,BANKERS INVESTMENT TRUST
3I INFRASTRUCTURE PLC,GBJE95682,6430,2007,8,2023,3932.0,3342000.0,347000.0,73000.0,2910.532136165,,3932.0,2910.532136165,3342.0,347.0,73.0,1904.0,I INFRASTRUCTURE
SECURE TRUST BANK PLC,GB00541132,6419,20054,140,2023,3778.0,344500.0,24300.0,185500.0,130.842431776,879.0,3778.0,130.842431776,344.5,24.3,185.5,1953.0,SECURE TRUST BANK
GLOBALWORTH REAL ESTATE INVESTMENTS LIMITED,GBGG56250,6831,2013,12,2023,2989.2193502597,1390446.06497914,-46985.2048852289,210393.104716257,566.644199853992,,2989.2193502597,566.644199853992,1390.44606497914,-46.9852048852289,210.393104716257,1904.0,GLOBALWORTH REAL ESTATE INVESTMENTS
BIG YELLOW GROUP PLC,GB03625199,5210,36033,12,2023,2908.011,2448370.0,239833.0,199619.0,2087.517921038,503.0,2908.011,2087.517921038,2448.37,239.833,199.619,1997.0,BIG YELLOW
ASA INTERNATIONAL GROUP PLC,GB11361159,6420,43234,20,2023,384.772620279786,60154.7066582748,6876.05751476977,114824.7425685,61.250001192,13433.0,384.772620279786,61.250001192,60.154706658274804,6.87605751476977,114.8247425685,2017.0,ASA
AUCTION TECHNOLOGY GROUP PLC,GB13141124,5829,2020,26,2023,885.615,646455.0,20543.0,166552.0,793.33894585,396.0,885.615,793.33894585,646.455,20.543,166.552,1904.0,AUCTION TECHNOLOGY
CHESNARA PLC,GB04947166,7010,37923,72,2023,12129.8,359900.0,18700.0,156000.0,,387.0,12129.8,,359.9,18.7,156.0,2002.0,CHESNARA
WORKSPACE GROUP PLC,GB02041612,6831,31622,19,2023,2531.4,1548900.0,-192500.0,184300.0,983.540759,318.0,2531.4,983.540759,1548.9,-192.5,184.3,1985.0,WORKSPACE
EDINBURGH WORLDWIDE INVESTMENT TRUST PLC,GBSC184775,6430,36045,13,2023,690.77,584737.0,-182566.0,-181600.0,483.031721934,,690.77,483.031721934,584.737,-182.566,-181.6,1997.0,EDINBURGH WORLDWIDE INVESTMENT TRUST
ARBUTHNOT BANKING GROUP PLC,GB01954085,6420,31355,18,2023,4343.84,252440.0,35379.0,181421.0,162.672770337,799.0,4343.84,162.672770337,252.44,35.379,181.421,1984.0,ARBUTHNOT BANKING
HICL INFRASTRUCTURE PLC,GB11738373,6619,2006,18,2023,3213.9,3213000.0,30500.0,,2567.801027284,,3213.9,2567.801027284,3213.0,30.5,,1904.0,HICL INFRASTRUCTURE
KISTOS HOLDINGS PLC,GB14490676,0610,44882,8,2023,708.179744739738,71062.0168030352,-20881.794398514,174966.885915112,136.725173974,29.0,708.179744739738,136.725173974,71.0620168030352,-20.881794398514,174.96688591511202,2021.0,KISTOS
FUNDING CIRCLE HOLDINGS PLC,GB07123934,6201,40191,18,2023,373.2,246800.0,-38300.0,146800.0,144.521259354,959.0,373.2,144.521259354,246.8,-38.3,146.8,2009.0,FUNDING CIRCLE
ASHMORE GROUP PLC,GB03675683,6619,36129,8,2023,1008.7,913000.0,83300.0,193200.0,1482.500817942,310.0,1008.7,1482.500817942,913.0,83.3,193.2,1997.0,ASHMORE
PEEL HUNT LIMITED,GBGG65579,6420,43230,12,2023,692.733,91750.0,-3201.0,85949.0,155.350960768,303.0,692.733,155.350960768,91.75,-3.201,85.949,2017.0,PEEL HUNT
GULF MARINE SERVICES PLC,GB08860816,3011,41663,14,2023,524.778950663596,259338.946218531,32462.0269242448,119049.156115316,147.380110149,660.0,524.778950663596,147.380110149,259.338946218531,32.4620269242448,119.049156115316,2013.0,GULF MARINE SERVICES
CLS HOLDINGS PLC,GB02714781,6831,33738,28,2023,2160.9,929200.0,-249800.0,148700.0,447.553327231,118.0,2160.9,447.553327231,929.2,-249.8,148.7,1991.0,CLS
GRAINGER PLC,GB00125575,9499,1912,12,2023,3722.3,1928600.0,25600.0,106100.0,1732.227500557,357.0,3722.3,1732.227500557,1928.6,25.6,106.1,1904.0,GRAINGER
HARWORTH GROUP PLC,GB02649340,7010,33508,14,2023,824.438,637722.0,37956.0,72427.0,,121.0,824.438,,637.722,37.956,72.427,1990.0,HARWORTH
NEWRIVER REIT PLC,GB10221027,9499,2009,14,2023,759.6,361100.0,3000.0,65400.0,251.005527188,52.0,759.6,251.005527188,361.1,3.0,65.4,1904.0,NEWRIVER REIT
ON THE BEACH GROUP PLC,GB09736592,7911,42233,14,2023,435.2,168200.0,10100.0,171100.0,176.305642461,642.0,435.2,176.305642461,168.2,10.1,171.1,2014.0,ON BEACH
SUPERMARKET INCOME REIT PLC,GB10799126,9499,2017,11,2023,1933.727,1217726.0,-144866.0,101762.0,909.75462882,,1933.727,909.75462882,1217.726,-144.866,101.762,1904.0,SUPERMARKET INCOME REIT
IP GROUP PLC,GB04204490,6619,2001,33,2023,1411.6,1190300.0,-174400.0,5900.0,602.319465136,179.0,1411.6,602.319465136,1190.3,-174.4,5.9,1904.0,IP
GREAT PORTLAND ESTATES PLC,GB00596137,6831,21184,33,2023,2478.0,1583000.0,-307800.0,95400.0,984.499703658,150.0,2478.0,984.499703658,1583.0,-307.8,95.4,1957.0,GREAT PORTLAND ESTATES
S & U PLC,GB00342025,6491,1938,12,2023,466.846,234162.0,25437.0,115437.0,250.305660635,239.0,466.846,250.305660635,234.162,25.437,115.437,1904.0,S U
BIOPHARMA CREDIT PLC,GB10443190,6619,2016,12,2023,1065.315434981,1052853.4150179,85155.6968684232,121988.18583757,863.676365791,,1065.315434981,863.676365791,1052.8534150179,85.15569686842319,121.98818583757,1904.0,BIOPHARMA CREDIT
AVATION PLC,GB05872328,7739,38909,14,2023,932.707759814355,192877.281092031,10234.0432955666,76639.4870173909,87.186243872,18.0,932.707759814355,87.186243872,192.87728109203098,10.2340432955666,76.6394870173909,2005.0,AVATION
REGIONAL REIT LIMITED,GBGG60527,9499,2015,7,2023,782.418,306089.0,-67456.0,91880.0,181.539276232,,782.418,181.539276232,306.089,-67.456,91.88,1904.0,REGIONAL REIT
TARGET HEALTHCARE REIT PLC,GB11990238,6619,2019,14,2023,908.258,654808.0,-6572.0,67748.0,445.330448144,,908.258,445.330448144,654.808,-6.572,67.748,1904.0,TARGET HEALTHCARE REIT
THE LAW DEBENTURE CORPORATION PLC,GB00030397,6430,1889,13,2023,1062.643,854229.0,75153.0,60983.0,1050.847084947,288.0,1062.643,1050.847084947,854.229,75.153,60.983,1904.0,LAW DEBENTURE CORPORATION
POLLEN STREET GROUP LIMITED,GBGG70165,9499,2021,6,2023,0.108,0.0,0.0,,,,0.108,,0.0,0.0,,1904.0,POLLEN STREET
CUSTODIAN PROPERTY INCOME REIT PLC,GB08863271,9499,2014,15,2023,605.123,411820.0,-1502.0,46243.0,358.852228597,,605.123,358.852228597,411.82,-1.502,46.243,1904.0,CUSTODIAN PROPERTY INCOME REIT
PICTON PROPERTY INCOME LIMITED,GBGG43673,9499,38610,16,2023,773.916,524475.0,-4789.0,54690.0,357.038821436,5079.0,773.916,357.038821436,524.475,-4.789,54.69,2004.0,PICTON PROPERTY INCOME
SYNCONA LIMITED,GBGG55514,9499,2012,38,2023,1251.097,1238878.0,3788.0,49138.0,806.06278328,,1251.097,806.06278328,1238.878,3.788,49.138,1904.0,SYNCONA
GRIT REAL ESTATE INCOME GROUP LIMITED,GBGG68739,9499,44234,34,2023,717.709036299388,263791.302027123,-18685.0557921297,44702.2821382105,160.905004273,157.0,717.709036299388,160.905004273,263.791302027123,-18.6850557921297,44.702282138210506,2020.0,GRIT REAL ESTATE INCOME
MALIBU LIFE HOLDINGS LIMITED,GBGG47161,6430,2007,11,2023,501.19839987839,500936.925954395,8966.27849276647,1677.20210706272,381.234625855,,501.19839987839,381.234625855,500.93692595439495,8.96627849276647,1.6772021070627199,1904.0,MALIBU LIFE
FIDELITY CHINA SPECIAL SITUATIONS PLC,GB07133583,6430,2010,20,2023,1211.881,1176014.0,-213464.0,0.0,1056.619677327,,1211.881,1056.619677327,1176.014,-213.464,0.0,1904.0,FIDELITY CHINA SPECIAL SITUATIONS
TR PROPERTY INVESTMENT TRUST PLC,GB00084492,6430,1905,13,2023,1190.367,1115503.0,196347.0,40237.0,1031.390685,,1190.367,1031.390685,1115.503,196.347,40.237,1904.0,TR PROPERTY INVESTMENT TRUST
PACIFIC HORIZON INVESTMENT TRUST PLC,GB02342193,6430,,12,2023,585.61,580355.0,-23285.0,-20437.0,533.740233301,,585.61,533.740233301,580.355,-23.285,-20.437,,PACIFIC HORIZON INVESTMENT TRUST
LIVING REIT PLC,GB10814022,9499,2017,23,2023,713.046,447617.0,34989.0,39839.0,248.670833125,,713.046,248.670833125,447.617,34.989,39.839,1904.0,LIVING REIT
JPMORGAN JAPANESE INVESTMENT TRUST PLC,GB00223583,6430,1927,29,2023,874.397,755471.0,52823.0,524.0,694.581772722,,874.397,694.581772722,755.471,52.823,0.524,1904.0,JPMORGAN JAPANESE INVESTMENT TRUST
HELICAL PLC,GB00156663,6831,7006,29,2023,657.869,401075.0,-189814.0,39905.0,256.578783543,27.0,657.869,256.578783543,401.075,-189.814,39.905,1918.0,HELICAL
FIDELITY EMERGING MARKETS LIMITED,GBGG20790,6430,1989,12,2023,656.932593135482,629978.386081277,11503.9091329057,8783.10692475886,535.21288775,,656.932593135482,535.21288775,629.978386081277,11.503909132905699,8.78310692475886,1904.0,FIDELITY EMERGING MARKETS
CAB PAYMENTS HOLDINGS PLC,GB09659405,6420,2015,20,2023,1732.482,131530.0,22713.0,26750.0,210.430586807,381.0,1732.482,210.430586807,131.53,22.713,26.75,1904.0,CAB PAYMENTS
LENDINVEST PLC,GB08146929,6492,2012,12,2023,600.0,55500.0,-23900.0,18600.0,35.963165703,196.0,600.0,35.963165703,55.5,-23.9,18.6,1904.0,LENDINVEST
PANTHEON INFRASTRUCTURE PLC,GB13611678,9499,2021,16,2023,506.902,504033.0,49586.0,12081.0,396.996587605,,506.902,396.996587605,504.033,49.586,12.081,1904.0,PANTHEON INFRASTRUCTURE
FIDELITY EUROPEAN TRUST PLC,GB02638812,9499,1991,11,2023,1592.398,1587479.0,238692.0,50441.0,1471.42984382,,1592.398,1471.42984382,1587.479,238.692,50.441,1904.0,FIDELITY EUROPEAN TRUST
GREENCOAT UK WIND PLC,GB08318092,6619,2012,9,2023,5601.571,3793997.0,126188.0,3059.0,3502.87964241,,5601.571,3502.87964241,3793.997,126.188,3.059,1904.0,GREENCOAT UK WIND
PANTHEON INTERNATIONAL PLC,GB02147984,6430,1987,17,2023,2486.01,2450072.0,42281.0,486.0,1441.3102182,,2486.01,1441.3102182,2450.072,42.281,0.486,1904.0,PANTHEON
NEXTENERGY SOLAR FUND LIMITED,GBGG57739,6619,2008,22,2023,819.605,618619.0,-8357.0,68460.0,422.43713178,,819.605,422.43713178,618.619,-8.357,68.46,1904.0,NEXTENERGY SOLAR FUND
PHOENIX SPREE DEUTSCHLAND LIMITED,GBJE97031,9499,2007,5,2023,615.196257951569,275596.442763237,-85127.2791715832,23937.7089965021,156.565657856,,615.196257951569,156.565657856,275.596442763237,-85.1272791715832,23.9377089965021,1904.0,PHOENIX SPREE DEUTSCHLAND
BLACKROCK WORLD MINING TRUST PLC,GB02868209,6430,1993,54,2023,1320.169,1160051.0,-78985.0,15152.0,1122.244399441,,1320.169,1122.244399441,1160.051,-78.985,15.152,1904.0,BLACKROCK WORLD MINING TRUST
MOLTEN VENTURES PLC,GB09799594,6619,2006,16,2023,1361.2,1250700.0,-40600.0,58400.0,447.283933873,55.0,1361.2,447.283933873,1250.7,-40.6,58.4,1904.0,MOLTEN VENTURES
BRUNNER INVESTMENT TRUST (THE) PLC,GB00226323,6430,1927,10,2023,564.904,528210.0,40630.0,14211.0,454.677526264,,564.904,454.677526264,528.21,40.63,14.211,1904.0,BRUNNER INVESTMENT TRUST
OCTOPUS TITAN VCT PLC,GB06397765,6619,2007,19,2023,1013.274,993744.0,-149499.0,4467.0,1035.840671806,,1013.274,1035.840671806,993.744,-149.499,4.467,1904.0,OCTOPUS TITAN VCT
ALLIANZ TECHNOLOGY TRUST PLC,GB03117355,6430,1995,23,2023,1321.768,1318775.0,420200.0,4865.0,1183.51955882,290.0,1321.768,1183.51955882,1318.775,420.2,4.865,1904.0,ALLIANZ TECHNOLOGY TRUST
PATRIA PRIVATE EQUITY TRUST PLC,GBSC216638,6619,36959,18,2023,1301.548,1195643.0,60963.0,9051.0,679.55863121,,1301.548,679.55863121,1195.643,60.963,9.051,2000.0,PATRIA PRIVATE EQUITY TRUST
THE NORTH AMERICAN INCOME TRUST PLC,GBSC005218,6430,1902,10,2023,477.168,436479.0,-9173.0,7126.0,396.948297239,,477.168,396.948297239,436.479,-9.173,7.126,1904.0,NORTH AMERICAN INCOME TRUST
THE SCOTTISH AMERICAN INVESTMENT COMPANY PLC,GBSC000489,6430,1873,11,2023,1032.699,935184.0,105038.0,4481.0,953.990278044,,1032.699,953.990278044,935.184,105.038,4.481,1904.0,SCOTTISH AMERICAN INVESTMENT
CT PRIVATE EQUITY TRUST PLC,GBSC179412,6430,1997,23,2023,616.323,511093.0,13784.0,2703.0,340.483737351,,616.323,340.483737351,511.093,13.784,2.703,1904.0,CT PRIVATE EQUITY TRUST
PERSONAL ASSETS TRUST PLC,GBSC074582,6430,1981,11,2023,1887.906,1884352.0,-14286.0,3507.0,1883.452639594,,1887.906,1883.452639594,1884.352,-14.286,3.507,1904.0,PERSONAL ASSETS TRUST
MANX FINANCIAL GROUP PLC,GBIM004908V,6491,1935,8,2023,480.705,35984.0,6140.0,3312.0,17.719265087,193.0,480.705,17.719265087,35.984,6.14,3.312,1904.0,MANX FINANCIAL
MURRAY INCOME TRUST PLC,GBSC012725,9499,1923,11,2023,1120.7,999184.0,73486.0,2759.0,935.096395585,,1120.7,935.096395585,999.184,73.486,2.759,1904.0,MURRAY INCOME TRUST
CHRYSALIS INVESTMENTS LIMITED,GBGG65432,6619,2018,9,2023,803.052,801349.0,-78233.0,,370.183545021,,803.052,370.183545021,801.349,-78.233,,1904.0,CHRYSALIS INVESTMENTS
CALEDONIA INVESTMENTS PLC,GB00235481,6430,1928,37,2023,2998.9,2965300.0,203800.0,5300.0,1791.265679575,82.0,2998.9,1791.265679575,2965.3,203.8,5.3,1904.0,CALEDONIA INVESTMENTS
FIDELITY SPECIAL VALUES PLC,GB02972628,6430,1994,18,2023,952.858,951049.0,54313.0,35770.0,866.964595546,,952.858,866.964595546,951.049,54.313,35.77,1904.0,FIDELITY SPECIAL VALUES
SCHRODER ASIAN TOTAL RETURN INVESTMENT COMPANY PLC,GB02153093,6430,1987,24,2023,487.911,448484.0,38157.0,-1991.0,427.830137273,,487.911,427.830137273,448.484,38.157,-1.991,1904.0,SCHRODER ASIAN TOTAL RETURN INVESTMENT
DISTRIBUTION FINANCE CAPITAL HOLDINGS PLC,GB11911574,8411,2019,19,2023,691.938,100414.0,3155.0,1402.0,40.358068706,126.0,691.938,40.358068706,100.414,3.155,1.402,1904.0,DISTRIBUTION FINANCE CAPITAL
RTW BIOTECH OPPORTUNITIES LTD.,GBGG66847,9499,2017,49,2023,350.386051050105,336871.853735191,-3739.94084079575,926.544235175097,242.230644028,,350.386051050105,242.230644028,336.871853735191,-3.7399408407957497,0.926544235175097,1904.0,RTW BIOTECH OPPORTUNITIES
ABERFORTH SMALLER COMPANIES TRUST PLC,GBSC126524,6430,1990,13,2023,1369.375,1297227.0,103335.0,1170.0,1163.233234359,,1369.375,1163.233234359,1297.227,103.335,1.17,1904.0,ABERFORTH SMALLER COMPANIES TRUST
CORDIANT DIGITAL INFRASTRUCTURE LIMITED,GBGG68630,9499,2021,32,2023,1083.301,920660.0,80295.0,1408.0,490.425894318,,1083.301,490.425894318,920.66,80.295,1.408,1904.0,CORDIANT DIGITAL INFRASTRUCTURE
JPMORGAN CLAVERHOUSE INVESTMENT TRUST PLC,GB00754577,6430,1963,15,2023,448.964,407797.0,28216.0,170.0,395.250366417,,448.964,395.250366417,407.797,28.216,0.17,1904.0,JPMORGAN CLAVERHOUSE INVESTMENT TRUST
BLACKROCK SMALLER COMPANIES TRUST PLC,GBSC006176,6430,1906,14,2023,770.083,686206.0,-32701.0,,627.526786601,,770.083,627.526786601,686.206,-32.701,,1904.0,BLACKROCK SMALLER COMPANIES TRUST
JPMORGAN EUROPEAN DISCOVERY TRUST PLC,GB02431143,6430,1989,27,2023,844.107,769046.0,39580.0,814.0,687.508427632,,844.107,687.508427632,769.046,39.58,0.814,1904.0,JPMORGAN EUROPEAN DISCOVERY TRUST
INTERNATIONAL PUBLIC PARTNERSHIPS LIMITED,GBGG45241,6430,2006,8,2023,2992.185,2916138.0,27861.0,1543.0,2626.047974056,,2992.185,2626.047974056,2916.138,27.861,1.543,1904.0,PUBLIC PARTNERSHIPS
GRESHAM HOUSE ENERGY STORAGE FUND PLC,GB11535957,9499,2018,197,2023,742.581,740148.0,-110111.0,1191.0,625.054735601,,742.581,625.054735601,740.148,-110.111,1.191,1904.0,GRESHAM HOUSE ENERGY STORAGE FUND
BLACKROCK THROGMORTON TRUST PLC,GB00594634,6430,1969,6,2023,586.045,575925.0,-15749.0,1072.0,555.099808533,,586.045,555.099808533,575.925,-15.749,1.072,1904.0,BLACKROCK THROGMORTON TRUST
NORTH ATLANTIC SMALLER COMPANIES INVESTMENT TRUST PLC,GB01091347,6430,1973,20,2023,690.9,690230.0,2148.0,339.0,496.732157298,,690.9,496.732157298,690.23,2.148,0.339,1904.0,NORTH ATLANTIC SMALLER COMPANIES INVESTMENT TRUST
HENDERSON SMALLER COMPANIES INVESTMENT TRUST PLC,GB00025526,6430,1887,8,2023,776.681,675387.0,-109287.0,660.0,586.394992876,,776.681,586.394992876,675.387,-109.287,0.66,1904.0,HENDERSON SMALLER COMPANIES INVESTMENT TRUST
THE GLOBAL SMALLER COMPANIES TRUST PLC,GB00028264,6430,1889,13,2023,915.362,859435.0,-39760.0,,759.132914077,,915.362,759.132914077,859.435,-39.76,,1904.0,GLOBAL SMALLER COMPANIES TRUST
FINSBURY GROWTH & INCOME TRUST PLC,GBSC013958,6430,1926,11,2023,1864.295,1822729.0,128858.0,443.0,1742.505671302,,1864.295,1742.505671302,1822.729,128.858,0.443,1904.0,FINSBURY GROWTH INCOME TRUST
JPMORGAN UK SMALL CAP GROWTH & INCOME PLC,GB02515996,6430,1990,66,2023,269.981,242204.0,-12857.0,166.0,216.203121641,,269.981,216.203121641,242.204,-12.857,0.166,1904.0,JPMORGAN UK SMALL CAP GROWTH INCOME
JPMORGAN EUROPEAN GROWTH & INCOME PLC,GB00237958,6430,1929,39,2023,554.524,510691.0,73977.0,520.0,446.336210588,,554.524,446.336210588,510.691,73.977,0.52,1904.0,JPMORGAN EUROPEAN GROWTH INCOME
THE CITY OF LONDON INVESTMENT TRUST PLC,GB00034871,6430,1891,9,2023,2045.47,1915892.0,61409.0,,1974.498840189,,2045.47,1974.498840189,1915.892,61.409,,1904.0,CITY OF LONDON INVESTMENT TRUST
HARBOURVEST GLOBAL PRIVATE EQUITY LIMITED,GBGG47907,9499,2007,6,2023,3313.1746907922,3090473.15983131,95497.4535264864,146.618403571883,1798.373180566,,3313.1746907922,1798.373180566,3090.47315983131,95.4974535264864,0.146618403571883,1904.0,HARBOURVEST GLOBAL PRIVATE EQUITY
HERALD INVESTMENT TRUST PLC,GB02879728,6430,1993,13,2023,1246.946,1245757.0,48121.0,620.0,1078.908318855,,1246.946,1078.908318855,1245.757,48.121,0.62,1904.0,HERALD INVESTMENT TRUST
TEMPLETON EMERGING MARKETS INVESTMENT TRUST PLC,GBSC118022,6430,1989,54,2023,2151.727,2034863.0,140326.0,18.0,1721.27984471,,2151.727,1721.27984471,2034.863,140.326,0.018,1904.0,TEMPLETON EMERGING MARKETS INVESTMENT TRUST
ICG ENTERPRISE TRUST PLC,GB01571089,6430,1981,16,2023,1308.362,1283223.0,17366.0,104.0,823.686484797,,1308.362,823.686484797,1283.223,17.366,0.104,1904.0,ICG ENTERPRISE TRUST
GCP INFRASTRUCTURE INVESTMENTS LIMITED,GBJE105775,6430,2010,9,2023,1064.275,956553.0,30905.0,22003.0,589.824492002,,1064.275,589.824492002,956.553,30.905,22.003,1904.0,GCP INFRASTRUCTURE INVESTMENTS
THE MONKS INVESTMENT TRUST PLC,GB00236964,6430,1929,11,2023,2637.04,2442880.0,-67844.0,,2253.5824935,,2637.04,2253.5824935,2442.88,-67.844,,1904.0,MONKS INVESTMENT TRUST
NB PRIVATE EQUITY PARTNERS LIMITED,GBGG47214,9499,2009,32,2023,1169.81235015521,1026650.27292296,21254.7677135209,,776.593555679,,1169.81235015521,776.593555679,1026.65027292296,21.254767713520902,,1904.0,NB PRIVATE EQUITY PARTNERS
SCHRODER ASIAPACIFIC FUND PLC,GB03104981,6430,1995,35,2023,884.131,851285.0,21903.0,,753.105447909,,884.131,753.105447909,851.285,21.903,,1904.0,SCHRODER ASIAPACIFIC FUND
AVI GLOBAL TRUST PLC,GB00028203,6430,1889,17,2023,1196.838,1031018.0,134137.0,240.0,933.590828825,,1196.838,933.590828825,1031.018,134.137,0.24,1904.0,AVI GLOBAL TRUST
CAPITAL GEARING TRUST PLC,GBNI005574,6430,1963,18,2023,1069.935,1060173.0,13735.0,0.0,1034.718270482,,1069.935,1034.718270482,1060.173,13.735,0.0,1904.0,CAPITAL GEARING TRUST
PERSHING SQUARE HOLDINGS LIMITED,GBGG54602,9499,2012,6,2023,11879.0823019237,9471643.20087523,1952066.95087626,0.0,7560.689952189,,11879.0823019237,7560.689952189,9471.64320087523,1952.0669508762599,0.0,1904.0,PERSHING SQUARE
PRINCESS PRIVATE EQUITY HOLDING LIMITED,GBGG35241,6430,1999,6,2023,906.556240424416,849645.940276185,15983.0561972005,0.867654101145459,621.668984493,,906.556240424416,621.668984493,849.645940276185,15.983056197200499,0.000867654101145459,1904.0,PRINCESS PRIVATE EQUITY HOLDING
MERCANTILE INVESTMENT TRUST (THE) PLC,GB00020537,6619,1884,35,2023,2212.801,1865619.0,75208.0,0.0,1673.601131141,,2212.801,1673.601131141,1865.619,75.208,0.0,1904.0,MERCANTILE INVESTMENT TRUST
ASHOKA INDIA EQUITY INVESTMENT TRUST PLC,GB11356069,9499,2018,11,2023,243.707,232551.0,34580.0,0.0,235.768317398,,243.707,235.768317398,232.551,34.58,0.0,1904.0,ASHOKA INDIA EQUITY INVESTMENT TRUST
ABERDEEN ASIA FOCUS PLC,GB03106339,6430,1995,13,2023,557.716,485784.0,35189.0,0.0,413.049078333,,557.716,413.049078333,485.784,35.189,0.0,1904.0,ABERDEEN ASIA FOCUS
THE EUROPEAN SMALLER COMPANIES TRUST PLC,GB02520734,6430,1990,13,2023,843.069,738642.0,104381.0,9.0,617.335435748,,843.069,617.335435748,738.642,104.381,0.009,1904.0,EUROPEAN SMALLER COMPANIES TRUST
EDINBURGH INVESTMENT TRUST PLC,GBSC001836,6430,1889,45,2023,1262.755,1135047.0,131705.0,0.0,1045.291536947,,1262.755,1045.291536947,1135.047,131.705,0.0,1904.0,EDINBURGH INVESTMENT TRUST
SEQUOIA ECONOMIC INFRASTRUCTURE INCOME FUND LIMITED,GBGG59596,9499,2014,13,2023,1529.38,1524283.0,110425.0,112049.0,1318.267729162,,1529.38,1318.267729162,1524.283,110.425,112.049,1904.0,SEQUOIA ECONOMIC INFRASTRUCTURE INCOME FUND
JPMORGAN AMERICAN INVESTMENT TRUST PLC,GB00015543,6430,1881,41,2023,1643.259,1563999.0,318316.0,0.0,1568.561653303,,1643.259,1568.561653303,1563.999,318.316,0.0,1904.0,JPMORGAN AMERICAN INVESTMENT TRUST
JPMORGAN GLOBAL GROWTH & INCOME PLC,GB00024299,6430,1887,28,2023,1962.751,1812908.0,161867.0,0.0,1840.901107261,,1962.751,1840.901107261,1812.908,161.867,0.0,1904.0,JPMORGAN GLOBAL GROWTH INCOME
THE MERCHANTS TRUST PLC,GB00028276,6430,1889,13,2023,899.477,787522.0,-30248.0,0.0,811.800650746,290.0,899.477,811.800650746,787.522,-30.248,0.0,1904.0,MERCHANTS TRUST
TEMPLE BAR INVESTMENT TRUST PLC,GB00214601,6430,1926,7,2023,797.842,720704.0,86825.0,0.0,691.658690038,,797.842,691.658690038,720.704,86.825,0.0,1904.0,TEMPLE BAR INVESTMENT TRUST
YELLOW CAKE PLC,GBJE125612,0721,2018,7,2023,1496.25961257243,1493449.7026089,576416.8744206,,1333.073190376,,1496.25961257243,1333.073190376,1493.4497026089,576.4168744206,,1904.0,YELLOW CAKE
FORESIGHT SOLAR FUND LIMITED,GBJE113721,6619,2013,32,2023,699.086,697889.0,-9284.0,,602.202584179,,699.086,602.202584179,697.889,-9.284,,1904.0,FORESIGHT SOLAR FUND
THE RENEWABLES INFRASTRUCTURE GROUP LIMITED,GBGG56716,6619,2013,19,2023,3177.0,3174300.0,5800.0,,2827.183254623,,3177.0,2827.183254623,3174.3,5.8,,1904.0,RENEWABLES INFRASTRUCTURE
FORESIGHT ENVIRONMENTAL INFRASTRUCTURE LIMITED,GBGG57682,6619,2004,12,2023,753.868,751214.0,-13937.0,,619.854746116,,753.868,619.854746116,751.214,-13.937,,1904.0,FORESIGHT ENVIRONMENTAL INFRASTRUCTURE
TWENTYFOUR INCOME FUND LIMITED,GBGG56128,6619,2013,41,2023,839.528,813540.0,136014.0,,782.684804347,,839.528,782.684804347,813.54,136.014,,1904.0,TWENTYFOUR INCOME FUND
THE SCHIEHALLION FUND LIMITED,GBGG65915,9499,2019,6,2023,965.121159408828,961010.326211907,53448.7142698469,,,,965.121159408828,,961.010326211907,53.4487142698469,,1904.0,SCHIEHALLION FUND
BH MACRO LIMITED,GBGG46235,6430,2007,6,2023,1632.4523761247,1628936.21927291,52211.5528590957,,1365.328655213,,1632.4523761247,1365.328655213,1628.93621927291,52.2115528590957,,1904.0,BH MACRO
RUFFER INVESTMENT COMPANY LIMITED,GBGG41996,6430,2004,3,2023,1093.537,1092040.0,-34416.0,,1058.509024982,,1093.537,1058.509024982,1092.04,-34.416,,1904.0,RUFFER INVESTMENT
SCHRODER ORIENTAL INCOME FUND LIMITED,GBGG43298,9499,2005,24,2023,691.594,648208.0,-25911.0,,619.056926778,,691.594,619.056926778,648.208,-25.911,,1904.0,SCHRODER ORIENTAL INCOME FUND
SDCL EFFICIENCY INCOME TRUST PLC,GB11620959,9499,2018,52,2023,984.5,981900.0,-56300.0,0.0,641.482916337,,984.5,641.482916337,981.9,-56.3,0.0,1904.0,SDCL EFFICIENCY INCOME TRUST
BAILLIE GIFFORD US GROWTH TRUST PLC,GB11194060,9499,2018,10,2023,610.005,568599.0,-15587.0,,441.862580008,,610.005,441.862580008,568.599,-15.587,,1904.0,BAILLIE GIFFORD US GROWTH TRUST
UTILICO EMERGING MARKETS TRUST PLC,GB11102129,6430,2005,22,2023,529.024,522933.0,57891.0,,421.76193891,,529.024,421.76193891,522.933,57.891,,1904.0,UTILICO EMERGING MARKETS TRUST
GEORGIA CAPITAL PLC,GB10852406,6619,2017,6,2023,986.902134863733,986402.585114278,177694.020960854,,441.122192326,,986.902134863733,441.122192326,986.402585114278,177.69402096085398,,1904.0,GEORGIA CAPITAL
IMPAX ENVIRONMENTAL MARKETS PLC,GB04348393,6430,37263,45,2023,1313.442,1222484.0,48497.0,0.0,1124.460156,,1313.442,1124.460156,1222.484,48.497,0.0,2001.0,IMPAX ENVIRONMENTAL MARKETS
HG CAPITAL TRUST PLC,GB01525583,6430,1980,20,2023,2294.613,2290729.0,230517.0,,1988.830236465,,2294.613,1988.830236465,2290.729,230.517,,1904.0,HG CAPITAL TRUST
WORLDWIDE HEALTHCARE TRUST PLC,GB03023689,2120,1995,10,2023,2193.208,2080417.0,201162.0,0.0,1828.906760135,,2193.208,1828.906760135,2080.417,201.162,0.0,1904.0,WORLDWIDE HEALTHCARE TRUST
INVESCO ASIA DRAGON TRUST PLC,GB03011768,6430,1995,29,2023,260.821,245004.0,2722.0,,214.59905382,,260.821,214.59905382,245.004,2.722,,1904.0,INVESCO ASIA DRAGON TRUST
JPMORGAN INDIA GROWTH & INCOME PLC,GB02915926,6430,1994,25,2023,793.818,775597.0,2957.0,,625.749111405,,793.818,625.749111405,775.597,2.957,,1904.0,JPMORGAN INDIA GROWTH INCOME
ST. JAMES'S PLACE PLC,GB03183415,7010,35156,25,2023,172293.1,983500.0,-4500.0,,,2942.0,172293.1,,983.5,-4.5,,1995.0,ST JAMES S PLACE
JPMORGAN EMERGING MARKETS GROWTH & INCOME PLC,GB02618994,6430,1991,54,2023,1340.949,1329822.0,-1914.0,,1201.257091077,,1340.949,1201.257091077,1329.822,-1.914,,1904.0,JPMORGAN EMERGING MARKETS GROWTH INCOME
THE BAILLIE GIFFORD JAPAN TRUST PLC,GBSC075954,6430,1981,18,2023,866.327,732963.0,-43245.0,,683.899954026,,866.327,683.899954026,732.963,-43.245,,1904.0,BAILLIE GIFFORD JAPAN TRUST
BLACKROCK GREATER EUROPE INVESTMENT TRUST PLC,GB05142459,6430,2004,51,2023,598.594,565710.0,91591.0,,532.270846544,,598.594,532.270846544,565.71,91.591,,1904.0,BLACKROCK GREATER EUROPE INVESTMENT TRUST
OCTOPUS APOLLO VCT PLC,GB05840377,6619,2006,33,2023,402.278,390294.0,-435.0,0.0,379.803500774,,402.278,379.803500774,390.294,-0.435,0.0,1904.0,OCTOPUS APOLLO VCT
SHELL PLC,GB04366849,0610,37292,23,2022,367106.510746768,159593188.292949,35058844.1330154,315433475.191905,162873.857597363,93000.0,367106.510746768,162873.857597363,159593.188292949,35058.8441330154,315433.47519190505,2001.0,SHELL
GLENCORE PLC,GBJE107710,2399,2011,22,2022,109863.308792162,37470180.6436177,14352009.7469528,212420516.548592,70791.583664989,81706.0,109863.308792162,70791.583664989,37470.1806436177,14352.009746952801,212420.51654859202,1904.0,GLENCORE
BP P.L.C.,GB00102498,1920,3395,34,2022,238747.173688917,68768665.6408553,-2061651.2846662,200584251.697236,86228.600220707,67600.0,238747.173688917,86228.600220707,68768.6656408553,-2061.6512846662,200584.251697236,1908.0,BP
TESCO PLC,GB00445790,4711,17498,24,2022,45868.0,12225000.0,737000.0,65890000.0,18661.769698284,222306.0,45868.0,18661.769698284,12225.0,737.0,65890.0,1946.0,TESCO
HSBC HOLDINGS PLC,GB00617987,6420,21551,33,2022,2443890.38213346,153461267.269424,13464538.474494,46121161.1146447,102976.699748415,219000.0,2443890.38213346,102976.699748415,153461.267269424,13464.538474494,46121.161114644696,1958.0,HSBC
UNILEVER PLC,GB00041424,2042,21/06/1894,22,2022,68780.1329759881,19179882.8813806,6754189.43733056,53094009.6923264,105762.598284108,127056.0,68780.1329759881,105762.598284108,19179.8828813806,6754.1894373305595,53094.0096923264,1894.0,UNILEVER
ASTRAZENECA PLC,GB02723534,2120,33772,33,2022,79949.4778530744,30707666.1202412,2724561.66558781,37163584.5924415,173856.567838361,83500.0,79949.4778530744,173856.567838361,30707.6661202412,2724.56166558781,37163.5845924415,1991.0,ASTRAZENECA
RIO TINTO PLC,GB00719885,0710,22735,23,2022,80165.7523648501,43703195.5002332,10268481.8004757,46881022.1387761,72454.980383453,53726.0,80165.7523648501,72454.980383453,43703.1955002332,10268.4818004757,46881.0221387761,1961.0,RIO TINTO
VODAFONE GROUP PLC,GB01833679,6190,30880,28,2022,136664.446305018,56664588.6477485,10402670.477677,48745272.3489797,24104.360393892,98103.0,136664.446305018,24104.360393892,56664.588647748504,10402.670477677,48745.2723489797,1983.0,VODAFONE
COMPASS GROUP PLC,GB04083914,5610,36798,19,2022,18748.0,5905000.0,1113000.0,25512000.0,,513707.0,18748.0,,5905.0,1113.0,25512.0,1999.0,COMPASS
GSK PLC,GB03888792,2120,36500,30,2022,60146.0,10096000.0,14956000.0,36646000.0,58858.484071435,69400.0,60146.0,58858.484071435,10096.0,14956.0,36646.0,1999.0,GSK
SAINSBURY (J) PLC,GB00185647,4711,8350,27,2022,26158.0,7253000.0,207000.0,31564000.0,6201.236627998,107.0,26158.0,6201.236627998,7253.0,207.0,31564.0,1921.0,SAINSBURY J
IMPERIAL BRANDS PLC,GB03236483,1200,35283,21,2022,30958.0,7473000.0,1570000.0,32551000.0,17630.069548446,25700.0,30958.0,17630.069548446,7473.0,1570.0,32551.0,1995.0,IMPERIAL BRANDS
BARCLAYS PLC,GB00048839,6420,20/07/1896,36,2022,1513699.0,69260000.0,5973000.0,24962000.0,25159.196679463,87400.0,1513699.0,25159.196679463,69260.0,5973.0,24962.0,1896.0,BARCLAYS
BAE SYSTEMS PLC,GB01470151,3030,29220,22,2022,31462.0,11400000.0,1591000.0,21438000.0,26343.138139837,84000.0,31462.0,26343.138139837,11400.0,1591.0,21438.0,1979.0,BAE SYSTEMS
BRITISH AMERICAN TOBACCO PLC,GB03407696,1200,35634,25,2022,153546.0,75710000.0,6666000.0,28377000.0,73369.980016324,50397.0,153546.0,73369.980016324,75710.0,6666.0,28377.0,1996.0,BRITISH AMERICAN TOBACCO
AVIVA PLC,GB02468686,6511,2000,46,2022,309583.0,9904000.0,-1030000.0,16889000.0,12433.46556698,,309583.0,12433.46556698,9904.0,-1030.0,16889.0,1904.0,AVIVA
ROLLS-ROYCE HOLDINGS PLC,GB07524813,3030,40584,43,2022,29450.0,-6016000.0,-1269000.0,13795000.0,7798.600238139,41810.0,29450.0,7798.600238139,-6016.0,-1269.0,13795.0,2010.0,ROLLS ROYCE
BT GROUP PLC,GB04190816,6190,36980,29,2022,52752.0,14514000.0,1905000.0,20924000.0,14480.764970153,97100.0,52752.0,14480.764970153,14514.0,1905.0,20924.0,2000.0,BT
CENTRICA PLC,GB03033654,3522,1995,19,2022,29038.0,1280000.0,-782000.0,23741000.0,5656.722666757,19954.0,29038.0,5656.722666757,1280.0,-782.0,23741.0,1904.0,CENTRICA
ASSOCIATED BRITISH FOODS PLC,GB00293262,1089,12712,11,2022,19775.0,11554000.0,700000.0,16997000.0,10485.724463235,132273.0,19775.0,10485.724463235,11554.0,700.0,16997.0,1933.0,ASSOCIATED BRITISH FOODS
LLOYDS BANKING GROUP PLC,GBSC095000,6420,31341,29,2022,873394.0,43911000.0,3923000.0,15541000.0,30551.129832378,63372.0,873394.0,30551.129832378,43911.0,3923.0,15541.0,1984.0,LLOYDS BANKING
NATIONAL GRID PLC,GB04031152,3522,36718,50,2022,92697.0,29562000.0,7797000.0,24252000.0,40322.469662419,29450.0,92697.0,40322.469662419,29562.0,7797.0,24252.0,1999.0,NATIONAL GRID
MARKS AND SPENCER GROUP PLC,GB04256886,4719,37095,21,2022,9443.4,2917900.0,306600.0,10965200.0,3094.090912385,66210.0,9443.4,3094.090912385,2917.9,306.6,10965.2,2000.0,MARKS AND SPENCER
ANGLO AMERICAN PLC,GB03564138,0710,35929,26,2022,55856.0000584786,28134745.2042892,3740471.82435017,29722415.5665965,43290.696864481,57000.0,55856.0000584786,43290.696864481,28134.7452042892,3740.4718243501698,29722.4155665965,1997.0,ANGLO AMERICAN
NATWEST GROUP PLC,GBSC045551,6420,24922,35,2022,720053.0,36496000.0,3595000.0,13161000.0,25650.17987537,61000.0,720053.0,25650.17987537,36496.0,3595.0,13161.0,1967.0,NATWEST
STANDARD CHARTERED PLC,GB00966425,6420,25525,30,2022,679418.506682509,41445157.015219,2404707.40679313,13650982.0191282,18016.924411589,83266.0,679418.506682509,18016.924411589,41445.157015219,2404.7074067931303,13650.9820191282,1968.0,STANDARD CHARTERED
DIAGEO PLC,GB00023307,1101,21/10/1886,23,2022,36516.0,9513999.99999997,3249000.0,15452000.0,80521.742215493,28558.0,36516.0,80521.742215493,9513.99999999997,3249.0,15452.0,1886.0,DIAGEO
RECKITT BENCKISER GROUP PLC,GB06270876,7010,39239,35,2022,28742.0,9483000.0,2349000.0,14453000.0,41185.045424425,40000.0,28742.0,41185.045424425,9483.0,2349.0,14453.0,2006.0,RECKITT BENCKISER
NATIONAL WESTMINSTER BANK PLC - NATWEST,GB00929027,6419,25569,17,2022,409469.0,20076000.0,3689000.0,11748000.0,,55200.0,409469.0,,20076.0,3689.0,11748.0,1969.0,NATIONAL WESTMINSTER BANK NATWEST
WPP PLC (NEW),GBJE111714,7311,2005,49,2022,28822.5,4160400.0,682700.0,14428700.0,8783.827727779,115473.0,28822.5,8783.827727779,4160.4,682.7,14428.7,1904.0,WPP NEW
KINGFISHER PLC,GB01664812,4719,30210,23,2022,12103.0,6663000.0,471000.0,13085000.0,5414.069240415,80000.0,12103.0,5414.069240415,6663.0,471.0,13085.0,1981.0,KINGFISHER
JD SPORTS FASHION PLC,GB01888425,4764,31099,15,2022,8110.6,2631000.0,188300.0,10153600.0,8435.547063466,51297.0,8110.6,8435.547063466,2631.0,188.3,10153.6,1984.0,JD SPORTS FASHION
JOHNSON MATTHEY PLC,GB00033774,2059,04/11/1891,16,2022,7029.0,2539000.0,276000.0,14968000.0,3638.798358238,12638.0,7029.0,3638.798358238,2539.0,276.0,14968.0,1891.0,JOHNSON MATTHEY
BUNZL PLC,GB00358948,4639,14632,21,2022,8666.8,2720900.0,474400.0,12040400.0,9316.255922664,22451.0,8666.8,9316.255922664,2720.9,474.4,12040.4,1939.0,BUNZL
HALEON PLC,GB13691224,2120,44489,29,2022,34815.0,16457000.0,1060000.0,10889000.0,30229.377118735,24622.0,34815.0,30229.377118735,16457.0,1060.0,10889.0,2020.0,HALEON
EASYJET PLC,GB03959649,5110,36609,21,2022,10454.0,2533000.0,-169000.0,5779000.0,2246.741703979,13951.0,10454.0,2246.741703979,2533.0,-169.0,5779.0,1999.0,EASYJET
SSE PLC,GBSC117119,3511,32599,24,2022,27177.1,11083200.0,-60600.0,13594800.0,19658.472836803,14980.0,27177.1,19658.472836803,11083.2,-60.6,13594.8,1988.0,SSE
RELX PLC,GB00077536,6311,1244,20,2022,15829.0,3754000.0,1632000.0,8553000.0,43816.77592305,35700.0,15829.0,43816.77592305,3754.0,1632.0,8553.0,1902.0,RELX
BALFOUR BEATTY PLC,GB00395826,4299,16588,21,2022,5123.0,1383000.0,288000.0,7629000.0,1983.17865551,17718.0,5123.0,1983.17865551,1383.0,288.0,7629.0,1944.0,BALFOUR BEATTY
LONDON STOCK EXCHANGE GROUP PLC,GB05369106,8411,2005,22,2022,835156.0,28151000.0,1491000.0,7898000.0,36281.903428084,24441.0,835156.0,36281.903428084,28151.0,1491.0,7898.0,1904.0,LONDON STOCK EXCHANGE
QUILTER PLC,GB06404270,6420,39374,19,2022,46417.0,1548000.0,175000.0,609000.0,1304.69481977,3054.0,46417.0,1304.69481977,1548.0,175.0,609.0,2006.0,QUILTER
CURRYS PLC,GB07105905,6190,40162,19,2022,6913.0,2501000.0,71000.0,10144000.0,1057.550541272,31717.0,6913.0,1057.550541272,2501.0,71.0,10144.0,2009.0,CURRYS
LEGAL & GENERAL GROUP PLC,GB01417162,6511,1836,31,2022,513270.0,5562000.0,782000.0,8683000.0,14903.266798915,,513270.0,14903.266798915,5562.0,782.0,8683.0,1904.0,LEGAL GENERAL
COMPUTACENTER PLC,GB03110569,6209,34974,26,2022,3244.0,872000.0,182800.0,6470500.0,2344.567181583,20097.0,3244.0,2344.567181583,872.0,182.8,6470.5,1994.0,COMPUTACENTER
INCHCAPE PLC,GB00609782,4511,21412,19,2022,6963.7,1567000.0,-11200.0,8385100.0,3070.850974571,14610.0,6963.7,3070.850974571,1567.0,-11.2,8385.1,1957.0,INCHCAPE
PRUDENTIAL PLC,GB01397169,6511,1848,25,2022,132788.407040383,13863941.9789993,-826152.062223554,7084026.05812354,31002.521210584,,132788.407040383,31002.521210584,13863.9419789993,-826.152062223554,7084.02605812354,1904.0,PRUDENTIAL
HARBOUR ENERGY PLC,GBSC234781,0610,37468,24,2022,10412.4990807309,846287.965044048,6794.83140444648,4500498.5760768,2578.781739079,1824.0,10412.4990807309,2578.781739079,846.2879650440481,6.794831404446479,4500.4985760768,2001.0,HARBOUR ENERGY
METLEN ENERGY & METALS PLC,GB15944520,3511,2024,72,2022,,,,,,,,,,,,1904.0,METLEN ENERGY METALS
JET2 PLC,GB01295221,5110,28146,8,2022,4526.1,1012400.0,290800.0,5033500.0,2817.691813125,11716.0,4526.1,2817.691813125,1012.4,290.8,5033.5,1976.0,JET
NEXT PLC,GB04412362,4791,37355,16,2022,3983.8,1165100.0,711700.0,5034000.0,8554.649138068,44048.0,3983.8,8554.649138068,1165.1,711.7,5034.0,2001.0,NEXT
MONDI PLC,GB06209386,1729,39183,17,2022,9586.84805374569,5527440.5575851,1283313.66958963,8908954.40045695,6843.880700853,26700.0,9586.84805374569,6843.880700853,5527.4405575851,1283.31366958963,8908.95440045695,2006.0,MONDI
ANTOFAGASTA PLC,GB01627889,0729,30048,30,2022,15112.9480004532,9648992.04950447,1270302.01744103,4888881.19549925,15236.41514601,6359.0,15112.9480004532,15236.41514601,9648.99204950447,1270.3020174410299,4888.88119549925,1981.0,ANTOFAGASTA
EXPERIAN PLC,GBJE93905,7490,2006,20,2022,8778.63337200534,3203102.23551447,622196.95291275,5348469.65107726,24449.473395829,21313.0,8778.63337200534,24449.473395829,3203.10223551447,622.1969529127499,5348.46965107726,1904.0,EXPERIAN
BARRATT REDROW PLC,GB00604574,4110,21319,21,2022,8210.7,5631300.0,515100.0,5352300.0,4677.202213182,6564.0,8210.7,4677.202213182,5631.3,515.1,5352.3,1957.0,BARRATT REDROW
MITIE GROUP PLC,GBSC019230,8121,13347,19,2022,1827.4,421700.0,91100.0,3948700.0,1116.806819212,64316.0,1827.4,1116.806819212,421.7,91.1,3948.7,1935.0,MITIE
PHOENIX GROUP HOLDINGS PLC,GB11606773,6511,2018,23,2022,281040.0,3705000.0,-2657000.0,5142000.0,6088.145140678,,281040.0,6088.145140678,3705.0,-2657.0,5142.0,1904.0,PHOENIX
FRASERS GROUP PLC,GB06035106,4764,39072,14,2022,4142.7,1308600.0,249800.0,4853300.0,3376.599192169,30353.0,4142.7,3376.599192169,1308.6,249.8,4853.3,2006.0,FRASERS
DRAX GROUP PLC,GB05562053,3511,38608,19,2022,5934.3,1324200.0,85100.0,7775300.0,2819.24939202,3127.0,5934.3,2819.24939202,1324.2,85.1,7775.3,2004.0,DRAX
RENTOKIL INITIAL PLC,GB05393279,3900,38426,26,2022,11922.0,4098000.0,232000.0,3714000.0,12801.802423536,58600.0,11922.0,12801.802423536,4098.0,232.0,3714.0,2004.0,RENTOKIL INITIAL
WIZZ AIR HOLDINGS PLC,GBJE103356,5110,2009,29,2022,6181.49562495111,-314505.470853236,-459587.486047059,3541020.5234708,3069.238281682,6813.0,6181.49562495111,3069.238281682,-314.505470853236,-459.58748604705903,3541.0205234708,1904.0,WIZZ AIR
ENTAIN PLC,GBIM004685V,9329,40299,9,2022,8740.1,3316600.0,24200.0,4296900.0,7781.648518546,28940.0,8740.1,7781.648518546,3316.6,24.2,4296.9,2009.0,ENTAIN
BABCOCK INTERNATIONAL GROUP PLC,GB02342138,7490,32540,26,2022,3309.9,370900.0,-35000.0,4438600.0,1510.722589405,26115.0,3309.9,1510.722589405,370.9,-35.0,4438.6,1988.0,BABCOCK
MORGAN SINDALL GROUP PLC,GB00521970,4120,19560,17,2022,1794.4,496200.0,60900.0,3612700.0,724.437750631,7203.0,1794.4,724.437750631,496.2,60.9,3612.7,1952.0,MORGAN SINDALL
ADMIRAL GROUP PLC,GB03849958,6511,1993,24,2022,6227.8,885800.0,285300.0,2956900.0,6471.642458772,,6227.8,6471.642458772,885.8,285.3,2956.9,1904.0,ADMIRAL
SERCO GROUP PLC,GB02048608,8211,31645,27,2022,2750.2,1029700.0,155400.0,4534000.0,1806.528123237,49960.0,2750.2,1806.528123237,1029.7,155.4,4534.0,1985.0,SERCO
VERTU MOTORS PLC,GB05984855,4519,39022,24,2022,1382.466,341377.0,25533.0,4015679.0,212.856773412,7323.0,1382.466,212.856773412,341.377,25.533,4015.679,2005.0,VERTU MOTORS
AIRTEL AFRICA PLC,GB11462215,6190,43293,25,2022,9022.66386522567,3077046.74895033,535735.817897602,4256796.81551216,4002.431566803,4000.0,9022.66386522567,4002.431566803,3077.04674895033,535.735817897602,4256.79681551216,2017.0,AIRTEL AFRICA
FIRSTGROUP PLC,GBSC157176,4931,34789,13,2022,4406.2,750800.0,87100.0,4915400.0,748.381674482,29983.0,4406.2,748.381674482,750.8,87.1,4915.4,1994.0,FIRSTGROUP
SMITH & NEPHEW PLC,GB00324357,3250,13563,29,2022,8258.20607033093,4357807.11658342,184786.268681898,4321347.04563273,9689.742293843,19094.0,8258.20607033093,9689.742293843,4357.80711658342,184.78626868189798,4321.34704563273,1936.0,SMITH NEPHEW
TRAVIS PERKINS PLC,GB00824821,4673,23677,19,2022,4136.4,2102200.0,192200.0,5010500.0,1890.058027945,19385.0,4136.4,1890.058027945,2102.2,192.2,5010.5,1963.0,TRAVIS PERKINS
BEAZLEY PLC,GB09763575,6511,1986,25,2022,9705.8366146685,2448625.21952919,400480.733874267,4017568.36357541,4560.831367109,,9705.8366146685,4560.831367109,2448.62521952919,400.480733874267,4017.56836357541,1904.0,BEAZLEY
M&G PLC,GB11444019,6511,2018,24,2022,191158.0,4263000.0,-2055000.0,3325000.0,4410.42559818,,191158.0,4410.42559818,4263.0,-2055.0,3325.0,1904.0,M G
HILTON FOOD GROUP PLC,GB06165540,4632,39157,19,2022,1289.25,321478.0,36380.0,3989547.0,,,1289.25,,321.478,36.38,3989.547,2006.0,HILTON FOOD
KIER GROUP PLC,GB02708030,7112,33715,13,2022,2238.8,554600.0,12700.0,3143900.0,302.998111015,10267.0,2238.8,302.998111015,554.6,12.7,3143.9,1991.0,KIER
INFORMA PLC,GB08860726,5814,41663,26,2022,12145.7,7466300.0,1631500.0,2389300.0,8792.901725032,11135.0,12145.7,8792.901725032,7466.3,1631.5,2389.3,2013.0,INFORMA
TAYLOR WIMPEY PLC,GB00296805,4120,12816,17,2022,6483.1,4502100.0,643600.0,4485800.0,3590.262843726,5156.0,6483.1,3590.262843726,4502.1,643.6,4485.8,1934.0,TAYLOR WIMPEY
INTERCONTINENTAL HOTELS GROUP PLC,GB05134420,5510,38128,21,2022,3493.53770745688,-1332449.86565243,310739.241057004,3249089.50449203,8330.729280522,12899.0,3493.53770745688,8330.729280522,-1332.4498656524302,310.73924105700405,3249.08950449203,2003.0,INTERCONTINENTAL HOTELS
POLAR CAPITAL TECHNOLOGY TRUST PLC,GB03224867,6430,1996,19,2022,3160.304,3050985.0,-258646.0,-255830.0,2700.07103991,,3160.304,2700.07103991,3050.985,-258.646,-255.83,1904.0,POLAR CAPITAL TECHNOLOGY TRUST
PERSIMMON PLC,GB01818486,4120,30824,11,2022,5034.1,3439300.0,561000.0,3826100.0,3886.166191802,5554.0,5034.1,3886.166191802,3439.3,561.0,3826.1,1983.0,PERSIMMON
3I GROUP PLC,GB01142830,6430,16438,20,2022,17819.0,16844000.0,4573000.0,2571000.0,16400.323578789,241.0,17819.0,16400.323578789,16844.0,4573.0,2571.0,1944.0,I
VISTRY GROUP PLC,GB00306718,4120,13092,18,2022,6015.7,3249700.0,204300.0,2829000.0,2162.423432934,5213.0,6015.7,2162.423432934,3249.7,204.3,2829.0,1934.0,VISTRY
SSP GROUP PLC,GB05735966,1089,38785,25,2022,2822.9,311000.0,-10200.0,2286500.0,1511.420970178,34794.0,2822.9,1511.420970178,311.0,-10.2,2286.5,2005.0,SSP
PEARSON PLC,GB00053723,5811,08/12/1897,27,2022,7324.0,4415000.0,242000.0,3914000.0,6722.166741448,20438.0,7324.0,6722.166741448,4415.0,242.0,3914.0,1897.0,PEARSON
MELROSE INDUSTRIES PLC,GB09800044,3030,42276,20,2022,13987.0,7168000.0,-308000.0,7669000.0,5453.202711326,39959.0,13987.0,5453.202711326,7168.0,-308.0,7669.0,2014.0,MELROSE INDUSTRIES
ITV PLC,GB04967001,6020,37943,20,2022,4475.0,1876000.0,428000.0,3728000.0,3025.497659236,6677.0,4475.0,3025.497659236,1876.0,428.0,3728.0,2002.0,ITV
INTERTEK GROUP PLC,GB04267576,7120,37112,31,2022,3660.3,1318000.0,288800.0,3192900.0,6510.598767807,43597.0,3660.3,6510.598767807,1318.0,288.8,3192.9,2000.0,INTERTEK
FRESNILLO PLC,GB06344120,2441,39309,21,2022,4900.79700959631,3245722.74839493,225304.179801803,2075613.83456436,6645.306126988,7925.0,4900.79700959631,6645.306126988,3245.72274839493,225.304179801803,2075.61383456436,2006.0,FRESNILLO
MOBICO GROUP PLC,GB02590560,4931,33308,17,2022,4162.0,1373800.0,-232300.0,2807500.0,798.312260818,45899.0,4162.0,798.312260818,1373.8,-232.3,2807.5,1990.0,MOBICO
SMITHS GROUP PLC,GB00137013,2651,5310,22,2022,5223.0,2721000.0,1033000.0,2929000.0,5506.001725423,14764.0,5223.0,5506.001725423,2721.0,1033.0,2929.0,1913.0,SMITHS
ENDEAVOUR MINING PLC,GB13280545,0729,44276,20,2022,5300.748,3377515.0,-47350.0,2072553.0,4305.268797768,5686.0,5300.748,4305.268797768,3377.515,-47.35,2072.553,2020.0,ENDEAVOUR MINING
ZEGONA COMMUNICATIONS PLC,GB09395163,6619,2015,15,2022,9.66815993914669,9312.86235293799,-2928.11169927717,,4.907077183,5.0,9.66815993914669,4.907077183,9.312862352937989,-2.92811169927717,,1904.0,ZEGONA COMMUNICATIONS
KELLER GROUP PLC,GB02442580,7112,32825,23,2022,1702.6,496800.0,46000.0,2945300.0,582.166248,9821.0,1702.6,582.166248,496.8,46.0,2945.3,1988.0,KELLER
SCOTTISH MORTGAGE INVESTMENT TRUST PLC,GBSC007058,6430,1908,14,2022,13346.574,11498000.0,-2922138.0,-2912533.0,9552.099014199,,13346.574,9552.099014199,11498.0,-2922.138,-2912.533,1904.0,SCOTTISH MORTGAGE INVESTMENT TRUST
WHITBREAD PLC,GB04120344,5510,36861,23,2022,9942.8,4111400.0,278800.0,2637900.0,6294.817933162,38723.0,9942.8,6294.817933162,4111.4,278.8,2637.9,1999.0,WHITBREAD
CRANSWICK PLC,GB01074383,1013,26571,11,2022,1264.8,842900.0,111400.0,2332900.0,1610.464425682,10422.0,1264.8,1610.464425682,842.9,111.4,2332.9,1971.0,CRANSWICK
RS GROUP PLC,GB00647788,4652,21937,18,2022,2544.0,1344900.0,284800.0,2982300.0,4321.249660578,7818.0,2544.0,4321.249660578,1344.9,284.8,2982.3,1959.0,RS
BELLWAY PLC,GB01372603,4120,28650,11,2022,4985.1,3367800.0,242600.0,3562100.0,3010.567902127,2978.0,4985.1,3010.567902127,3367.8,242.6,3562.1,1977.0,BELLWAY
INTERNATIONAL WORKPLACE GROUP PLC,GBJE122154,6831,2003,10,2022,9188.0,312000.0,-69000.0,2751000.0,1671.095071078,8756.0,9188.0,1671.095071078,312.0,-69.0,2751.0,1904.0,WORKPLACE
SEVERN TRENT PLC,GB02366619,3600,32599,17,2022,12148.6,970600.0,132200.0,2168200.0,7242.468051062,7651.0,12148.6,7242.468051062,970.6,132.2,2168.2,1988.0,SEVERN TRENT
MITCHELLS & BUTLERS PLC,GB04551498,5610,37531,15,2022,4951.0,2143000.0,13000.0,2208000.0,905.633197678,46844.0,4951.0,905.633197678,2143.0,13.0,2208.0,2001.0,MITCHELLS BUTLERS
SCHRODERS PLC,GB03909886,6619,21551,26,2022,21334.6,4479700.0,486200.0,2474600.0,7028.632064235,6434.0,21334.6,7028.632064235,4479.7,486.2,2474.6,1958.0,SCHRODERS
SIG PLC,GB00998314,4673,25931,25,2022,1333.1,267800.0,15500.0,2744500.0,349.740869699,7143.0,1333.1,349.740869699,267.8,15.5,2744.5,1970.0,SIG
UNITED UTILITIES GROUP PLC,GB06559020,3600,32599,22,2022,14527.2,2508700.0,204900.0,1829200.0,7228.01749092,5975.0,14527.2,7228.01749092,2508.7,204.9,1829.2,1988.0,UNITED UTILITIES
THE WEIR GROUP PLC,GBSC002934,2813,14/06/1895,19,2022,4055.9,1737900.0,213400.0,2482500.0,4332.925286528,12627.0,4055.9,4332.925286528,1737.9,213.4,2482.5,1895.0,WEIR
SAVILLS PLC,GB02122174,7022,31877,17,2022,2322.5,805300.0,119400.0,2298300.0,1191.62978845,40433.0,2322.5,1191.62978845,805.3,119.4,2298.3,1986.0,SAVILLS
HALMA PLC,GB00040932,2611,13/04/1894,22,2022,2788.4,1598900.0,234500.0,1852800.0,8462.294797856,8141.0,2788.4,8462.294797856,1598.9,234.5,1852.8,1894.0,HALMA
HIKMA PHARMACEUTICALS PLC,GB05557934,2120,38603,21,2022,3704.84039137564,1779914.37277452,155783.939516578,2097282.71764074,3418.060523856,8835.0,3704.84039137564,3418.060523856,1779.91437277452,155.783939516578,2097.28271764074,2004.0,HIKMA PHARMACEUTICALS
THE SAGE GROUP PLC,GB02231246,5829,32218,18,2022,3897.0,1397000.0,260000.0,1947000.0,7108.793497489,11574.0,3897.0,7108.793497489,1397.0,260.0,1947.0,1987.0,SAGE
ASOS PLC,GB04006623,4771,36679,26,2022,2996.9,1014900.0,-30800.0,3936500.0,695.0843268,3259.0,2996.9,695.0843268,1014.9,-30.8,3936.5,1999.0,ASOS
HOWDEN JOINERY GROUP PLC,GB02128710,3102,31904,19,2022,2032.7,871700.0,374200.0,2319000.0,3159.585843341,12408.0,2032.7,3159.585843341,871.7,374.2,2319.0,1986.0,HOWDEN JOINERY
BERKELEY GROUP HOLDINGS (THE) PLC,GB05172586,4110,1976,14,2022,6587.7,3136100.0,482400.0,2348000.0,4543.30900703,3030.0,6587.7,4543.30900703,3136.1,482.4,2348.0,1904.0,BERKELEY
BURBERRY GROUP PLC,GB03458224,4771,35733,29,2022,3697.0,1617000.0,396000.0,2864000.0,6638.851405164,8979.0,3697.0,6638.851405164,1617.0,396.0,2864.0,1996.0,BURBERRY
CAPITA PLC,GB02081330,8110,31754,19,2022,2552.6,352700.0,74800.0,3014600.0,408.604776597,51200.0,2552.6,408.604776597,352.7,74.8,3014.6,1985.0,CAPITA
IMI PLC,GB00714275,2899,22679,13,2022,2529.8,905600.0,226300.0,2049000.0,3359.092643926,10771.0,2529.8,3359.092643926,905.6,226.3,2049.0,1961.0,IMI
ITHACA ENERGY PLC,GB12263719,0610,2019,21,2022,5601.26043495915,2036354.62453023,854766.588816036,3259574.26080428,1838.441691059,517.0,5601.26043495915,1838.441691059,2036.35462453023,854.766588816036,3259.57426080428,1904.0,ITHACA ENERGY
GREGGS PLC,GB00502851,5610,18991,13,2022,974.4,446000.0,120300.0,1512800.0,2395.561056773,28493.0,974.4,2395.561056773,446.0,120.3,1512.8,1951.0,GREGGS
OCADO GROUP PLC,GB07098618,4778,40155,19,2022,4813.2,1934300.0,-455500.0,2688300.0,5139.508097548,19744.0,4813.2,5139.508097548,1934.3,-455.5,2688.3,2009.0,OCADO
J D WETHERSPOON PLC,GB01709784,5630,30400,13,2022,1960.242,384393.0,36915.0,915956.0,710.057087635,42060.0,1960.242,710.057087635,384.393,36.915,915.956,1982.0,J D WETHERSPOON
W.A.G PAYMENT SOLUTIONS PLC,GB13544823,7490,2021,17,2022,809.062097988323,279786.243241255,14698.0071110713,2093516.78544809,546.995618769,1223.0,809.062097988323,546.995618769,279.786243241255,14.6980071110713,2093.51678544809,1904.0,W A G PAYMENT SOLUTIONS
TATE & LYLE PLC,GB00076535,1039,1154,24,2022,2507.0,1190000.0,190000.0,1847000.0,3151.244667375,3604.0,2507.0,3151.244667375,1190.0,190.0,1847.0,1902.0,TATE LYLE
WH SMITH PLC,GB05202036,4778,38209,10,2022,1692.0,311000.0,53000.0,1404000.0,1871.364664018,12502.0,1692.0,1871.364664018,311.0,53.0,1404.0,2003.0,WH SMITH
GALLIFORD TRY HOLDINGS PLC,GB12216008,4120,1965,11,2022,655.4,132100.0,6300.0,1237200.0,188.792192895,3254.0,655.4,188.792192895,132.1,6.3,1237.2,1904.0,GALLIFORD TRY
TELECOM PLUS PLC,GB03263464,6190,35347,18,2022,794.739,230708.0,68426.0,2476316.0,1501.69890269,2078.0,794.739,1501.69890269,230.708,68.426,2476.316,1995.0,TELECOM PLUS
QINETIQ GROUP PLC,GB04586941,8020,37571,18,2022,2072.1,968300.0,154400.0,1610100.0,1879.803074917,8268.0,2072.1,1879.803074917,968.3,154.4,1610.1,2001.0,QINETIQ
ZIGUP PLC,GB00053171,7721,,32,2022,1846.913,946761.0,101545.0,1243557.0,969.733772028,6730.0,1846.913,969.733772028,946.761,101.545,1243.557,,ZIGUP
WATCHES OF SWITZERLAND GROUP PLC,GB11838443,4648,43516,11,2022,1030.0,361300.0,101000.0,1238000.0,2446.012741509,2253.0,1030.0,2446.012741509,361.3,101.0,1238.0,2018.0,WATCHES OF SWITZERLAND
CONVATEC GROUP PLC,GB10361298,4690,42619,21,2022,2976.46761033802,1333858.55021189,52121.3286999614,1717352.20557504,4754.046332969,10028.0,2976.46761033802,4754.046332969,1333.85855021189,52.1213286999614,1717.35220557504,2015.0,CONVATEC
VESUVIUS PLC,GB08217766,2451,41169,11,2022,2334.3,1319600.0,181100.0,2047400.0,1096.246651338,11134.0,2334.3,1096.246651338,1319.6,181.1,2047.4,2011.0,VESUVIUS
DUNELM GROUP PLC,GB04708277,4759,37703,16,2022,737.9,178300.0,171200.0,1581400.0,1674.447308979,11057.0,737.9,1674.447308979,178.3,171.2,1581.4,2002.0,DUNELM
SYNTHOMER PLC,GB00098381,2059,3080,22,2022,3047.6,1031000.0,-32500.0,2606600.0,673.898530119,5200.0,3047.6,673.898530119,1031.0,-32.5,2606.6,1907.0,SYNTHOMER
HALFORDS GROUP PLC,GB04457314,4778,37417,8,2022,1347.1,556900.0,28100.0,1591800.0,382.687436165,12698.0,1347.1,382.687436165,556.9,28.1,1591.8,2001.0,HALFORDS
THG PLC,GB06539496,4778,39526,142,2022,3089.157,1301739.0,-539957.0,2239229.0,555.500622951,9041.0,3089.157,555.500622951,1301.739,-539.957,2239.229,2007.0,THG
BREEDON GROUP PLC,GB14739556,6420,45002,15,2022,,,,,,,,,,,,2022.0,BREEDON
SPIRAX GROUP PLC,GB00596337,2813,21186,21,2022,2784.9,1169800.0,224700.0,1610600.0,7813.934611573,10416.0,2784.9,7813.934611573,1169.8,224.7,1610.6,1957.0,SPIRAX
CRODA INTERNATIONAL PLC,GB00206132,2059,9274,18,2022,3611.9,2431100.0,649300.0,2445300.0,9221.52471752,5825.0,3611.9,9221.52471752,2431.1,649.3,2445.3,1924.0,CRODA
WICKES GROUP PLC,GB12189061,4778,2019,15,2022,1104.5,164400.0,31900.0,1562400.0,379.850406426,8340.0,1104.5,379.850406426,164.4,31.9,1562.4,1904.0,WICKES
MICHAEL PAGE PLC,GB03310225,7810,35460,35,2022,794.944,352203.0,139012.0,1990287.0,1515.589781927,9020.0,794.944,1515.589781927,352.203,139.012,1990.287,1996.0,MICHAEL PAGE
SPIRE HEALTHCARE GROUP PLC,GB09084066,8690,41802,20,2022,2159.8,725100.0,8600.0,1201500.0,921.367300038,11220.0,2159.8,921.367300038,725.1,8.6,1201.5,2013.0,SPIRE HEALTHCARE
DIPLOMA PLC,GB03899848,4690,36518,21,2022,1379.0,668200.0,94700.0,1012800.0,2896.079762278,2909.0,1379.0,2896.079762278,668.2,94.7,1012.8,1999.0,DIPLOMA
PETS AT HOME GROUP PLC,GB08885072,4778,41680,16,2022,1849.4,1025100.0,100700.0,1416400.0,1782.999854299,11377.0,1849.4,1782.999854299,1025.1,100.7,1416.4,2013.0,PETS AT HOME
SOFTCAT PLC,GB02174990,6209,32057,20,2022,672.058,211100.0,110405.0,1077946.0,2751.086286824,1796.0,672.058,2751.086286824,211.1,110.405,1077.946,1986.0,SOFTCAT
ABERDEEN GROUP PLC,GBSC286832,7010,38533,30,2022,9247.0,5877000.0,-550000.0,1538000.0,,5299.0,9247.0,,5877.0,-550.0,1538.0,2004.0,ABERDEEN
ENERGEAN PLC,GB10758801,0610,42863,12,2022,4749.27806974299,538778.754818085,14311.4064861214,622484.448617056,2330.550237617,626.0,4749.27806974299,2330.550237617,538.778754818085,14.311406486121399,622.484448617056,2016.0,ENERGEAN
MIDWICH GROUP PLC,GB08793266,7490,41605,17,2022,559.774,134134.0,15293.0,1210022.0,375.073209992,1503.0,559.774,375.073209992,134.134,15.293,1210.022,2012.0,MIDWICH
PENNON GROUP PLC,GB02366640,3700,32599,19,2022,5185.5,1125200.0,100.0,797200.0,2283.799714472,2864.0,5185.5,2283.799714472,1125.2,0.1,797.2,1988.0,PENNON
ASTON MARTIN LAGONDA GLOBAL HOLDINGS PLC,GB11488166,2910,43308,30,2022,3104.3,723500.0,-528600.0,1381500.0,1076.435305358,2473.0,3104.3,1076.435305358,723.5,-528.6,1381.5,2017.0,ASTON MARTIN LAGONDA GLOBAL
LION FINANCE GROUP PLC,GB10917019,6420,42962,33,2022,8863.51319904225,1303010.87047499,442839.543279293,734140.761947777,1237.348444861,8019.0,8863.51319904225,1237.348444861,1303.01087047499,442.83954327929297,734.140761947777,2016.0,LION FINANCE
PREMIER FOODS PLC,GB05160050,1089,38160,18,2022,2533.5,1506900.0,77500.0,900500.0,997.379795846,4370.0,2533.5,997.379795846,1506.9,77.5,900.5,2003.0,PREMIER FOODS
INVESTEC PLC,GB03633621,6419,36055,15,2022,28386.323,2718966.0,293131.0,1308801.0,3129.587652334,,28386.323,3129.587652334,2718.966,293.131,1308.801,1997.0,INVESTEC
ENQUEST PLC,GB07140891,0610,2010,15,2022,3334.66709147913,401260.482209826,-34168.058308652,1587874.20724939,403.587811469,715.0,3334.66709147913,403.587811469,401.260482209826,-34.168058308652,1587.8742072493899,1904.0,ENQUEST
MEARS GROUP PLC,GB03232863,8121,35278,10,2022,630.865,213825.0,28997.0,959613.0,230.866240652,4990.0,630.865,230.866240652,213.825,28.997,959.613,1995.0,MEARS
COATS GROUP PLC,GB00103548,2899,3456,17,2022,1565.13140935592,539111.867284498,-12180.9782494346,1335184.37097373,1057.750380395,16643.0,1565.13140935592,1057.750380395,539.111867284498,-12.1809782494346,1335.18437097373,1908.0,COATS
RENEW HOLDINGS PLC,GB00650447,4120,21970,6,2022,393.521,148678.0,37665.0,819931.0,449.517620058,3959.0,393.521,449.517620058,148.678,37.665,819.931,1959.0,RENEW
SENIOR PLC,GB00282772,2932,12406,16,2022,976.9,449400.0,20200.0,848400.0,525.111427864,6361.0,976.9,525.111427864,449.4,20.2,848.4,1932.0,SENIOR
DFS FURNITURE PLC,GB07236769,4759,1969,14,2022,1119.9,268900.0,31400.0,1158800.0,398.617348939,5048.0,1119.9,398.617348939,268.9,31.4,1158.8,1904.0,DFS FURNITURE
COSTAIN GROUP PLC,GB01393773,4211,28775,13,2022,482.2,211200.0,25900.0,1421400.0,108.314620048,3518.0,482.2,108.314620048,211.2,25.9,1421.4,1977.0,COSTAIN
SIGMAROC PLC,GB05204176,6619,2004,18,2022,966.928,469850.0,31238.0,537993.0,354.864963612,2045.0,966.928,354.864963612,469.85,31.238,537.993,1904.0,SIGMAROC
VICTORIA PLC,GB00282204,1393,12389,28,2022,1639.2,202600.0,-12400.0,1024800.0,1025.883545759,4913.0,1639.2,1025.883545759,202.6,-12.4,1024.8,1932.0,VICTORIA
MORGAN ADVANCED MATERIALS PLC,GB00286773,2059,12520,11,2022,1020.3,429600.0,88000.0,1113200.0,897.488606817,8550.0,1020.3,897.488606817,429.6,88.0,1113.2,1933.0,MORGAN ADVANCED MATERIALS
ICG PLC,GB02234775,6630,32225,16,2022,9052.5,2045200.0,278400.0,594300.0,3536.588014501,564.0,9052.5,3536.588014501,2045.2,278.4,594.3,1987.0,ICG
CLOSE BROTHERS GROUP PLC,GB00520241,6420,19513,18,2022,12678.3,1657500.0,165200.0,1008000.0,1629.429696221,3524.0,12678.3,1629.429696221,1657.5,165.2,1008.0,1952.0,CLOSE BROTHERS
HAYS PLC,GB02150950,7810,31986,21,2022,2077.4,796200.0,154200.0,1189400.0,1841.751812217,13234.0,2077.4,1841.751812217,796.2,154.2,1189.4,1986.0,HAYS
PLAYTECH PLC,GBIM008505V,5829,2002,10,2022,2671.27220039098,1503386.05507711,77423.0560992092,1481555.58149663,1559.355614116,6807.0,2671.27220039098,1559.355614116,1503.3860550771099,77.4230560992092,1481.55558149663,1904.0,PLAYTECH
MCBRIDE PLC,GB02798634,2041,34039,9,2022,466.1,57000.0,-24300.0,678300.0,26.972369692,2921.0,466.1,26.972369692,57.0,-24.3,678.3,1992.0,MCBRIDE
TBC BANK GROUP PLC,GB10029943,6420,42426,20,2022,8889.9612263968,1216403.17217435,307699.786851863,635053.198789752,1240.974764709,10267.0,8889.9612263968,1240.974764709,1216.40317217435,307.69978685186305,635.053198789752,2015.0,TBC BANK
VOLEX PLC,GB00158956,2434,7202,14,2022,383.452178436803,158851.14087835,23161.0296532462,468248.9745028,415.842999416,7125.0,383.452178436803,415.842999416,158.85114087835,23.161029653246203,468.24897450279997,1918.0,VOLEX
RATHBONES GROUP PLC,GB01000403,6630,25954,22,2022,3447.2,634834.0,48984.0,455875.0,1290.084957133,2170.0,3447.2,1290.084957133,634.834,48.984,455.875,1970.0,RATHBONES
MARSTON'S PLC,GB00031461,1105,14/05/1890,14,2022,2522.7,648100.0,137200.0,809200.0,226.010521141,12147.0,2522.7,226.010521141,648.1,137.2,809.2,1890.0,MARSTON S
HOCHSCHILD MINING PLC,GB05777693,2441,2006,16,2022,1174.41534539263,598869.923572676,2453.5970473861,612349.377530741,363.331029816,3700.0,1174.41534539263,363.331029816,598.869923572676,2.4535970473860997,612.3493775307411,1904.0,HOCHSCHILD MINING
LAND SECURITIES GROUP PLC,GB04369054,9499,1955,23,2022,10966.0,7072000.0,-619000.0,795000.0,4606.459073275,577.0,10966.0,4606.459073275,7072.0,-619.0,795.0,1904.0,LAND SECURITIES
HILL & SMITH PLC,GB00671474,2511,22189,14,2022,694.3,395000.0,56700.0,801100.0,937.806094127,3795.0,694.3,937.806094127,395.0,56.7,801.1,1959.0,HILL SMITH
THE RANK GROUP PLC,GB03140769,9329,35055,18,2022,856.7,425100.0,64900.0,735900.0,400.97569,7573.0,856.7,400.97569,425.1,64.9,735.9,1995.0,RANK
ROTORK PLC,GB00578327,2899,20863,17,2022,731.966,589907.0,93243.0,643218.0,2639.124955164,3234.0,731.966,2639.124955164,589.907,93.243,643.218,1956.0,ROTORK
HUNTING PLC,GB00974568,4950,25640,17,2022,869.489828376304,701193.455419831,-3811.73469029925,607391.636519423,549.250460476,2258.0,869.489828376304,549.250460476,701.193455419831,-3.8117346902992497,607.391636519423,1969.0,HUNTING
S4 CAPITAL PLC,GB10476913,7311,2016,55,2022,1933.0,850100.0,-160500.0,1069500.0,1074.339791892,8772.0,1933.0,1074.339791892,850.1,-160.5,1069.5,1904.0,S CAPITAL
DR. MARTENS PLC,GB12960219,4642,2020,12,2022,992.6,404200.0,128900.0,1000300.0,1424.095609784,2591.0,992.6,1424.095609784,404.2,128.9,1000.3,1904.0,DR MARTENS
FUTURE PLC,GB03757874,5819,36272,19,2022,1958.1,1060700.0,122200.0,825400.0,1595.298252949,2985.0,1958.1,1595.298252949,1060.7,122.2,825.4,1998.0,FUTURE
BODYCOTE PLC,GB00519057,2561,19476,11,2022,1167.7,782000.0,73700.0,752800.0,1088.428326865,4933.0,1167.7,1088.428326865,782.0,73.7,752.8,1952.0,BODYCOTE
RENISHAW PLC,GB01106260,2651,26758,19,2022,992.767,815170.0,120351.0,671076.0,2597.095236453,4931.0,992.767,2597.095236453,815.17,120.351,671.076,1972.0,RENISHAW
SEGRO PLC,GB00167591,6831,7445,18,2022,17348.0,11373000.0,-1927000.0,669000.0,9234.70584253,425.0,17348.0,9234.70584253,11373.0,-1927.0,669.0,1919.0,SEGRO
TULLOW OIL PLC,GB03919249,0910,36560,14,2022,4176.00394461567,-380759.150041849,40686.1246290637,1643852.01709036,531.502520723,376.0,4176.00394461567,531.502520723,-380.759150041849,40.6861246290637,1643.8520170903598,1999.0,TULLOW OIL
FERREXPO PLC,GB05432915,0710,2005,11,2022,1122.55918084503,1036000.48649417,182296.211563561,1042197.04127983,925.317166942,7978.0,1122.55918084503,925.317166942,1036.00048649417,182.296211563561,1042.19704127983,1904.0,FERREXPO
DOMINO'S PIZZA GROUP PLC,GB03853545,5610,36438,14,2022,520.7,-112800.0,81600.0,601300.0,1239.965487419,1710.0,520.7,1239.965487419,-112.8,81.6,601.3,1998.0,DOMINO S PIZZA
CVS GROUP PLC,GB06312831,7500,39276,14,2022,518.2,217400.0,25700.0,554200.0,1177.164167237,7913.0,518.2,1177.164167237,217.4,25.7,554.2,2006.0,CVS
RWS HOLDINGS PLC,GB03002645,7490,34684,22,2022,1476.3,1141700.0,62700.0,749200.0,1246.105343368,7980.0,1476.3,1246.105343368,1141.7,62.7,749.2,1994.0,RWS
SHAWBROOK GROUP PLC,GB07240248,6420,2010,95,2022,13938.7,1139800.0,174700.0,484900.0,,1129.0,13938.7,,1139.8,174.7,484.9,1904.0,SHAWBROOK
GENUS PLC,GB02972325,7211,34603,15,2022,1017.9,572100.0,40900.0,593400.0,1649.513250262,3265.0,1017.9,1649.513250262,572.1,40.9,593.4,1993.0,GENUS
F&C INVESTMENT TRUST PLC,GB00012901,6430,1868,11,2022,5238.854,4649825.0,-491377.0,-476054.0,4686.443158464,,5238.854,4686.443158464,4649.825,-491.377,-476.054,1904.0,F C INVESTMENT TRUST
SAGA PLC,GB08804263,7010,41613,15,2022,1977.7,369500.0,-259200.0,581100.0,261.448340825,4519.0,1977.7,261.448340825,369.5,-259.2,581.1,2013.0,SAGA
OSB GROUP PLC,GB11976839,6419,43587,23,2022,27566.7,2201000.0,410000.0,775400.0,2062.509602077,1896.0,27566.7,2062.509602077,2201.0,410.0,775.4,2018.0,OSB
NINETY ONE PLC,GB12245293,6619,2019,11,2022,10812.4,349900.0,163800.0,632000.0,1153.100798756,1208.0,10812.4,1153.100798756,349.9,163.8,632.0,1904.0,NINETY ONE
GAMMA COMMUNICATIONS PLC,GB08943488,6190,41715,20,2022,406.8,299700.0,49300.0,484600.0,1047.887767265,1707.0,406.8,1047.887767265,299.7,49.3,484.6,2013.0,GAMMA COMMUNICATIONS
NEXT 15 GROUP PLC,GB01579589,7320,29810,13,2022,594.426,114400.0,1623.0,720500.0,987.009423692,3979.0,594.426,987.009423692,114.4,1.623,720.5,1980.0,NEXT
HELIOS TOWERS PLC,GB12134855,6190,43678,29,2022,1772.53949478677,40851.8522242941,-142111.41291007,464617.313228432,1114.58048898,548.0,1772.53949478677,1114.58048898,40.851852224294106,-142.11141291007002,464.61731322843195,2018.0,HELIOS TOWERS
MARSHALLS PLC,GB05100353,2361,38090,12,2022,1208.866,661069.0,26791.0,721404.0,691.110593363,3112.0,1208.866,691.110593363,661.069,26.791,721.404,2003.0,MARSHALLS
CLARKSON PLC,GB01190238,5222,27345,14,2022,832.3,413200.0,75600.0,603800.0,990.625211774,1783.0,832.3,990.625211774,413.2,75.6,603.8,1973.0,CLARKSON
BRIDGEPOINT GROUP PLC,GB11443992,6430,43283,29,2022,1787.8,772700.0,120600.0,321000.0,1569.150298161,377.0,1787.8,1569.150298161,772.7,120.6,321.0,2017.0,BRIDGEPOINT
AUTO TRADER GROUP PLC,GB09439967,4511,42048,29,2022,662.7,527300.0,233900.0,500200.0,5661.048987339,1160.0,662.7,5661.048987339,527.3,233.9,500.2,2014.0,AUTO TRADER
GENUIT GROUP PLC,GB06059130,2223,39101,13,2022,1028.2,627100.0,36500.0,622200.0,700.167326062,3640.0,1028.2,700.167326062,627.1,36.5,622.2,2006.0,GENUIT
CREST NICHOLSON HOLDINGS PLC,GB06800600,2892,39836,19,2022,1579.2,883100.0,26400.0,913600.0,518.97948388,727.0,1579.2,518.97948388,883.1,26.4,913.6,2008.0,CREST NICHOLSON
CARD FACTORY PLC,GB09002747,1812,41746,7,2022,537.2,268200.0,44200.0,463400.0,325.504281415,9849.0,537.2,325.504281415,268.2,44.2,463.4,2013.0,CARD FACTORY
IG GROUP HOLDINGS PLC,GB04677092,6612,2003,13,2022,3126.1,2027800.0,503900.0,998500.0,3087.915316073,2419.0,3126.1,3087.915316073,2027.8,503.9,998.5,1904.0,IG
METRO BANK HOLDINGS,GB14387040,6420,44833,23,2022,,,,,,,,,,,,2021.0,METRO BANK
PZ CUSSONS PLC,GB00019457,2041,20/02/1884,18,2022,941.9,448900.0,47900.0,592800.0,868.168084886,2852.0,941.9,868.168084886,448.9,47.9,592.8,1884.0,PZ CUSSONS
JOHNSON SERVICE GROUP PLC,GB00523335,9601,19606,11,2022,433.5,284600.0,29000.0,386400.0,425.424363441,5691.0,433.5,425.424363441,284.6,29.0,386.4,1952.0,JOHNSON SERVICE
PARAGON BANKING GROUP PLC,GB02336032,6420,32525,42,2022,16653.6,1417300.0,313600.0,604900.0,938.712415656,1503.0,16653.6,938.712415656,1417.3,313.6,604.9,1988.0,PARAGON BANKING
REACH PLC,GB00082548,1811,1777,11,2022,1259.0,637500.0,52300.0,601400.0,301.534379047,4305.0,1259.0,301.534379047,637.5,52.3,601.4,1903.0,REACH
THE BRITISH LAND COMPANY PLC,GB00621920,6831,21607,17,2022,8290.0,5525000.0,-1038000.0,418000.0,3595.172348872,647.0,8290.0,3595.172348872,5525.0,-1038.0,418.0,1958.0,BRITISH LAND
CHEMRING GROUP PLC,GB00086662,2611,2161,13,2022,620.1,418100.0,47400.0,442800.0,856.296055432,2300.0,620.1,856.296055432,418.1,47.4,442.8,1904.0,CHEMRING
RIT CAPITAL PARTNERS PLC,GB02129188,6430,31904,33,2022,4171.5,3721700.0,-577200.0,-533600.0,3318.3617925,59.0,4171.5,3318.3617925,3721.7,-577.2,-533.6,1986.0,RIT CAPITAL PARTNERS
YOUNG & CO'S BREWERY PLC,GB00032762,1105,1890,23,2022,,,,,,,,,,,,1904.0,YOUNG S BREWERY
ELEMENTIS PLC,GB03299608,2059,35437,22,2022,1348.19398719932,649569.309505561,-42343.4005813677,763507.031226462,703.157478336,1492.0,1348.19398719932,703.157478336,649.569309505561,-42.343400581367696,763.507031226462,1996.0,ELEMENTIS
PPHE HOTEL GROUP LIMITED,GBGG47131,5510,39247,14,2022,1860.217,503245.0,10159.0,342727.0,534.723452989,,1860.217,534.723452989,503.245,10.159,342.727,2006.0,PPHE HOTEL
VANQUIS BANKING GROUP PLC,GB00668987,6492,22159,13,2022,2663.3,614700.0,77400.0,474500.0,485.342059255,2207.0,2663.3,485.342059255,614.7,77.4,474.5,1959.0,VANQUIS BANKING
LONDONMETRIC PROPERTY PLC,GB07124797,6831,40191,22,2022,3078.0,1995200.0,-506300.0,146700.0,1725.526875549,34.0,3078.0,1725.526875549,1995.2,-506.3,146.7,2009.0,LONDONMETRIC PROPERTY
TRAINLINE PLC,GB11961132,5229,43579,16,2022,653.171,290644.0,21217.0,327147.0,1229.100021366,912.0,653.171,1229.100021366,290.644,21.217,327.147,2018.0,TRAINLINE
SERICA ENERGY PLC,GB05450950,0610,38484,14,2022,714.602475149923,338684.228164754,147328.517607923,673204.550499345,777.917084169,,714.602475149923,777.917084169,338.684228164754,147.32851760792298,673.2045504993449,2004.0,SERICA ENERGY
BARR (A.G.) PLC,GBSC005653,1107,1643,13,2022,377.5,268800.0,33900.0,318900.0,616.1587905,1014.0,377.5,616.1587905,268.8,33.9,318.9,1903.0,BARR A G
OXFORD INSTRUMENTS PLC,GB00775598,2651,23284,9,2022,572.0,344000.0,58600.0,444700.0,1445.698281369,2027.0,572.0,1445.698281369,344.0,58.6,444.7,1962.0,OXFORD INSTRUMENTS
ROSEBANK INDUSTRIES PLC,GB685348EX,7022,2024,6,2022,,,,,,,,,,,,1904.0,ROSEBANK INDUSTRIES
DISCOVERIE GROUP PLC,GB02008246,2611,31511,17,2022,585.7,303600.0,21300.0,448900.0,742.905604066,4697.0,585.7,742.905604066,303.6,21.3,448.9,1985.0,DISCOVERIE
JUPITER FUND MANAGEMENT PLC,GB06150195,6430,2007,11,2022,1242.0,843900.0,47900.0,397300.0,725.602348013,572.0,1242.0,725.602348013,843.9,47.9,397.3,1904.0,JUPITER FUND MANAGEMENT
PAN AFRICAN RESOURCES PLC,GB03937466,2441,36581,16,2022,377.481191035115,243297.533559249,61897.7585047736,315175.471532618,461.24386527,2198.0,377.481191035115,461.24386527,243.297533559249,61.8977585047736,315.17547153261796,1999.0,PAN AFRICAN RESOURCES
DAR GLOBAL PLC,GB14388348,6831,2022,21,2022,,,,,,,,,,,,1904.0,DAR GLOBAL
VOLUTION GROUP PLC,GB09041571,7739,41774,20,2022,411.366,208308.0,35610.0,307701.0,791.23024,1898.0,411.366,791.23024,208.308,35.61,307.701,2013.0,VOLUTION
TRITAX BIG BOX REIT PLC,GB08215888,6831,2012,31,2022,5155.1,3350000.0,-599400.0,225400.0,2590.19428042,,5155.1,2590.19428042,3350.0,-599.4,225.4,1904.0,TRITAX BIG BOX REIT
CMC MARKETS PLC,GB05145017,6612,38141,9,2022,586.422,374015.0,41439.0,321778.0,491.91558849,1087.0,586.422,491.91558849,374.015,41.439,321.778,2003.0,CMC MARKETS
SPEEDY HIRE PLC,GB00927680,7739,24890,11,2022,476.4,184600.0,1200.0,440600.0,155.408278993,3375.0,476.4,155.408278993,184.6,1.2,440.6,1967.0,SPEEDY HIRE
FISHER (JAMES) & SONS PLC,GB00211475,5222,9530,9,2022,609.0,218300.0,-11100.0,520900.0,196.794500253,2647.0,609.0,196.794500253,218.3,-11.1,520.9,1925.0,FISHER JAMES SONS
FULLER SMITH & TURNER PLC,GB00241882,1105,10827,13,2022,,,,,,,,,,,,1928.0,FULLER SMITH TURNER
YOUGOV PLC,GB03607311,7220,1998,11,2022,240.0,125000.0,17100.0,221100.0,1201.12068078,1660.0,240.0,1201.12068078,125.0,17.1,221.1,1904.0,YOUGOV
IBSTOCK PLC,GB09760850,2361,42250,15,2022,762.782,416209.0,86908.0,515516.0,608.116503335,2265.0,762.782,608.116503335,416.209,86.908,515.516,2014.0,IBSTOCK
MURRAY INTERNATIONAL TRUST PLC,GBSC006705,6430,2558,11,2022,1819.452,1616750.0,134721.0,143787.0,1667.67198189,,1819.452,1667.67198189,1616.75,134.721,143.787,1906.0,MURRAY TRUST
UNITE GROUP PLC,GB03199160,5590,35200,25,2022,5398.5,3818500.0,355100.0,259300.0,3642.547570295,1775.0,5398.5,3642.547570295,3818.5,355.1,259.3,1995.0,UNITE
RESTORE PLC,GB05169780,7490,38170,13,2022,620.6,273200.0,16800.0,279000.0,451.849414571,2870.0,620.6,451.849414571,273.2,16.8,279.0,2003.0,RESTORE
PAYPOINT PLC,GB03581541,8291,35961,22,2022,479.989,111714.0,34710.0,167723.0,313.890702944,705.0,479.989,313.890702944,111.714,34.71,167.723,1997.0,PAYPOINT
HENRY BOOT PLC,GB00160996,4120,7270,19,2022,578.305,394289.0,33319.0,341419.0,313.664404271,477.0,578.305,313.664404271,394.289,33.319,341.419,1918.0,HENRY BOOT
GLOBALDATA PLC,GB03925319,5819,36565,11,2022,511.6,48300.0,30500.0,243300.0,1390.070457224,3652.0,511.6,1390.070457224,48.3,30.5,243.3,1999.0,GLOBALDATA
JADESTONE ENERGY PLC,GB13152520,0610,44218,22,2022,673.558378915162,90759.8888899535,7654.12898571612,371572.040800251,342.990545781,369.0,673.558378915162,342.990545781,90.75988888995349,7.65412898571612,371.572040800251,2020.0,JADESTONE ENERGY
SIRIUS REAL ESTATE LIMITED,GBGG46442,9499,39133,12,2022,2099.07577040269,1052393.83038233,69948.6881249443,237351.013348586,901.887629397,421.0,2099.07577040269,901.887629397,1052.3938303823302,69.9486881249443,237.351013348586,2006.0,SIRIUS REAL ESTATE
VICTREX PLC,GB02793780,2221,34025,12,2022,641.6,490600.0,76200.0,341000.0,1452.817050672,1004.0,641.6,1452.817050672,490.6,76.2,341.0,1992.0,VICTREX
GB GROUP PLC,GB02415211,5829,32741,15,2022,955.12,694144.0,-119794.0,278810.0,757.31088,1280.0,955.12,757.31088,694.144,-119.794,278.81,1988.0,GB
SAVANNAH ENERGY PLC,GB09115262,0910,2014,12,2022,1458.79478379026,202244.842201445,-50436.7076944444,176083.91265635,343.844362604,556.0,1458.79478379026,343.844362604,202.24484220144498,-50.4367076944444,176.08391265635,1904.0,SAVANNAH ENERGY
HAMMERSON PLC,GB00360632,6831,14718,15,2022,4536.4,2586400.0,-164200.0,125900.0,1188.708635758,320.0,4536.4,1188.708635758,2586.4,-164.2,125.9,1939.0,HAMMERSON
DERWENT LONDON PLC,GB01819699,6831,30827,30,2022,5509.4,4075500.0,-280500.0,194600.0,2659.043312988,184.0,5509.4,2659.043312988,4075.5,-280.5,194.6,1983.0,DERWENT LONDON
THE GYM GROUP PLC,GB08528493,9313,41408,16,2022,595.6,134000.0,-19300.0,173700.0,194.403121333,2035.0,595.6,194.403121333,134.0,-19.3,173.7,2012.0,GYM
SHAFTESBURY CAPITAL PLC,GB07145051,6831,2010,12,2022,2351.2,1561600.0,-211800.0,74100.0,906.607108985,67.0,2351.2,906.607108985,1561.6,-211.8,74.1,1904.0,SHAFTESBURY CAPITAL
ALLIANCE TRUST PLC,GBSC001731,6430,01/01/1888,38,2022,3111.058,2895019.0,-242645.0,-229394.0,,,3111.058,,2895.019,-242.645,-229.394,1888.0,ALLIANCE TRUST
PRIMARY HEALTH PROPERTIES PLC,GB03033634,6831,34774,20,2022,2864.5,1482200.0,56300.0,154100.0,1480.83516842,,2864.5,1480.83516842,1482.2,56.3,154.1,1994.0,PRIMARY HEALTH PROPERTIES
SAFESTORE HOLDINGS PLC,GB04726380,5210,37719,11,2022,2707.5,1793400.0,462900.0,212500.0,1914.764903057,727.0,2707.5,1914.764903057,1793.4,462.9,212.5,2002.0,SAFESTORE
OXFORD NANOPORE TECHNOLOGIES PLC,GB05386273,7211,2005,33,2022,823.89,693556.0,-91025.0,198603.0,2035.031233826,1019.0,823.89,2035.031233826,693.556,-91.025,198.603,1904.0,OXFORD NANOPORE TECHNOLOGIES
SABRE INSURANCE GROUP PLC,GB10974661,6511,2017,9,2022,549.82,228988.0,11078.0,181476.0,266.000002623,,549.82,266.000002623,228.988,11.078,181.476,1904.0,SABRE INSURANCE
BANKERS INVESTMENT TRUST PLC,GB00026351,6430,,45,2022,1504.097,1360666.0,-179171.0,-175269.0,1250.826214366,,1504.097,1250.826214366,1360.666,-179.171,-175.269,,BANKERS INVESTMENT TRUST
3I INFRASTRUCTURE PLC,GBJE95682,6430,2007,8,2022,3707.0,3101000.0,394000.0,18000.0,2790.188553317,,3707.0,2790.188553317,3101.0,394.0,18.0,1904.0,I INFRASTRUCTURE
SECURE TRUST BANK PLC,GB00541132,6419,20054,140,2022,3379.8,326400.0,33700.0,170400.0,140.185755,940.0,3379.8,140.185755,326.4,33.7,170.4,1953.0,SECURE TRUST BANK
GLOBALWORTH REAL ESTATE INVESTMENTS LIMITED,GBGG56250,6831,2013,12,2022,2977.48480638756,1464823.00960085,-14233.1152445396,211919.101326346,812.760235436001,,2977.48480638756,812.760235436001,1464.8230096008501,-14.2331152445396,211.91910132634598,1904.0,GLOBALWORTH REAL ESTATE INVESTMENTS
BIG YELLOW GROUP PLC,GB03625199,5210,36033,12,2022,2751.987,2182446.0,73332.0,191014.0,2154.069147049,515.0,2751.987,2154.069147049,2182.446,73.332,191.014,1997.0,BIG YELLOW
ASA INTERNATIONAL GROUP PLC,GB11361159,6420,43234,20,2022,405.827106096399,74296.5095797654,14821.847479431,121353.202969486,93.000000715,13602.0,405.827106096399,93.000000715,74.29650957976541,14.821847479431,121.35320296948599,2017.0,ASA
AUCTION TECHNOLOGY GROUP PLC,GB13141124,5829,2020,26,2022,806.955,539323.0,-6127.0,120564.0,858.140150687,342.0,806.955,858.140150687,539.323,-6.127,120.564,1904.0,AUCTION TECHNOLOGY
CHESNARA PLC,GB04947166,7010,37923,72,2022,11353.352,333117.0,-98333.0,-1072626.0,426.24301268,414.0,11353.352,426.24301268,333.117,-98.333,-1072.626,2002.0,CHESNARA
WORKSPACE GROUP PLC,GB02041612,6831,31622,19,2022,2839.1,1787700.0,-37800.0,174200.0,837.076349224,291.0,2839.1,837.076349224,1787.7,-37.8,174.2,1985.0,WORKSPACE
EDINBURGH WORLDWIDE INVESTMENT TRUST PLC,GBSC184775,6430,36045,13,2022,888.817,775566.0,-542181.0,-541171.0,677.083977382,,888.817,677.083977382,775.566,-542.181,-541.171,1997.0,EDINBURGH WORLDWIDE INVESTMENT TRUST
ARBUTHNOT BANKING GROUP PLC,GB01954085,6420,31355,18,2022,3614.047,211978.0,16458.0,139015.0,126.556908,718.0,3614.047,126.556908,211.978,16.458,139.015,1984.0,ARBUTHNOT BANKING
HICL INFRASTRUCTURE PLC,GB11738373,6619,2006,18,2022,3351.1,3350000.0,198400.0,0.0,3148.806397681,,3351.1,3148.806397681,3350.0,198.4,0.0,1904.0,HICL INFRASTRUCTURE
KISTOS HOLDINGS PLC,GB14490676,0610,44882,8,2022,613.684,102712.0,25961.0,411523.0,360.457274147,24.0,613.684,360.457274147,102.712,25.961,411.523,2021.0,KISTOS
FUNDING CIRCLE HOLDINGS PLC,GB07123934,6201,40191,18,2022,384.0,284000.0,-6900.0,134300.0,198.716732957,893.0,384.0,198.716732957,284.0,-6.9,134.3,2009.0,FUNDING CIRCLE
ASHMORE GROUP PLC,GB03675683,6619,36129,8,2022,1098.2,966800.0,88500.0,254400.0,1580.859057051,309.0,1098.2,1580.859057051,966.8,88.5,254.4,1997.0,ASHMORE
PEEL HUNT LIMITED,GBGG65579,6420,43230,12,2022,594.01,93146.0,-1322.0,82517.0,130.175503073,310.0,594.01,130.175503073,93.146,-1.322,82.517,2017.0,PEEL HUNT
GULF MARINE SERVICES PLC,GB08860816,3011,41663,14,2022,545.922442810491,238294.737353938,20986.0853840258,110395.294372852,47.263279184,594.0,545.922442810491,47.263279184,238.294737353938,20.9860853840258,110.395294372852,2013.0,GULF MARINE SERVICES
CLS HOLDINGS PLC,GB02714781,6831,33738,28,2022,2501.4,1220800.0,-81900.0,139700.0,646.944490968,109.0,2501.4,646.944490968,1220.8,-81.9,139.7,1991.0,CLS
GRAINGER PLC,GB00125575,9499,1912,12,2022,3579.1,1966800.0,229400.0,90700.0,1700.806939132,328.0,3579.1,1700.806939132,1966.8,229.4,90.7,1904.0,GRAINGER
HARWORTH GROUP PLC,GB02649340,7010,33508,14,2022,779.482,602664.0,27838.0,166685.0,,107.0,779.482,,602.664,27.838,166.685,1990.0,HARWORTH
NEWRIVER REIT PLC,GB10221027,9499,2009,14,2022,781.5,378600.0,-16800.0,73600.0,244.938395186,51.0,781.5,244.938395186,378.6,-16.8,73.6,1904.0,NEWRIVER REIT
ON THE BEACH GROUP PLC,GB09736592,7911,42233,14,2022,346.9,156800.0,1600.0,144100.0,167.588240071,715.0,346.9,167.588240071,156.8,1.6,144.1,2014.0,ON BEACH
SUPERMARKET INCOME REIT PLC,GB10799126,9499,2017,11,2022,1808.038,1432455.0,110303.0,74449.0,1481.642826934,,1808.038,1481.642826934,1432.455,110.303,74.449,1904.0,SUPERMARKET INCOME REIT
IP GROUP PLC,GB04204490,6619,2001,33,2022,1557.8,1376100.0,-344500.0,7100.0,577.019909093,99.0,1557.8,577.019909093,1376.1,-344.5,7.1,1904.0,IP
GREAT PORTLAND ESTATES PLC,GB00596137,6831,21184,33,2022,2505.6,1918600.0,-163900.0,91300.0,1287.110352349,145.0,2505.6,1287.110352349,1918.6,-163.9,91.3,1957.0,GREAT PORTLAND ESTATES
S & U PLC,GB00342025,6491,1938,12,2022,428.174,224885.0,33718.0,102714.0,250.305660635,224.0,428.174,250.305660635,224.885,33.718,102.714,1904.0,S U
BIOPHARMA CREDIT PLC,GB10443190,6619,2016,12,2022,1130.27545767896,1108264.34711843,151069.818070249,174906.418092238,1023.682598708,,1130.27545767896,1023.682598708,1108.2643471184301,151.069818070249,174.906418092238,1904.0,BIOPHARMA CREDIT
AVATION PLC,GB05872328,7739,38909,14,2022,1005.05403532233,187540.661651784,14143.1984757278,126918.81355487,52.116093,19.0,1005.05403532233,52.116093,187.540661651784,14.1431984757278,126.91881355487,2005.0,AVATION
REGIONAL REIT LIMITED,GBGG60527,9499,2015,7,2022,906.055,402942.0,-65163.0,93318.0,304.284564296,,906.055,304.284564296,402.942,-65.163,93.318,1904.0,REGIONAL REIT
TARGET HEALTHCARE REIT PLC,GB11990238,6619,2019,14,2022,963.658,698767.0,49097.0,63859.0,672.33727774,,963.658,672.33727774,698.767,49.097,63.859,1904.0,TARGET HEALTHCARE REIT
THE LAW DEBENTURE CORPORATION PLC,GB00030397,6430,1889,13,2022,1004.132,799067.0,-86347.0,54454.0,988.206271379,253.0,1004.132,988.206271379,799.067,-86.347,54.454,1904.0,LAW DEBENTURE CORPORATION
POLLEN STREET GROUP LIMITED,GBGG70165,9499,2021,6,2022,,,,,,,,,,,,1904.0,POLLEN STREET
CUSTODIAN PROPERTY INCOME REIT PLC,GB08863271,9499,2014,15,2022,625.328,437569.0,-65821.0,44147.0,393.238537358,,625.328,393.238537358,437.569,-65.821,44.147,1904.0,CUSTODIAN PROPERTY INCOME REIT
PICTON PROPERTY INCOME LIMITED,GBGG43673,9499,38610,16,2022,792.556,547624.0,-89530.0,51816.0,379.490688212,10.0,792.556,379.490688212,547.624,-89.53,51.816,2004.0,PICTON PROPERTY INCOME
SYNCONA LIMITED,GBGG55514,9499,2012,38,2022,1268.412,1254655.0,-56018.0,27495.0,994.750664587,,1268.412,994.750664587,1254.655,-56.018,27.495,1904.0,SYNCONA
GRIT REAL ESTATE INCOME GROUP LIMITED,GBGG68739,9499,44234,34,2022,773.984595879054,305042.513147871,8624.16335875428,41990.2528142507,168.331397031,124.0,773.984595879054,168.331397031,305.04251314787103,8.62416335875428,41.9902528142507,2020.0,GRIT REAL ESTATE INCOME
MALIBU LIFE HOLDINGS LIMITED,GBGG47161,6430,2007,11,2022,686.707206320742,560857.813692655,-210194.794944647,824.49478627125,459.194393278,,686.707206320742,459.194393278,560.857813692655,-210.19479494464701,0.82449478627125,1904.0,MALIBU LIFE
FIDELITY CHINA SPECIAL SITUATIONS PLC,GB07133583,6430,2010,20,2022,1460.772,1338421.0,23289.0,14971.0,1208.60588273,,1460.772,1208.60588273,1338.421,23.289,14.971,1904.0,FIDELITY CHINA SPECIAL SITUATIONS
TR PROPERTY INVESTMENT TRUST PLC,GB00084492,6430,1905,13,2022,1050.933,968346.0,-547266.0,16236.0,885.409222094,,1050.933,885.409222094,968.346,-547.266,16.236,1904.0,TR PROPERTY INVESTMENT TRUST
PACIFIC HORIZON INVESTMENT TRUST PLC,GB02342193,6430,,12,2022,615.186,610550.0,-108184.0,-111027.0,586.991528525,,615.186,586.991528525,610.55,-108.184,-111.027,,PACIFIC HORIZON INVESTMENT TRUST
LIVING REIT PLC,GB10814022,9499,2017,23,2022,705.013,439285.0,24902.0,37410.0,246.909648431,,705.013,246.909648431,439.285,24.902,37.41,1904.0,LIVING REIT
JPMORGAN JAPANESE INVESTMENT TRUST PLC,GB00223583,6430,1927,29,2022,850.924,730374.0,-404073.0,,678.368695673,,850.924,678.368695673,730.374,-404.073,,1904.0,JPMORGAN JAPANESE INVESTMENT TRUST
HELICAL PLC,GB00156663,6831,7006,29,2022,872.856,608675.0,-64511.0,49848.0,370.065574194,26.0,872.856,370.065574194,608.675,-64.511,49.848,1918.0,HELICAL
FIDELITY EMERGING MARKETS LIMITED,GBGG20790,6430,1989,12,2022,680.976920885951,657990.713576981,-410836.544674882,19214.6326599766,577.301108511,,680.976920885951,577.301108511,657.990713576981,-410.836544674882,19.2146326599766,1904.0,FIDELITY EMERGING MARKETS
CAB PAYMENTS HOLDINGS PLC,GB09659405,6420,2015,20,2022,1485.436,115958.0,31001.0,22743.0,,254.0,1485.436,,115.958,31.001,22.743,1904.0,CAB PAYMENTS
LENDINVEST PLC,GB08146929,6492,2012,12,2022,1262.8,76500.0,17200.0,13700.0,124.542938101,275.0,1262.8,124.542938101,76.5,17.2,13.7,1904.0,LENDINVEST
PANTHEON INFRASTRUCTURE PLC,GB13611678,9499,2021,16,2022,486.018,474761.0,8028.0,-6424.0,449.279994965,,486.018,449.279994965,474.761,8.028,-6.424,1904.0,PANTHEON INFRASTRUCTURE
FIDELITY EUROPEAN TRUST PLC,GB02638812,9499,1991,11,2022,1391.813,1380995.0,-56967.0,1208.0,1305.893993699,,1391.813,1305.893993699,1380.995,-56.967,1.208,1904.0,FIDELITY EUROPEAN TRUST
GREENCOAT UK WIND PLC,GB08318092,6619,2012,9,2022,4981.582,3873228.0,953863.0,1878.0,3523.496739066,,4981.582,3523.496739066,3873.228,953.863,1.878,1904.0,GREENCOAT UK WIND
PANTHEON INTERNATIONAL PLC,GB02147984,6430,1987,17,2022,2472.189,2427464.0,572597.0,732.0,1588.293665192,,2472.189,1588.293665192,2427.464,572.597,0.732,1904.0,PANTHEON
NEXTENERGY SOLAR FUND LIMITED,GBGG57739,6619,2008,22,2022,875.23,674420.0,48316.0,66677.0,618.586368741,,875.23,618.586368741,674.42,48.316,66.677,1904.0,NEXTENERGY SOLAR FUND
PHOENIX SPREE DEUTSCHLAND LIMITED,GBJE97031,9499,2007,5,2022,720.611559344025,368016.709500067,-13641.8364256997,23233.103603652,226.813589237,,720.611559344025,226.813589237,368.016709500067,-13.6418364256997,23.233103603652,1904.0,PHOENIX SPREE DEUTSCHLAND
BLACKROCK WORLD MINING TRUST PLC,GB02868209,6430,1993,54,2022,1466.383,1299285.0,202420.0,16915.0,1315.608621318,,1466.383,1315.608621318,1299.285,202.42,16.915,1904.0,BLACKROCK WORLD MINING TRUST
MOLTEN VENTURES PLC,GB09799594,6619,2006,16,2022,1315.8,1194100.0,-243400.0,22700.0,418.607607146,58.0,1315.8,418.607607146,1194.1,-243.4,22.7,1904.0,MOLTEN VENTURES
BRUNNER INVESTMENT TRUST (THE) PLC,GB00226323,6430,1927,10,2022,533.495,497097.0,3623.0,12653.0,435.465807257,,533.495,435.465807257,497.097,3.623,12.653,1904.0,BRUNNER INVESTMENT TRUST
OCTOPUS TITAN VCT PLC,GB06397765,6619,2007,19,2022,1077.187,1051760.0,-319215.0,864.0,1176.493507885,,1077.187,1176.493507885,1051.76,-319.215,0.864,1904.0,OCTOPUS TITAN VCT
ALLIANZ TECHNOLOGY TRUST PLC,GB03117355,6430,1995,23,2022,941.47,938948.0,-494161.0,6179.0,853.624169034,1710.0,941.47,853.624169034,938.948,-494.161,6.179,1904.0,ALLIANZ TECHNOLOGY TRUST
PATRIA PRIVATE EQUITY TRUST PLC,GBSC216638,6619,36959,18,2022,1223.777,1158052.0,143611.0,9297.0,630.359790738,,1223.777,630.359790738,1158.052,143.611,9.297,2000.0,PATRIA PRIVATE EQUITY TRUST
THE NORTH AMERICAN INCOME TRUST PLC,GBSC005218,6430,1902,10,2022,516.314,472891.0,41818.0,7289.0,429.118323916,,516.314,429.118323916,472.891,41.818,7.289,1904.0,NORTH AMERICAN INCOME TRUST
THE SCOTTISH AMERICAN INVESTMENT COMPANY PLC,GBSC000489,6430,1873,11,2022,943.984,846674.0,-65581.0,4506.0,897.894776955,,943.984,897.894776955,846.674,-65.581,4.506,1904.0,SCOTTISH AMERICAN INVESTMENT
CT PRIVATE EQUITY TRUST PLC,GBSC179412,6430,1997,23,2022,563.406,517675.0,66320.0,4550.0,308.134089129,,563.406,308.134089129,517.675,66.32,4.55,1904.0,CT PRIVATE EQUITY TRUST
PERSONAL ASSETS TRUST PLC,GBSC074582,6430,1981,11,2022,1845.331,1814360.0,106024.0,3197.0,1855.098608518,,1845.331,1855.098608518,1814.36,106.024,3.197,1904.0,PERSONAL ASSETS TRUST
MANX FINANCIAL GROUP PLC,GBIM004908V,6491,1935,8,2022,379.261,29770.0,4674.0,3290.0,25.316050618,168.0,379.261,25.316050618,29.77,4.674,3.29,1904.0,MANX FINANCIAL
MURRAY INCOME TRUST PLC,GBSC012725,9499,1923,11,2022,1127.985,1009255.0,-41101.0,2821.0,970.864691429,,1127.985,970.864691429,1009.255,-41.101,2.821,1904.0,MURRAY INCOME TRUST
CHRYSALIS INVESTMENTS LIMITED,GBGG65432,6619,2018,9,2022,884.935,879582.0,-601292.0,,367.207795789,,884.935,367.207795789,879.582,-601.292,,1904.0,CHRYSALIS INVESTMENTS
CALEDONIA INVESTMENTS PLC,GB00235481,6430,1928,37,2022,3095.4,2798000.0,142900.0,2200.0,1853.098199144,69.0,3095.4,1853.098199144,2798.0,142.9,2.2,1904.0,CALEDONIA INVESTMENTS
FIDELITY SPECIAL VALUES PLC,GB02972628,6430,1994,18,2022,935.28,922599.0,-43431.0,0.0,844.277692782,,935.28,844.277692782,922.599,-43.431,0.0,1904.0,FIDELITY SPECIAL VALUES
SCHRODER ASIAN TOTAL RETURN INVESTMENT COMPANY PLC,GB02153093,6430,1987,24,2022,504.983,457474.0,-70986.0,,431.0527942,,504.983,431.0527942,457.474,-70.986,,1904.0,SCHRODER ASIAN TOTAL RETURN INVESTMENT
DISTRIBUTION FINANCE CAPITAL HOLDINGS PLC,GB11911574,8411,2019,19,2022,582.496,96239.0,9761.0,1353.0,60.088683162,103.0,582.496,60.088683162,96.239,9.761,1.353,1904.0,DISTRIBUTION FINANCE CAPITAL
RTW BIOTECH OPPORTUNITIES LTD.,GBGG66847,9499,2017,49,2022,332.731292944078,288303.039214712,-4384.32353182029,993.53693340626,205.805083533,,332.731292944078,205.805083533,288.303039214712,-4.384323531820289,0.99353693340626,1904.0,RTW BIOTECH OPPORTUNITIES
ABERFORTH SMALLER COMPANIES TRUST PLC,GBSC126524,6430,1990,13,2022,1326.074,1250870.0,-154815.0,209.0,1128.255700889,,1326.074,1128.255700889,1250.87,-154.815,0.209,1904.0,ABERFORTH SMALLER COMPANIES TRUST
CORDIANT DIGITAL INFRASTRUCTURE LIMITED,GBGG68630,9499,2021,32,2022,897.493,875711.0,81176.0,0.0,628.050409841,,897.493,628.050409841,875.711,81.176,0.0,1904.0,CORDIANT DIGITAL INFRASTRUCTURE
JPMORGAN CLAVERHOUSE INVESTMENT TRUST PLC,GB00754577,6430,1963,15,2022,456.206,415800.0,-35248.0,107.0,421.019571,,456.206,421.019571,415.8,-35.248,0.107,1904.0,JPMORGAN CLAVERHOUSE INVESTMENT TRUST
BLACKROCK SMALLER COMPANIES TRUST PLC,GBSC006176,6430,1906,14,2022,836.579,758529.0,-140726.0,,673.851127272,,836.579,673.851127272,758.529,-140.726,,1904.0,BLACKROCK SMALLER COMPANIES TRUST
JPMORGAN EUROPEAN DISCOVERY TRUST PLC,GB02431143,6430,1989,27,2022,902.682,785062.0,-33852.0,113.0,666.118961134,,902.682,666.118961134,785.062,-33.852,0.113,1904.0,JPMORGAN EUROPEAN DISCOVERY TRUST
INTERNATIONAL PUBLIC PARTNERSHIPS LIMITED,GBGG45241,6430,2006,8,2022,3084.884,3039839.0,326897.0,16.0,2897.444650084,,3084.884,2897.444650084,3039.839,326.897,0.016,1904.0,PUBLIC PARTNERSHIPS
GRESHAM HOUSE ENERGY STORAGE FUND PLC,GB11535957,9499,2018,197,2022,842.316,841746.0,217137.0,747.0,874.183925257,,842.316,874.183925257,841.746,217.137,0.747,1904.0,GRESHAM HOUSE ENERGY STORAGE FUND
BLACKROCK THROGMORTON TRUST PLC,GB00594634,6430,1969,6,2022,643.669,633357.0,-295888.0,1526.0,601.895221505,,643.669,601.895221505,633.357,-295.888,1.526,1904.0,BLACKROCK THROGMORTON TRUST
NORTH ATLANTIC SMALLER COMPANIES INVESTMENT TRUST PLC,GB01091347,6430,1973,20,2022,697.054,693356.0,-91038.0,0.0,530.480664972,,697.054,530.480664972,693.356,-91.038,0.0,1904.0,NORTH ATLANTIC SMALLER COMPANIES INVESTMENT TRUST
HENDERSON SMALLER COMPANIES INVESTMENT TRUST PLC,GB00025526,6430,1887,8,2022,905.617,802599.0,-172565.0,134.0,684.999005699,,905.617,684.999005699,802.599,-172.565,0.134,1904.0,HENDERSON SMALLER COMPANIES INVESTMENT TRUST
THE GLOBAL SMALLER COMPANIES TRUST PLC,GB00028264,6430,1889,13,2022,1004.041,945304.0,-9262.0,0.0,858.278095614,,1004.041,858.278095614,945.304,-9.262,0.0,1904.0,GLOBAL SMALLER COMPANIES TRUST
FINSBURY GROWTH & INCOME TRUST PLC,GBSC013958,6430,1926,11,2022,1872.311,1830384.0,-118740.0,694.0,1725.903936,,1872.311,1725.903936,1830.384,-118.74,0.694,1904.0,FINSBURY GROWTH INCOME TRUST
JPMORGAN UK SMALL CAP GROWTH & INCOME PLC,GB02515996,6430,1990,66,2022,286.73,260447.0,-81395.0,71.0,225.179064321,,286.73,225.179064321,260.447,-81.395,0.071,1904.0,JPMORGAN UK SMALL CAP GROWTH INCOME
JPMORGAN EUROPEAN GROWTH & INCOME PLC,GB00237958,6430,1929,39,2022,499.49,455246.0,40598.0,46.0,408.371574204,,499.49,408.371574204,455.246,40.598,0.046,1904.0,JPMORGAN EUROPEAN GROWTH INCOME
THE CITY OF LONDON INVESTMENT TRUST PLC,GB00034871,6430,1891,9,2022,1935.068,1796657.0,99234.0,0.0,1840.857723942,,1935.068,1840.857723942,1796.657,99.234,0.0,1904.0,CITY OF LONDON INVESTMENT TRUST
HARBOURVEST GLOBAL PRIVATE EQUITY LIMITED,GBGG47907,9499,2007,6,2022,3115.47026679031,3114189.02674732,-52923.5714527952,57.6111735606835,1748.212176376,,3115.47026679031,1748.212176376,3114.18902674732,-52.9235714527952,0.057611173560683494,1904.0,HARBOURVEST GLOBAL PRIVATE EQUITY
HERALD INVESTMENT TRUST PLC,GB02879728,6430,1993,13,2022,1306.263,1305048.0,-405527.0,412.0,1107.926814886,,1306.263,1107.926814886,1305.048,-405.527,0.412,1904.0,HERALD INVESTMENT TRUST
TEMPLETON EMERGING MARKETS INVESTMENT TRUST PLC,GBSC118022,6430,1989,54,2022,2133.649,2017503.0,2522.0,6.0,1764.208550228,,2133.649,1764.208550228,2017.503,2.522,0.006,1904.0,TEMPLETON EMERGING MARKETS INVESTMENT TRUST
ICG ENTERPRISE TRUST PLC,GB01571089,6430,1981,16,2022,1372.186,1300619.0,164525.0,46.0,785.7441125,,1372.186,785.7441125,1300.619,164.525,0.046,1904.0,ICG ENTERPRISE TRUST
GCP INFRASTRUCTURE INVESTMENTS LIMITED,GBJE105775,6430,2010,9,2022,1103.497,998057.0,140319.0,60.0,865.332159941,,1103.497,865.332159941,998.057,140.319,0.06,1904.0,GCP INFRASTRUCTURE INVESTMENTS
THE MONKS INVESTMENT TRUST PLC,GB00236964,6430,1929,11,2022,2705.966,2479164.0,-623200.0,,2392.552249694,,2705.966,2392.552249694,2479.164,-623.2,,1904.0,MONKS INVESTMENT TRUST
NB PRIVATE EQUITY PARTNERS LIMITED,GBGG47214,9499,2009,32,2022,1169.47997760666,1101437.19883292,-90278.4502258092,,697.769952,,1169.47997760666,697.769952,1101.43719883292,-90.2784502258092,,1904.0,NB PRIVATE EQUITY PARTNERS
SCHRODER ASIAPACIFIC FUND PLC,GB03104981,6430,1995,35,2022,902.064,878187.0,-142179.0,,783.099468518,,902.064,783.099468518,878.187,-142.179,,1904.0,SCHRODER ASIAPACIFIC FUND
AVI GLOBAL TRUST PLC,GB00028203,6430,1889,17,2022,1101.281,969508.0,-111026.0,97.0,879.698287973,,1101.281,879.698287973,969.508,-111.026,0.097,1904.0,AVI GLOBAL TRUST
CAPITAL GEARING TRUST PLC,GBNI005574,6430,1963,18,2022,1273.459,1259719.0,-51390.0,12.0,1242.039494908,,1273.459,1242.039494908,1259.719,-51.39,0.012,1904.0,CAPITAL GEARING TRUST
PERSHING SQUARE HOLDINGS LIMITED,GBGG54602,9499,2012,6,2022,10732.3657690952,8186888.51427544,-971233.313640153,30.6596051176244,6196.053871466,,10732.3657690952,6196.053871466,8186.88851427544,-971.233313640153,0.030659605117624403,1904.0,PERSHING SQUARE
PRINCESS PRIVATE EQUITY HOLDING LIMITED,GBGG35241,6430,1999,6,2022,950.052488149444,893815.597321401,-15407.7184586474,-34.4691688112918,531.080958369,,950.052488149444,531.080958369,893.815597321401,-15.4077184586474,-0.0344691688112918,1904.0,PRINCESS PRIVATE EQUITY HOLDING
MERCANTILE INVESTMENT TRUST (THE) PLC,GB00020537,6619,1884,35,2022,2203.101,1865676.0,-275345.0,0.0,1655.219009494,,2203.101,1655.219009494,1865.676,-275.345,0.0,1904.0,MERCANTILE INVESTMENT TRUST
ASHOKA INDIA EQUITY INVESTMENT TRUST PLC,GB11356069,9499,2018,11,2022,190.618,187386.0,9224.0,0.0,188.243426,,190.618,188.243426,187.386,9.224,0.0,1904.0,ASHOKA INDIA EQUITY INVESTMENT TRUST
ABERDEEN ASIA FOCUS PLC,GB03106339,6430,1995,13,2022,535.776,464396.0,-11022.0,0.0,401.016537683,,535.776,401.016537683,464.396,-11.022,0.0,1904.0,ABERDEEN ASIA FOCUS
THE EUROPEAN SMALLER COMPANIES TRUST PLC,GB02520734,6430,1990,13,2022,732.438,652464.0,-174712.0,,561.214036843,,732.438,561.214036843,652.464,-174.712,,1904.0,EUROPEAN SMALLER COMPANIES TRUST
EDINBURGH INVESTMENT TRUST PLC,GBSC001836,6430,1889,45,2022,1261.403,1139344.0,42243.0,148.0,1092.145049219,,1261.403,1092.145049219,1139.344,42.243,0.148,1904.0,EDINBURGH INVESTMENT TRUST
SEQUOIA ECONOMIC INFRASTRUCTURE INCOME FUND LIMITED,GBGG59596,9499,2014,13,2022,1835.233,1617853.0,-17949.0,72992.0,1394.794955356,,1835.233,1394.794955356,1617.853,-17.949,72.992,1904.0,SEQUOIA ECONOMIC INFRASTRUCTURE INCOME FUND
JPMORGAN AMERICAN INVESTMENT TRUST PLC,GB00015543,6430,1881,41,2022,1416.931,1304083.0,-143587.0,0.0,1294.086980483,,1416.931,1294.086980483,1304.083,-143.587,0.0,1904.0,JPMORGAN AMERICAN INVESTMENT TRUST
JPMORGAN GLOBAL GROWTH & INCOME PLC,GB00024299,6430,1887,28,2022,726.648,669413.0,-25563.0,0.0,657.701694936,,726.648,657.701694936,669.413,-25.563,0.0,1904.0,JPMORGAN GLOBAL GROWTH INCOME
THE MERCHANTS TRUST PLC,GB00028276,6430,1889,13,2022,923.002,812375.0,40186.0,0.0,828.197160787,1710.0,923.002,828.197160787,812.375,40.186,0.0,1904.0,MERCHANTS TRUST
TEMPLE BAR INVESTMENT TRUST PLC,GB00214601,6430,1926,7,2022,803.13,726346.0,-15969.0,31.0,700.798336882,,803.13,700.798336882,726.346,-15.969,0.031,1904.0,TEMPLE BAR INVESTMENT TRUST
YELLOW CAKE PLC,GBJE125612,0721,2018,7,2022,838.152626740867,836593.094118631,-83177.2279805543,0.0,731.401470958,,838.152626740867,731.401470958,836.593094118631,-83.17722798055429,0.0,1904.0,YELLOW CAKE
FORESIGHT SOLAR FUND LIMITED,GBJE113721,6619,2013,32,2022,772.004,771467.0,154471.0,,724.631009968,,772.004,724.631009968,771.467,154.471,,1904.0,FORESIGHT SOLAR FUND
THE RENEWABLES INFRASTRUCTURE GROUP LIMITED,GBGG56716,6619,2013,19,2022,3362.711,3342738.0,520710.0,,3227.67181221,,3362.711,3227.67181221,3342.738,520.71,,1904.0,RENEWABLES INFRASTRUCTURE
FORESIGHT ENVIRONMENTAL INFRASTRUCTURE LIMITED,GBGG57682,6619,2004,12,2022,817.086,814568.0,98300.0,,791.191336635,,817.086,791.191336635,814.568,98.3,,1904.0,FORESIGHT ENVIRONMENTAL INFRASTRUCTURE
TWENTYFOUR INCOME FUND LIMITED,GBGG56128,6619,2013,41,2022,775.879,724983.0,-22595.0,0.0,721.626840881,,775.879,721.626840881,724.983,-22.595,0.0,1904.0,TWENTYFOUR INCOME FUND
THE SCHIEHALLION FUND LIMITED,GBGG65915,9499,2019,6,2022,937.611301175388,935721.492397601,-259111.527351542,,,,937.611301175388,,935.721492397601,-259.111527351542,,1904.0,SCHIEHALLION FUND
BH MACRO LIMITED,GBGG46235,6430,2007,6,2022,1414.59274822838,1359337.51070261,92872.087091165,,,,1414.59274822838,,1359.33751070261,92.872087091165,,1904.0,BH MACRO
RUFFER INVESTMENT COMPANY LIMITED,GBGG41996,6430,2004,3,2022,974.955,952784.0,29610.0,,969.008292,,974.955,969.008292,952.784,29.61,,1904.0,RUFFER INVESTMENT
SCHRODER ORIENTAL INCOME FUND LIMITED,GBGG43298,9499,2005,24,2022,768.882,724147.0,17187.0,,689.576010761,,768.882,689.576010761,724.147,17.187,,1904.0,SCHRODER ORIENTAL INCOME FUND
SDCL EFFICIENCY INCOME TRUST PLC,GB11620959,9499,2018,52,2022,1128.7,1125400.0,-18600.0,1200.0,931.315575443,,1128.7,931.315575443,1125.4,-18.6,1.2,1904.0,SDCL EFFICIENCY INCOME TRUST
BAILLIE GIFFORD US GROWTH TRUST PLC,GB11194060,9499,2018,10,2022,624.953,584186.0,-322910.0,,512.658199994,,624.953,512.658199994,584.186,-322.91,,1904.0,BAILLIE GIFFORD US GROWTH TRUST
UTILICO EMERGING MARKETS TRUST PLC,GB11102129,6430,2005,22,2022,547.557,507374.0,5772.0,0.0,438.800610948,,547.557,438.800610948,507.374,5.772,0.0,1904.0,UTILICO EMERGING MARKETS TRUST
GEORGIA CAPITAL PLC,GB10852406,6619,2017,6,2022,864.452827988786,864025.628604446,-3727.03095325776,,327.24340115,,864.452827988786,327.24340115,864.025628604446,-3.72703095325776,,1904.0,GEORGIA CAPITAL
IMPAX ENVIRONMENTAL MARKETS PLC,GB04348393,6430,37263,45,2022,1329.642,1275938.0,-224270.0,121.0,1275.980780819,,1329.642,1275.980780819,1275.938,-224.27,0.121,2001.0,IMPAX ENVIRONMENTAL MARKETS
HG CAPITAL TRUST PLC,GB01525583,6430,1980,20,2022,2231.749,2089965.0,107484.0,,1604.338444883,,2231.749,1604.338444883,2089.965,107.484,,1904.0,HG CAPITAL TRUST
WORLDWIDE HEALTHCARE TRUST PLC,GB03023689,2120,1995,10,2022,2249.927,2150721.0,-8787.0,94.0,1950.636773422,,2249.927,1950.636773422,2150.721,-8.787,0.094,1904.0,WORLDWIDE HEALTHCARE TRUST
INVESCO ASIA DRAGON TRUST PLC,GB03011768,6430,1995,29,2022,259.916,252176.0,-18847.0,,222.287182463,,259.916,222.287182463,252.176,-18.847,,1904.0,INVESCO ASIA DRAGON TRUST
JPMORGAN INDIA GROWTH & INCOME PLC,GB02915926,6430,1994,25,2022,813.29,795249.0,44110.0,,635.693111534,,813.29,635.693111534,795.249,44.11,,1904.0,JPMORGAN INDIA GROWTH INCOME
ST. JAMES'S PLACE PLC,GB03183415,7010,35156,25,2022,151705.0,1260400.0,405000.0,10400.0,,2669.0,151705.0,,1260.4,405.0,10.4,1995.0,ST JAMES S PLACE
JPMORGAN EMERGING MARKETS GROWTH & INCOME PLC,GB02618994,6430,1991,54,2022,1375.179,1369306.0,-291921.0,,1229.037785686,,1375.179,1229.037785686,1369.306,-291.921,,1904.0,JPMORGAN EMERGING MARKETS GROWTH INCOME
THE BAILLIE GIFFORD JAPAN TRUST PLC,GBSC075954,6430,1981,18,2022,943.556,791006.0,-155474.0,,726.781791168,,943.556,726.781791168,791.006,-155.474,,1904.0,BAILLIE GIFFORD JAPAN TRUST
BLACKROCK GREATER EUROPE INVESTMENT TRUST PLC,GB05142459,6430,2004,51,2022,487.303,483799.0,-201365.0,,464.323868334,,487.303,464.323868334,483.799,-201.365,,1904.0,BLACKROCK GREATER EUROPE INVESTMENT TRUST
OCTOPUS APOLLO VCT PLC,GB05840377,6619,2006,33,2022,370.377,349493.0,34541.0,303.0,307.587966957,,370.377,307.587966957,349.493,34.541,0.303,1904.0,OCTOPUS APOLLO VCT
SHELL PLC,GB04366849,0610,37292,23,2021,301011.638695903,130509167.305913,14962782.3141814,194912180.242616,,82000.0,301011.638695903,,130509.167305913,14962.7823141814,194912.18024261598,2001.0,SHELL
GLENCORE PLC,GBJE107710,2399,2011,22,2021,94915.8933824818,27480276.3391191,3702546.10371316,151758983.072439,49466.91526619,81284.0,94915.8933824818,49466.91526619,27480.2763391191,3702.54610371316,151758.98307243898,1904.0,GLENCORE
BP P.L.C.,GB00102498,1920,3395,34,2021,213839.530419358,67320982.5238669,5629745.91523575,117682011.202338,65260.41170693,65900.0,213839.530419358,65260.41170693,67320.9825238669,5629.7459152357505,117682.01120233799,1908.0,BP
TESCO PLC,GB00445790,4711,17498,24,2021,49351.0,15644000.0,1481000.0,61376000.0,22115.61013628,345693.0,49351.0,22115.61013628,15644.0,1481.0,61376.0,1946.0,TESCO
HSBC HOLDINGS PLC,GB00617987,6420,21551,33,2021,2201830.62313454,153920662.58293,10937175.2918893,39152899.0677733,91084.797594828,220000.0,2201830.62313454,91084.797594828,153920.66258293,10937.1752918893,39152.899067773295,1958.0,HSBC
UNILEVER PLC,GB00041424,2042,21/06/1894,22,2021,63311.4690633939,16647556.6698951,5099821.24461641,44214750.4302634,101042.941065581,148044.0,63311.4690633939,101042.941065581,16647.5566698951,5099.82124461641,44214.7504302634,1894.0,UNILEVER
ASTRAZENECA PLC,GB02723534,2120,33772,33,2021,78430.1095949998,29244456.9313588,83370.5596332677,28236566.4157923,134456.987817342,83100.0,78430.1095949998,134456.987817342,29244.4569313588,83.37055963326769,28236.566415792302,1991.0,ASTRAZENECA
RIO TINTO PLC,GB00719885,0710,22735,23,2021,76593.7241430778,42124464.0147019,15701951.6509299,47934349.8891453,61059.039829106,49345.0,76593.7241430778,61059.039829106,42124.4640147019,15701.9516509299,47934.3498891453,1961.0,RIO TINTO
VODAFONE GROUP PLC,GB01833679,6190,30880,28,2021,130288.21595157,48269961.8238611,1891961.25313156,38591949.924181,35417.171331962,96941.0,130288.21595157,35417.171331962,48269.9618238611,1891.96125313156,38591.949924181,1983.0,VODAFONE
COMPASS GROUP PLC,GB04083914,5610,36798,19,2021,14868.0,4919000.0,357000.0,17918000.0,,478070.0,14868.0,,4919.0,357.0,17918.0,1999.0,COMPASS
GSK PLC,GB03888792,2120,36500,30,2021,79103.0,21342000.0,4385000.0,34548000.0,80841.046987898,90096.0,79103.0,80841.046987898,21342.0,4385.0,34548.0,1999.0,GSK
SAINSBURY (J) PLC,GB00185647,4711,8350,27,2021,26912.0,8423000.0,677000.0,30115000.0,5802.113133142,117.0,26912.0,5802.113133142,8423.0,677.0,30115.0,1921.0,SAINSBURY J
IMPERIAL BRANDS PLC,GB03236483,1200,35283,21,2021,29090.0,5940000.0,2834000.0,32791000.0,14749.770290188,30300.0,29090.0,14749.770290188,5940.0,2834.0,32791.0,1995.0,IMPERIAL BRANDS
BARCLAYS PLC,GB00048839,6420,20/07/1896,36,2021,1384285.0,70041000.0,7056000.0,22200000.0,31323.719948193,81600.0,1384285.0,31323.719948193,70041.0,7056.0,22200.0,1896.0,BARCLAYS
BAE SYSTEMS PLC,GB01470151,3030,29220,22,2021,27135.0,7668000.0,1758000.0,19977000.0,17412.893318438,82000.0,27135.0,17412.893318438,7668.0,1758.0,19977.0,1979.0,BAE SYSTEMS
BRITISH AMERICAN TOBACCO PLC,GB03407696,1200,35634,25,2021,137365.0,67401000.0,6801000.0,25880000.0,62725.282652436,52050.0,137365.0,62725.282652436,67401.0,6801.0,25880.0,1996.0,BRITISH AMERICAN TOBACCO
AVIVA PLC,GB02468686,6511,2000,46,2021,358474.0,19202000.0,2036000.0,14390000.0,15455.35817912,27463.0,358474.0,15455.35817912,19202.0,2036.0,14390.0,1904.0,AVIVA
ROLLS-ROYCE HOLDINGS PLC,GB07524813,3030,40584,43,2021,28674.0,-4636000.0,120000.0,11583000.0,10282.102670962,44000.0,28674.0,10282.102670962,-4636.0,120.0,11583.0,2010.0,ROLLS ROYCE
BT GROUP PLC,GB04190816,6190,36980,29,2021,49774.0,15296000.0,1274000.0,21091000.0,18085.959496604,98400.0,49774.0,18085.959496604,15296.0,1274.0,21091.0,2000.0,BT
CENTRICA PLC,GB03033654,3522,1995,19,2021,27086.0,2750000.0,1210000.0,14744000.0,4205.228323918,19704.0,27086.0,4205.228323918,2750.0,1210.0,14744.0,1904.0,CENTRICA
ASSOCIATED BRITISH FOODS PLC,GB00293262,1089,12712,11,2021,16895.0,10004000.0,478000.0,13904000.0,14962.6417567,127912.0,16895.0,14962.6417567,10004.0,478.0,13904.0,1933.0,ASSOCIATED BRITISH FOODS
LLOYDS BANKING GROUP PLC,GBSC095000,6420,31341,29,2021,886525.0,53152000.0,5885000.0,16324000.0,33948.798468677,65076.0,886525.0,33948.798468677,53152.0,5885.0,16324.0,1984.0,LLOYDS BANKING
NATIONAL GRID PLC,GB04031152,3522,36718,50,2021,94860.0,23856000.0,2353000.0,20039000.0,42733.313149246,29450.0,94860.0,42733.313149246,23856.0,2353.0,20039.0,1999.0,NATIONAL GRID
MARKS AND SPENCER GROUP PLC,GB04256886,4719,37095,21,2021,8637.4,2285800.0,-198000.0,9168100.0,2981.725727265,69577.0,8637.4,2981.725727265,2285.8,-198.0,9168.1,2000.0,MARKS AND SPENCER
ANGLO AMERICAN PLC,GB03564138,0710,35929,26,2021,49117.914083939,25882092.4861493,6373381.53196462,32252496.498127,40509.091451813,62000.0,49117.914083939,40509.091451813,25882.0924861493,6373.38153196462,32252.496498127,1997.0,ANGLO AMERICAN
NATWEST GROUP PLC,GBSC045551,6420,24922,35,2021,781992.0,41803000.0,3312000.0,10763000.0,25468.620625856,57800.0,781992.0,25468.620625856,41803.0,3312.0,10763.0,1967.0,NATWEST
STANDARD CHARTERED PLC,GB00966425,6420,25525,30,2021,616211.160129396,39181185.5076489,1721750.93242632,11089028.8112213,13806.769210441,81957.0,616211.160129396,13806.769210441,39181.1855076489,1721.7509324263199,11089.0288112213,1968.0,STANDARD CHARTERED
DIAGEO PLC,GB00023307,1101,21/10/1886,23,2021,31953.0,8431000.0,2660000.0,12747000.0,80890.016604535,27783.0,31953.0,80890.016604535,8431.0,2660.0,12747.0,1886.0,DIAGEO
RECKITT BENCKISER GROUP PLC,GB06270876,7010,39239,35,2021,26946.0,7453000.0,-32000.0,13234000.0,45308.001929508,41800.0,26946.0,45308.001929508,7453.0,-32.0,13234.0,2006.0,RECKITT BENCKISER
NATIONAL WESTMINSTER BANK PLC - NATWEST,GB00929027,6419,25569,17,2021,434563.0,20737000.0,2907000.0,9305000.0,,51900.0,434563.0,,20737.0,2907.0,9305.0,1969.0,NATIONAL WESTMINSTER BANK NATWEST
WPP PLC (NEW),GBJE111714,7311,2005,49,2021,27870.8,4069000.0,637700.0,12801100.0,12913.292445579,109382.0,27870.8,12913.292445579,4069.0,637.7,12801.1,1904.0,WPP NEW
KINGFISHER PLC,GB01664812,4719,30210,23,2021,12352.0,6778000.0,843000.0,13209000.0,6838.43031519,82000.0,12352.0,6838.43031519,6778.0,843.0,13209.0,1981.0,KINGFISHER
JD SPORTS FASHION PLC,GB01888425,4764,31099,15,2021,7068.6,2339600.0,369700.0,8590200.0,9746.879480675,72668.0,7068.6,9746.879480675,2339.6,369.7,8590.2,1984.0,JD SPORTS FASHION
JOHNSON MATTHEY PLC,GB00033774,2059,04/11/1891,16,2021,6666.0,2441000.0,-101000.0,16189000.0,3478.934971671,13430.0,6666.0,3478.934971671,2441.0,-101.0,16189.0,1891.0,JOHNSON MATTHEY
BUNZL PLC,GB00358948,4639,14632,21,2021,7114.1,2203900.0,442800.0,10285100.0,9733.955393307,21021.0,7114.1,9733.955393307,2203.9,442.8,10285.1,1939.0,BUNZL
HALEON PLC,GB13691224,2120,44489,29,2021,,,,,,,,,,,,2020.0,HALEON
EASYJET PLC,GB03959649,5110,36609,21,2021,9773.0,2639000.0,-858000.0,1543000.0,5024.09028088,12389.0,9773.0,5024.09028088,2639.0,-858.0,1543.0,1999.0,EASYJET
SSE PLC,GBSC117119,3511,32599,24,2021,25755.5,9169400.0,3077700.0,8910600.0,18668.071018894,10754.0,25755.5,18668.071018894,9169.4,3077.7,8910.6,1988.0,SSE
RELX PLC,GB00077536,6311,1244,20,2021,13858.0,3224000.0,1471000.0,7244000.0,46469.62343936,33500.0,13858.0,46469.62343936,3224.0,1471.0,7244.0,1902.0,RELX
BALFOUR BEATTY PLC,GB00395826,4299,16588,21,2021,4846.0,1376000.0,140000.0,7211000.0,1675.241731606,18157.0,4846.0,1675.241731606,1376.0,140.0,7211.0,1944.0,BALFOUR BEATTY
LONDON STOCK EXCHANGE GROUP PLC,GB05369106,8411,2005,22,2021,787109.0,25519000.0,3263000.0,6886000.0,35436.481092813,23868.0,787109.0,35436.481092813,25519.0,3263.0,6886.0,1904.0,LONDON STOCK EXCHANGE
QUILTER PLC,GB06404270,6420,39374,19,2021,50740.0,1739000.0,154000.0,4686000.0,2458.902653792,3849.0,50740.0,2458.902653792,1739.0,154.0,4686.0,2006.0,QUILTER
CURRYS PLC,GB07105905,6190,40162,19,2021,6880.0,2381000.0,12000.0,10351000.0,1624.876618886,35046.0,6880.0,1624.876618886,2381.0,12.0,10351.0,2009.0,CURRYS
LEGAL & GENERAL GROUP PLC,GB01417162,6511,1836,31,2021,582638.0,10981000.0,2043000.0,6971000.0,17761.986486192,10743.0,582638.0,17761.986486192,10981.0,2043.0,6971.0,1904.0,LEGAL GENERAL
COMPUTACENTER PLC,GB03110569,6209,34974,26,2021,2713.9,744800.0,185300.0,5034500.0,3570.219973802,17992.0,2713.9,3570.219973802,744.8,185.3,5034.5,1994.0,COMPUTACENTER
INCHCAPE PLC,GB00609782,4511,21412,19,2021,3558.1,1130500.0,117000.0,7640100.0,3491.13347861,14553.0,3558.1,3491.13347861,1130.5,117.0,7640.1,1957.0,INCHCAPE
PRUDENTIAL PLC,GB01397169,6511,1848,25,2021,148207.546108061,12719965.3840471,-2207086.69029142,16654013.6667419,35003.024003123,14486.0,148207.546108061,35003.024003123,12719.9653840471,-2207.08669029142,16654.0136667419,1904.0,PRUDENTIAL
HARBOUR ENERGY PLC,GBSC234781,0610,37468,24,2021,10796.9341005062,352463.928449574,75256.8176689586,2693166.82815324,3276.385506754,1771.0,10796.9341005062,3276.385506754,352.463928449574,75.25681766895859,2693.16682815324,2001.0,HARBOUR ENERGY
METLEN ENERGY & METALS PLC,GB15944520,3511,2024,72,2021,,,,,,,,,,,,1904.0,METLEN ENERGY METALS
JET2 PLC,GB01295221,5110,28146,8,2021,3993.5,896600.0,-315400.0,1231700.0,2457.392993615,8270.0,3993.5,2457.392993615,896.6,-315.4,1231.7,1976.0,JET
NEXT PLC,GB04412362,4791,37355,16,2021,3981.8,1010000.0,677500.0,4628400.0,9955.228210186,44626.0,3981.8,9955.228210186,1010.0,677.5,4628.4,2001.0,NEXT
MONDI PLC,GB06209386,1729,39183,17,2021,7807.81030689248,4121842.62934859,637372.269950406,6511145.55664946,8866.212218127,26400.0,7807.81030689248,8866.212218127,4121.84262934859,637.372269950406,6511.145556649461,2006.0,MONDI
ANTOFAGASTA PLC,GB01627889,0729,30048,30,2021,12861.6953354237,8209766.98388669,960399.071775375,5584264.29743581,13195.69208822,5983.0,12861.6953354237,13195.69208822,8209.76698388669,960.3990717753751,5584.26429743581,1981.0,ANTOFAGASTA
EXPERIAN PLC,GBJE93905,7490,2006,20,2021,8299.87687639685,3052837.03357097,887585.511382626,4790676.13353988,27213.45516703,20394.0,8299.87687639685,27213.45516703,3052.83703357097,887.585511382626,4790.67613353988,1904.0,EXPERIAN
BARRATT REDROW PLC,GB00604574,4110,21319,21,2021,7473.6,5452100.0,659800.0,5032100.0,7099.507263019,6422.0,7473.6,7099.507263019,5452.1,659.8,5032.1,1957.0,BARRATT REDROW
MITIE GROUP PLC,GBSC019230,8121,13347,19,2021,1821.4,425800.0,50700.0,3940500.0,788.498833954,72109.0,1821.4,788.498833954,425.8,50.7,3940.5,1935.0,MITIE
PHOENIX GROUP HOLDINGS PLC,GB11606773,6511,2018,23,2021,333799.0,6309000.0,-709000.0,5376000.0,6528.969595676,,333799.0,6528.969595676,6309.0,-709.0,5376.0,1904.0,PHOENIX
FRASERS GROUP PLC,GB06035106,4764,39072,14,2021,3785.1,1211000.0,-83000.0,3662100.0,2677.209119032,26496.0,3785.1,2677.209119032,1211.0,-83.0,3662.1,2006.0,FRASERS
DRAX GROUP PLC,GB05562053,3511,38608,19,2021,5824.4,1306800.0,79700.0,5154400.0,2415.321804746,3122.0,5824.4,2415.321804746,1306.8,79.7,5154.4,2004.0,DRAX
RENTOKIL INITIAL PLC,GB05393279,3900,38426,26,2021,4323.1,1263900.0,263200.0,2956600.0,10858.504799312,46000.0,4323.1,10858.504799312,1263.9,263.2,2956.6,2004.0,RENTOKIL INITIAL
WIZZ AIR HOLDINGS PLC,GBJE103356,5110,2009,29,2021,4529.9658774689,223195.607823611,-534350.075873276,1452758.98279127,2980.863619744,4709.0,4529.9658774689,2980.863619744,223.195607823611,-534.350075873276,1452.75898279127,1904.0,WIZZ AIR
ENTAIN PLC,GBIM004685V,9329,40299,9,2021,7252.0,3168500.0,249300.0,3841000.0,9871.68726502,25554.0,7252.0,9871.68726502,3168.5,249.3,3841.0,2009.0,ENTAIN
BABCOCK INTERNATIONAL GROUP PLC,GB02342138,7490,32540,26,2021,4600.7,701500.0,164200.0,4108000.0,1640.660899404,28341.0,4600.7,1640.660899404,701.5,164.2,4108.0,1988.0,BABCOCK
MORGAN SINDALL GROUP PLC,GB00521970,4120,19560,17,2021,1707.6,474200.0,97900.0,3214200.0,1168.646834981,6666.0,1707.6,1168.646834981,474.2,97.9,3214.2,1952.0,MORGAN SINDALL
ADMIRAL GROUP PLC,GB03849958,6511,1993,24,2021,8359.7,1406200.0,996700.0,855000.0,9456.942418983,11317.0,8359.7,9456.942418983,1406.2,996.7,855.0,1904.0,ADMIRAL
SERCO GROUP PLC,GB02048608,8211,31645,27,2021,2734.0,1008400.0,303900.0,4424600.0,1639.439920413,50884.0,2734.0,1639.439920413,1008.4,303.9,4424.6,1985.0,SERCO
VERTU MOTORS PLC,GB05984855,4519,39022,24,2021,1057.392,331881.0,60000.0,3615612.0,215.653791769,6187.0,1057.392,215.653791769,331.881,60.0,3615.612,2005.0,VERTU MOTORS
AIRTEL AFRICA PLC,GB11462215,6190,43293,25,2021,7896.08260941592,2780085.43436498,480743.740499946,3599102.10795839,5242.621276399,3757.0,7896.08260941592,5242.621276399,2780.0854343649803,480.743740499946,3599.1021079583898,2017.0,AIRTEL AFRICA
FIRSTGROUP PLC,GBSC157176,4931,34789,13,2021,3833.9,885100.0,636400.0,5703200.0,842.294703483,53323.0,3833.9,842.294703483,885.1,636.4,5703.2,1994.0,FIRSTGROUP
SMITH & NEPHEW PLC,GB00324357,3250,13563,29,2021,8128.6295642436,4144707.82176816,390055.118284217,3879708.54293385,11379.916045259,18976.0,8128.6295642436,11379.916045259,4144.70782176816,390.05511828421703,3879.70854293385,1936.0,SMITH NEPHEW
TRAVIS PERKINS PLC,GB00824821,4673,23677,19,2021,4400.1,2237800.0,278900.0,6067600.0,3443.101038214,19988.0,4400.1,3443.101038214,2237.8,278.9,6067.6,1963.0,TRAVIS PERKINS
BEAZLEY PLC,GB09763575,6511,1986,25,2021,9533.5723700635,1586124.89702292,229790.104989194,2342787.16369449,2840.889826877,1617.0,9533.5723700635,2840.889826877,1586.1248970229199,229.790104989194,2342.78716369449,1904.0,BEAZLEY
M&G PLC,GB11444019,6511,2018,24,2021,219134.0,5296000.0,92000.0,3765000.0,5186.814210067,,219134.0,5186.814210067,5296.0,92.0,3765.0,1904.0,M G
HILTON FOOD GROUP PLC,GB06165540,4632,39157,19,2021,1295.786,305317.0,17706.0,3847600.0,1013.844545074,7081.0,1295.786,1013.844545074,305.317,17.706,3847.6,2006.0,HILTON FOOD
KIER GROUP PLC,GB02708030,7112,33715,13,2021,2281.0,435000.0,-300.0,3359300.0,585.36936007,11710.0,2281.0,585.36936007,435.0,-0.3,3359.3,1991.0,KIER
INFORMA PLC,GB08860726,5814,41663,26,2021,10197.6,6045900.0,77900.0,1828600.0,7765.08057918,9999.0,10197.6,7765.08057918,6045.9,77.9,1828.6,2013.0,INFORMA
TAYLOR WIMPEY PLC,GB00296805,4120,12816,17,2021,6239.8,4314000.0,555600.0,4284900.0,6403.277501747,5144.0,6239.8,6403.277501747,4314.0,555.6,4284.9,1934.0,TAYLOR WIMPEY
INTERCONTINENTAL HOTELS GROUP PLC,GB05134420,5510,38128,21,2021,3510.49606455795,-1097216.11517354,198005.079129011,2172100.83044531,8759.572128329,11161.0,3510.49606455795,8759.572128329,-1097.2161151735402,198.005079129011,2172.1008304453103,2003.0,INTERCONTINENTAL HOTELS
POLAR CAPITAL TECHNOLOGY TRUST PLC,GB03224867,6430,1996,19,2021,3499.587,3408763.0,1063687.0,1066727.0,3227.918332949,,3499.587,3227.918332949,3408.763,1063.687,1066.727,1904.0,POLAR CAPITAL TECHNOLOGY TRUST
PERSIMMON PLC,GB01818486,4120,30824,11,2021,4792.2,3625200.0,787200.0,3616900.0,9116.536726965,5196.0,4792.2,9116.536726965,3625.2,787.2,3616.9,1983.0,PERSIMMON
3I GROUP PLC,GB01142830,6430,16438,20,2021,13948.0,12754000.0,4013000.0,2139000.0,13513.418711387,234.0,13948.0,13513.418711387,12754.0,4013.0,2139.0,1944.0,I
VISTRY GROUP PLC,GB00306718,4120,13092,18,2021,3843.249,2390581.0,254125.0,2434641.0,2632.01834688,3145.0,3843.249,2632.01834688,2390.581,254.125,2434.641,1934.0,VISTRY
SSP GROUP PLC,GB05735966,1089,38785,25,2021,3181.6,310700.0,-357300.0,940400.0,2202.599084981,22981.0,3181.6,2202.599084981,310.7,-357.3,940.4,2005.0,SSP
PEARSON PLC,GB00053723,5811,08/12/1897,27,2021,7343.0,4280000.0,177000.0,3528000.0,4640.709620152,20744.0,7343.0,4640.709620152,4280.0,177.0,3528.0,1897.0,PEARSON
MELROSE INDUSTRIES PLC,GB09800044,3030,42276,20,2021,14022.0,7540000.0,833000.0,7767000.0,6991.51462725,40046.0,14022.0,6991.51462725,7540.0,833.0,7767.0,2014.0,MELROSE INDUSTRIES
ITV PLC,GB04967001,6020,37943,20,2021,4240.0,1518000.0,378000.0,3453000.0,4450.089794866,6315.0,4240.0,4450.089794866,1518.0,378.0,3453.0,2002.0,ITV
INTERTEK GROUP PLC,GB04267576,7120,37112,31,2021,3249.7,1114300.0,288100.0,2786300.0,9086.432926967,44063.0,3249.7,9086.432926967,1114.3,288.1,2786.3,2000.0,INTERTEK
FRESNILLO PLC,GB06344120,2441,39309,21,2021,4293.18706657503,2830632.97090855,313539.554040795,2017257.13666644,6578.985591537,6668.0,4293.18706657503,6578.985591537,2830.6329709085503,313.539554040795,2017.25713666644,2006.0,FRESNILLO
MOBICO GROUP PLC,GB02590560,4931,33308,17,2021,4299.9,1481700.0,-80800.0,2170300.0,1579.430178042,45448.0,4299.9,1579.430178042,1481.7,-80.8,2170.3,1990.0,MOBICO
SMITHS GROUP PLC,GB00137013,2651,5310,22,2021,5337.0,2423000.0,284000.0,3255000.0,6165.646129235,21523.0,5337.0,6165.646129235,2423.0,284.0,3255.0,1913.0,SMITHS
ENDEAVOUR MINING PLC,GB13280545,0729,44276,20,2021,5002.143,3240027.0,159206.0,2052379.0,4131.811016162,5742.0,5002.143,4131.811016162,3240.027,159.206,2052.379,2020.0,ENDEAVOUR MINING
ZEGONA COMMUNICATIONS PLC,GB09395163,6619,2015,15,2021,13.5036926558144,12185.9507802423,67373.452656808,,4.872893919,5.0,13.5036926558144,4.872893919,12.1859507802423,67.373452656808,,1904.0,ZEGONA COMMUNICATIONS
KELLER GROUP PLC,GB02442580,7112,32825,23,2021,1436.8,428000.0,56500.0,2223200.0,712.369934889,9724.0,1436.8,712.369934889,428.0,56.5,2223.2,1988.0,KELLER
SCOTTISH MORTGAGE INVESTMENT TRUST PLC,GBSC007058,6430,1908,14,2021,16912.573,14755999.0,-2544349.0,-2535620.0,14816.791059536,,16912.573,14816.791059536,14755.999,-2544.349,-2535.62,1904.0,SCOTTISH MORTGAGE INVESTMENT TRUST
WHITBREAD PLC,GB04120344,5510,36861,23,2021,9566.5,4119000.0,42500.0,1899800.0,5951.327129011,36984.0,9566.5,5951.327129011,4119.0,42.5,1899.8,1999.0,WHITBREAD
CRANSWICK PLC,GB01074383,1013,26571,11,2021,1143.1,768900.0,103500.0,2008500.0,1869.482547163,9930.0,1143.1,1869.482547163,768.9,103.5,2008.5,1971.0,CRANSWICK
RS GROUP PLC,GB00647788,4652,21937,18,2021,2101.2,1108500.0,230000.0,2553700.0,5105.878790352,7383.0,2101.2,5105.878790352,1108.5,230.0,2553.7,1959.0,RS
BELLWAY PLC,GB01372603,4120,28650,11,2021,4676.8,3287800.0,390700.0,3177100.0,4049.870532382,2934.0,4676.8,4049.870532382,3287.8,390.7,3177.1,1977.0,BELLWAY
INTERNATIONAL WORKPLACE GROUP PLC,GBJE122154,6831,2003,10,2021,8411.99999999996,305000.0,-205000.0,2261000.0,2931.580442767,8239.0,8411.99999999996,2931.580442767,305.0,-205.0,2261.0,1904.0,WORKPLACE
SEVERN TRENT PLC,GB02366619,3600,32599,17,2021,11554.2,1263900.0,-87200.0,1951900.0,7704.033947963,7118.0,11554.2,7704.033947963,1263.9,-87.2,1951.9,1988.0,SEVERN TRENT
MITCHELLS & BUTLERS PLC,GB04551498,5610,37531,15,2021,5209.0,2104000.0,-65000.0,1078000.0,1412.785972127,43354.0,5209.0,1412.785972127,2104.0,-65.0,1078.0,2001.0,MITCHELLS BUTLERS
SCHRODERS PLC,GB03909886,6619,21551,26,2021,24341.7,4425700.0,623800.0,2561900.0,8046.396866886,5750.0,24341.7,8046.396866886,4425.7,623.8,2561.9,1958.0,SCHRODERS
SIG PLC,GB00998314,4673,25931,25,2021,1201.7,264700.0,-28300.0,2291400.0,561.948503219,6620.0,1201.7,561.948503219,264.7,-28.3,2291.4,1970.0,SIG
UNITED UTILITIES GROUP PLC,GB06559020,3600,32599,22,2021,14437.0,2957400.0,-56800.0,1867100.0,7667.835182374,5728.0,14437.0,7667.835182374,2957.4,-56.8,1867.1,1988.0,UNITED UTILITIES
THE WEIR GROUP PLC,GBSC002934,2813,14/06/1895,19,2021,3496.8,1454500.0,258500.0,1978100.0,4443.26021056,11994.0,3496.8,4443.26021056,1454.5,258.5,1978.1,1895.0,WEIR
SAVILLS PLC,GB02122174,7022,31877,17,2021,2247.4,753400.0,146200.0,2149000.0,2030.161819399,39118.0,2247.4,2030.161819399,753.4,146.2,2149.0,1986.0,SAVILLS
HALMA PLC,GB00040932,2611,13/04/1894,22,2021,2197.0,1403100.0,244400.0,1525300.0,9529.097978023,7522.0,2197.0,9529.097978023,1403.1,244.4,1525.3,1894.0,HALMA
HIKMA PHARMACEUTICALS PLC,GB05557934,2120,38603,21,2021,3254.42934568434,1836385.45192207,313383.978621479,1901890.89163392,5136.610978035,8703.0,3254.42934568434,5136.610978035,1836.38545192207,313.383978621479,1901.8908916339199,2004.0,HIKMA PHARMACEUTICALS
THE SAGE GROUP PLC,GB02231246,5829,32218,18,2021,3329.0,1111000.0,285000.0,1846000.0,7388.376704993,11760.0,3329.0,7388.376704993,1111.0,285.0,1846.0,1987.0,SAGE
ASOS PLC,GB04006623,4771,36679,26,2021,2884.5,1034000.0,128400.0,3910500.0,3877.672823874,3017.0,2884.5,3877.672823874,1034.0,128.4,3910.5,1999.0,ASOS
HOWDEN JOINERY GROUP PLC,GB02128710,3102,31904,19,2021,2051.4,991500.0,314500.0,2093700.0,5335.160572947,10789.0,2051.4,5335.160572947,991.5,314.5,2093.7,1986.0,HOWDEN JOINERY
BERKELEY GROUP HOLDINGS (THE) PLC,GB05172586,4110,1976,14,2021,5552.2,3175400.0,422700.0,2202200.0,5627.392012789,2705.0,5552.2,5627.392012789,3175.4,422.7,2202.2,1904.0,BERKELEY
BURBERRY GROUP PLC,GB03458224,4771,35733,29,2021,,,,,,,,,,,,1996.0,BURBERRY
CAPITA PLC,GB02081330,8110,31754,19,2021,3142.4,296500.0,224700.0,3182500.0,614.759878728,53330.0,3142.4,614.759878728,296.5,224.7,3182.5,1985.0,CAPITA
IMI PLC,GB00714275,2899,22679,13,2021,2168.8,779100.0,196300.0,1866000.0,4525.317586223,11233.0,2168.8,4525.317586223,779.1,196.3,1866.0,1961.0,IMI
ITHACA ENERGY PLC,GB12263719,0610,2019,21,2021,3522.28629932609,503579.767204842,317097.690425143,1077076.16998213,,,3522.28629932609,,503.579767204842,317.097690425143,1077.0761699821298,1904.0,ITHACA ENERGY
GREGGS PLC,GB00502851,5610,18991,13,2021,888.4,429200.0,117500.0,1229700.0,,28493.0,888.4,,429.2,117.5,1229.7,1951.0,GREGGS
OCADO GROUP PLC,GB07098618,4778,40155,19,2021,4383.6,1709400.0,-223200.0,2684700.0,13491.068798029,19347.0,4383.6,13491.068798029,1709.4,-223.2,2684.7,2009.0,OCADO
J D WETHERSPOON PLC,GB01709784,5630,30400,13,2021,2009.658,277977.0,-177006.0,788096.0,1461.314308364,39025.0,2009.658,1461.314308364,277.977,-177.006,788.096,1982.0,J D WETHERSPOON
W.A.G PAYMENT SOLUTIONS PLC,GB13544823,7490,2021,17,2021,676.877547497147,240065.928242815,7712.54170040518,1388356.14701947,631.731689405,1016.0,676.877547497147,631.731689405,240.06592824281498,7.71254170040518,1388.3561470194702,1904.0,W A G PAYMENT SOLUTIONS
TATE & LYLE PLC,GB00076535,1039,1154,24,2021,3251.0,1620000.0,236000.0,3132000.0,3430.605364225,4591.0,3251.0,3430.605364225,1620.0,236.0,3132.0,1902.0,TATE LYLE
WH SMITH PLC,GB05202036,4778,38209,10,2021,1350.0,183000.0,-80000.0,886000.0,2136.43159237,11235.0,1350.0,2136.43159237,183.0,-80.0,886.0,2003.0,WH SMITH
GALLIFORD TRY HOLDINGS PLC,GB12216008,4120,1965,11,2021,632.3,134100.0,7700.0,1124800.0,156.252252986,2662.0,632.3,156.252252986,134.1,7.7,1124.8,1904.0,GALLIFORD TRY
TELECOM PLUS PLC,GB03263464,6190,35347,18,2021,465.785,205573.0,35467.0,969277.0,1209.095611873,1987.0,465.785,1209.095611873,205.573,35.467,969.277,1995.0,TELECOM PLUS
QINETIQ GROUP PLC,GB04586941,8020,37571,18,2021,1768.7,1041400.0,90000.0,1329900.0,1761.736624441,6915.0,1768.7,1761.736624441,1041.4,90.0,1329.9,2001.0,QINETIQ
ZIGUP PLC,GB00053171,7721,,32,2021,1715.189,908129.0,65566.0,1109499.0,895.772805536,6507.0,1715.189,895.772805536,908.129,65.566,1109.499,,ZIGUP
WATCHES OF SWITZERLAND GROUP PLC,GB11838443,4648,43516,11,2021,827.155,250317.0,50631.0,905077.0,1755.209192551,1984.0,827.155,1755.209192551,250.317,50.631,905.077,2018.0,WATCHES OF SWITZERLAND
CONVATEC GROUP PLC,GB10361298,4690,42619,21,2021,2734.85210796987,1261575.21845055,87539.0876149311,1517269.7473258,3891.147539418,10100.0,2734.85210796987,3891.147539418,1261.57521845055,87.53908761493109,1517.2697473258,2015.0,CONVATEC
VESUVIUS PLC,GB08217766,2451,41169,11,2021,2129.5,1098200.0,102100.0,1642900.0,1221.005054304,11204.0,2129.5,1221.005054304,1098.2,102.1,1642.9,2011.0,VESUVIUS
DUNELM GROUP PLC,GB04708277,4759,37703,16,2021,766.7,281200.0,128900.0,1336200.0,2875.715515961,11108.0,766.7,2875.715515961,281.2,128.9,1336.2,2002.0,DUNELM
SYNTHOMER PLC,GB00098381,2059,3080,22,2021,2450.9,1033000.0,208700.0,2329500.0,1867.47477705,4632.0,2450.9,1867.47477705,1033.0,208.7,2329.5,1907.0,SYNTHOMER
HALFORDS GROUP PLC,GB04457314,4778,37417,8,2021,1069.6,417800.0,53200.0,1292300.0,741.510333011,11286.0,1069.6,741.510333011,417.8,53.2,1292.3,2001.0,HALFORDS
THG PLC,GB06539496,4778,39526,142,2021,3423.831,1755754.0,-138074.0,2179910.0,2798.298162056,2.0,3423.831,2798.298162056,1755.754,-138.074,2179.91,2007.0,THG
BREEDON GROUP PLC,GB14739556,6420,45002,15,2021,,,,,,,,,,,,2022.0,BREEDON
SPIRAX GROUP PLC,GB00596337,2813,21186,21,2021,1863.2,1010000.0,234600.0,1344500.0,11814.7572975,8671.0,1863.2,11814.7572975,1010.0,234.6,1344.5,1957.0,SPIRAX
CRODA INTERNATIONAL PLC,GB00206132,2059,9274,18,2021,3293.4,1765900.0,320800.0,1889600.0,14119.290091423,6135.0,3293.4,14119.290091423,1765.9,320.8,1889.6,1924.0,CRODA
WICKES GROUP PLC,GB12189061,4778,2019,15,2021,1156.9,160800.0,58800.0,1534900.0,,8438.0,1156.9,,160.8,58.8,1534.9,1904.0,WICKES
MICHAEL PAGE PLC,GB03310225,7810,35460,35,2021,724.459,340105.0,118356.0,1643740.0,2081.799945826,7838.0,724.459,2081.799945826,340.105,118.356,1643.74,1996.0,MICHAEL PAGE
SPIRE HEALTHCARE GROUP PLC,GB09084066,8690,41802,20,2021,2237.4,704800.0,-9700.0,1130600.0,1002.76009,11220.0,2237.4,1002.76009,704.8,-9.7,1130.6,2013.0,SPIRE HEALTHCARE
DIPLOMA PLC,GB03899848,4690,36518,21,2021,983.4,541000.0,69800.0,787400.0,3540.095105803,2498.0,983.4,3540.095105803,541.0,69.8,787.4,1999.0,DIPLOMA
PETS AT HOME GROUP PLC,GB08885072,4778,41680,16,2021,1767.6,1049700.0,124500.0,1329500.0,1806.999921799,10795.0,1767.6,1806.999921799,1049.7,124.5,1329.5,2013.0,PETS AT HOME
SOFTCAT PLC,GB02174990,6209,32057,20,2021,497.359,179144.0,96185.0,784049.0,3847.478172114,1636.0,497.359,3847.478172114,179.144,96.185,784.049,1986.0,SOFTCAT
ABERDEEN GROUP PLC,GBSC286832,7010,38533,30,2021,11418.0,7856000.0,994000.0,1685000.0,5253.365834779,5463.0,11418.0,5253.365834779,7856.0,994.0,1685.0,2004.0,ABERDEEN
ENERGEAN PLC,GB10758801,0610,42863,12,2021,3901.55758459774,533812.016391856,-71494.7211655074,383258.184534115,1518.501921875,620.0,3901.55758459774,1518.501921875,533.812016391856,-71.4947211655074,383.258184534115,2016.0,ENERGEAN
MIDWICH GROUP PLC,GB08793266,7490,41605,17,2021,373.527,114396.0,12429.0,861148.0,558.146996095,1095.0,373.527,558.146996095,114.396,12.429,861.148,2012.0,MIDWICH
PENNON GROUP PLC,GB02366640,3700,32599,19,2021,5331.7,1274600.0,15400.0,792300.0,2847.04419,2253.0,5331.7,2847.04419,1274.6,15.4,792.3,1988.0,PENNON
ASTON MARTIN LAGONDA GLOBAL HOLDINGS PLC,GB11488166,2910,43308,30,2021,2842.5,660400.0,-191600.0,1095300.0,1575.697179792,2207.0,2842.5,1575.697179792,660.4,-191.6,1095.3,2017.0,ASTON MARTIN LAGONDA GLOBAL
LION FINANCE GROUP PLC,GB10917019,6420,42962,33,2021,5630.44950558334,743252.489638307,174732.731707774,327275.364358866,820.146074045,7587.0,5630.44950558334,820.146074045,743.252489638307,174.73273170777398,327.275364358866,2016.0,LION FINANCE
PREMIER FOODS PLC,GB05160050,1089,38160,18,2021,2274.9,1183600.0,106000.0,947000.0,808.949940404,4207.0,2274.9,808.949940404,1183.6,106.0,947.0,2003.0,PREMIER FOODS
INVESTEC PLC,GB03633621,6419,36055,15,2021,27946.313,2680166.0,235854.0,1087969.0,3505.472239501,,27946.313,3505.472239501,2680.166,235.854,1087.969,1997.0,INVESTEC
ENQUEST PLC,GB07140891,0610,2010,15,2021,3249.68987824519,387640.349574839,280622.326205592,1086095.07802246,353.045026683,734.0,3249.68987824519,353.045026683,387.640349574839,280.622326205592,1086.09507802246,1904.0,ENQUEST
MEARS GROUP PLC,GB03232863,8121,35278,10,2021,633.919,201038.0,14119.0,878477.0,209.096470292,5397.0,633.919,209.096470292,201.038,14.119,878.477,1995.0,MEARS
COATS GROUP PLC,GB00103548,2899,3456,17,2021,1124.98148905141,434792.356087425,66175.3817089062,1119398.63907596,1005.178665554,18817.0,1124.98148905141,1005.178665554,434.79235608742505,66.1753817089062,1119.39863907596,1908.0,COATS
RENEW HOLDINGS PLC,GB00650447,4120,21970,6,2021,374.117,124819.0,30463.0,775639.0,621.582546104,3696.0,374.117,621.582546104,124.819,30.463,775.639,1959.0,RENEW
SENIOR PLC,GB00282772,2932,12406,16,2021,827.8,425100.0,24200.0,658700.0,616.54459254,5664.0,827.8,616.54459254,425.1,24.2,658.7,1932.0,SENIOR
DFS FURNITURE PLC,GB07236769,4759,1969,14,2021,1104.8,284500.0,88700.0,1067800.0,723.481874079,5506.0,1104.8,723.481874079,284.5,88.7,1067.8,1904.0,DFS FURNITURE
COSTAIN GROUP PLC,GB01393773,4211,28775,13,2021,532.4,199000.0,-5800.0,1135200.0,146.823172445,3503.0,532.4,146.823172445,199.0,-5.8,1135.2,1977.0,COSTAIN
SIGMAROC PLC,GB05204176,6619,2004,18,2021,769.315,411154.0,-7561.0,273349.0,532.659637562,1885.0,769.315,532.659637562,411.154,-7.561,273.349,1904.0,SIGMAROC
VICTORIA PLC,GB00282204,1393,12389,28,2021,1354.4,208200.0,2800.0,666200.0,988.567154598,3475.0,1354.4,988.567154598,208.2,2.8,666.2,1932.0,VICTORIA
MORGAN ADVANCED MATERIALS PLC,GB00286773,2059,12520,11,2021,912.5,349600.0,73800.0,956200.0,1023.051417866,7800.0,912.5,1023.051417866,349.6,73.8,956.2,1933.0,MORGAN ADVANCED MATERIALS
ICG PLC,GB02234775,6630,32225,16,2021,8872.5,2001800.0,525100.0,1051300.0,5187.814236701,507.0,8872.5,5187.814236701,2001.8,525.1,1051.3,1987.0,ICG
CLOSE BROTHERS GROUP PLC,GB00520241,6420,19513,18,2021,12034.5,1569300.0,202100.0,1042900.0,2326.8390467,3515.0,12034.5,2326.8390467,1569.3,202.1,1042.9,1952.0,CLOSE BROTHERS
HAYS PLC,GB02150950,7810,31986,21,2021,1873.5,871800.0,61500.0,918100.0,2658.828656503,10778.0,1873.5,2658.828656503,871.8,61.5,918.1,1986.0,HAYS
PLAYTECH PLC,GBIM008505V,5829,2002,10,2021,3079.19939357126,1333086.02281162,568745.149879027,1055542.43647872,2244.062717792,6909.0,3079.19939357126,2244.062717792,1333.08602281162,568.745149879027,1055.54243647872,1904.0,PLAYTECH
MCBRIDE PLC,GB02798634,2041,34039,9,2021,431.8,69800.0,13400.0,682300.0,158.522606079,3320.0,431.8,158.522606079,69.8,13.4,682.3,1992.0,MCBRIDE
TBC BANK GROUP PLC,GB10029943,6420,42426,20,2021,5889.61876030658,829971.704346865,194409.442784881,348932.939487568,910.072284,9862.0,5889.61876030658,910.072284,829.971704346865,194.40944278488098,348.932939487568,2015.0,TBC BANK
VOLEX PLC,GB00158956,2434,7202,14,2021,299.694857475438,133682.069758741,28262.1332261685,322072.07350027,541.044270761,6353.0,299.694857475438,541.044270761,133.68206975874102,28.262133226168498,322.07207350027005,1918.0,VOLEX
RATHBONES GROUP PLC,GB01000403,6630,25954,22,2021,3271.753,623282.0,75229.0,435927.0,1230.146294901,1967.0,3271.753,1230.146294901,623.282,75.229,435.927,1970.0,RATHBONES
MARSTON'S PLC,GB00031461,1105,14/05/1890,14,2021,2467.9,406400.0,162800.0,482000.0,529.513998923,12380.0,2467.9,529.513998923,406.4,162.8,482.0,1890.0,MARSTON S
HOCHSCHILD MINING PLC,GB05777693,2441,2006,16,2021,1082.86074693669,565314.92223328,57268.1306680876,638144.316732916,672.873626167,3587.0,1082.86074693669,672.873626167,565.3149222332801,57.2681306680876,638.1443167329161,1904.0,HOCHSCHILD MINING
LAND SECURITIES GROUP PLC,GB04369054,9499,1955,23,2021,12895.0,7991000.0,869000.0,698000.0,5825.137253728,610.0,12895.0,5825.137253728,7991.0,869.0,698.0,1904.0,LAND SECURITIES
HILL & SMITH PLC,GB00671474,2511,22189,14,2021,673.3,339600.0,34200.0,705700.0,1432.964461193,4386.0,673.3,1432.964461193,339.6,34.2,705.7,1959.0,HILL SMITH
THE RANK GROUP PLC,GB03140769,9329,35055,18,2021,858.1,361200.0,-72100.0,394000.0,786.02475729,7933.0,858.1,786.02475729,361.2,-72.1,394.0,1995.0,RANK
ROTORK PLC,GB00578327,2899,20863,17,2021,666.753,534080.0,80245.0,569614.0,3072.907255904,3198.0,666.753,3072.907255904,534.08,80.245,569.614,1956.0,ROTORK
HUNTING PLC,GB00974568,4950,25640,17,2021,753.014804687621,648578.291147019,-63867.8037190568,391097.250279633,279.078604272,1949.0,753.014804687621,279.078604272,648.5782911470191,-63.8678037190568,391.097250279633,1969.0,HUNTING
S4 CAPITAL PLC,GB10476913,7311,2016,55,2021,1685.664,801238.0,-56715.0,686601.0,3521.913450364,5794.0,1685.664,3521.913450364,801.238,-56.715,686.601,1904.0,S CAPITAL
DR. MARTENS PLC,GB12960219,4642,2020,12,2021,859.1,328200.0,181200.0,908300.0,2388.531819047,2229.0,859.1,2388.531819047,328.2,181.2,908.3,1904.0,DR MARTENS
FUTURE PLC,GB03757874,5819,36272,19,2021,1631.1,862300.0,66100.0,606800.0,4451.049178659,2527.0,1631.1,4451.049178659,862.3,66.1,606.8,1998.0,FUTURE
BODYCOTE PLC,GB00519057,2561,19476,11,2021,1069.8,685400.0,59500.0,619600.0,1657.053117536,4757.0,1069.8,1657.053117536,685.4,59.5,619.6,1952.0,BODYCOTE
RENISHAW PLC,GB01106260,2651,26758,19,2021,856.88,703330.0,111459.0,565559.0,3585.563506007,4437.0,856.88,3585.563506007,703.33,111.459,565.559,1972.0,RENISHAW
SEGRO PLC,GB00167591,6831,7445,18,2021,17783.0,13436000.0,4060000.0,546000.0,17273.25680729,385.0,17783.0,17273.25680729,13436.0,4060.0,546.0,1919.0,SEGRO
TULLOW OIL PLC,GB03919249,0910,36560,14,2021,4124.31180985788,-346955.516473804,-60071.4657357563,956826.047791092,665.168904596,378.0,4124.31180985788,665.168904596,-346.95551647380404,-60.0714657357563,956.8260477910919,1999.0,TULLOW OIL
FERREXPO PLC,GB05432915,0710,2005,11,2021,1557.11194227054,1363314.84326302,648349.766488024,1881590.90474322,1762.340656448,8267.0,1557.11194227054,1762.340656448,1363.31484326302,648.349766488024,1881.5909047432199,1904.0,FERREXPO
DOMINO'S PIZZA GROUP PLC,GB03853545,5610,36438,14,2021,522.0,-58600.0,78300.0,595300.0,2055.533072781,1906.0,522.0,2055.533072781,-58.6,78.3,595.3,1998.0,DOMINO S PIZZA
CVS GROUP PLC,GB06312831,7500,39276,14,2021,484.5,191100.0,19300.0,510100.0,1708.70380831,7241.0,484.5,1708.70380831,191.1,19.3,510.1,2006.0,CVS
RWS HOLDINGS PLC,GB03002645,7490,34684,22,2021,1347.2,1010900.0,41200.0,695700.0,2439.216783422,7660.0,1347.2,2439.216783422,1010.9,41.2,695.7,1994.0,RWS
SHAWBROOK GROUP PLC,GB07240248,6420,2010,95,2021,11029.5,960200.0,149300.0,394700.0,,964.0,11029.5,,960.2,149.3,394.7,1904.0,SHAWBROOK
GENUS PLC,GB02972325,7211,34603,15,2021,851.0,496600.0,47300.0,574300.0,3261.607016461,3096.0,851.0,3261.607016461,496.6,47.3,574.3,1993.0,GENUS
F&C INVESTMENT TRUST PLC,GB00012901,6430,1868,11,2021,5840.501,5280934.0,919278.0,929562.0,4878.011996971,,5840.501,4878.011996971,5280.934,919.278,929.562,1904.0,F C INVESTMENT TRUST
SAGA PLC,GB08804263,7010,41613,15,2021,2302.4,652900.0,-28000.0,377200.0,399.680521308,3776.0,2302.4,399.680521308,652.9,-28.0,377.2,2013.0,SAGA
OSB GROUP PLC,GB11976839,6419,43587,23,2021,24531.9,2024400.0,345300.0,629000.0,2487.641490203,1755.0,24531.9,2487.641490203,2024.4,345.3,629.0,2018.0,OSB
NINETY ONE PLC,GB12245293,6619,2019,11,2021,11682.1,341600.0,205300.0,797000.0,1586.447597422,1182.0,11682.1,1586.447597422,341.6,205.3,797.0,1904.0,NINETY ONE
GAMMA COMMUNICATIONS PLC,GB08943488,6190,41715,20,2021,361.8,254200.0,53600.0,447700.0,1588.978809,1671.0,361.8,1588.978809,254.2,53.6,447.7,2013.0,GAMMA COMMUNICATIONS
NEXT 15 GROUP PLC,GB01579589,7320,29810,13,2021,444.758,61459.0,-69219.0,470055.0,1141.577101202,2686.0,444.758,1141.577101202,61.459,-69.219,470.055,1980.0,NEXT
HELIOS TOWERS PLC,GB12134855,6190,43678,29,2021,1438.5887816719,125055.839449902,-116272.155488539,334301.056529469,1802.560029984,461.0,1438.5887816719,1802.560029984,125.05583944990201,-116.27215548853901,334.30105652946895,2018.0,HELIOS TOWERS
MARSHALLS PLC,GB05100353,2361,38090,12,2021,595.972,344317.0,54806.0,599823.0,1385.361225382,2700.0,595.972,1385.361225382,344.317,54.806,599.823,2003.0,MARSHALLS
CLARKSON PLC,GB01190238,5222,27345,14,2021,682.1,361600.0,50100.0,443300.0,1182.653619945,1686.0,682.1,1182.653619945,361.6,50.1,443.3,1973.0,CLARKSON
BRIDGEPOINT GROUP PLC,GB11443992,6430,43283,29,2021,1280.1,716300.0,57800.0,270600.0,4058.714914497,344.0,1280.1,4058.714914497,716.3,57.8,270.6,2017.0,BRIDGEPOINT
AUTO TRADER GROUP PLC,GB09439967,4511,42048,29,2021,542.9,472500.0,244700.0,432700.0,5967.722016499,960.0,542.9,5967.722016499,472.5,244.7,432.7,2014.0,AUTO TRADER
GENUIT GROUP PLC,GB06059130,2223,39101,13,2021,1026.0,617700.0,41000.0,594300.0,1454.272025654,3658.0,1026.0,1454.272025654,617.7,41.0,594.3,2006.0,GENUIT
CREST NICHOLSON HOLDINGS PLC,GB06800600,2892,39836,19,2021,1608.4,901600.0,70900.0,786600.0,914.637104139,661.0,1608.4,914.637104139,901.6,70.9,786.6,2008.0,CREST NICHOLSON
CARD FACTORY PLC,GB09002747,1812,41746,7,2021,536.0,219600.0,8100.0,372400.0,199.998822149,9170.0,536.0,199.998822149,219.6,8.1,372.4,2013.0,CARD FACTORY
IG GROUP HOLDINGS PLC,GB04677092,6612,2003,13,2021,1728.1,1133300.0,371900.0,860600.0,3173.466216344,2004.0,1728.1,3173.466216344,1133.3,371.9,860.6,1904.0,IG
METRO BANK HOLDINGS,GB14387040,6420,44833,23,2021,,,,,,,,,,,,2021.0,METRO BANK
PZ CUSSONS PLC,GB00019457,2041,20/02/1884,18,2021,780.5,371500.0,-9400.0,605700.0,1093.248627557,3152.0,780.5,1093.248627557,371.5,-9.4,605.7,1884.0,PZ CUSSONS
JOHNSON SERVICE GROUP PLC,GB00523335,9601,19606,11,2021,408.6,272400.0,6600.0,278100.0,657.198830587,4980.0,408.6,657.198830587,272.4,6.6,278.1,1952.0,JOHNSON SERVICE
PARAGON BANKING GROUP PLC,GB02336032,6420,32525,42,2021,15137.0,1241900.0,164500.0,361300.0,1365.901165601,1441.0,15137.0,1365.901165601,1241.9,164.5,361.3,1988.0,PARAGON BANKING
REACH PLC,GB00082548,1811,1777,11,2021,1342.5,638800.0,2900.0,615800.0,886.928802696,4671.0,1342.5,886.928802696,638.8,2.9,615.8,1903.0,REACH
THE BRITISH LAND COMPANY PLC,GB00621920,6831,21607,17,2021,9910.0,6768000.0,963000.0,412000.0,4915.976629787,636.0,9910.0,4915.976629787,6768.0,963.0,412.0,1958.0,BRITISH LAND
CHEMRING GROUP PLC,GB00086662,2611,2161,13,2021,531.5,352800.0,41500.0,393300.0,828.212306173,2255.0,531.5,828.212306173,352.8,41.5,393.3,1904.0,CHEMRING
RIT CAPITAL PARTNERS PLC,GB02129188,6430,31904,33,2021,4985.0,4390300.0,859200.0,916300.0,4308.50299,55.0,4985.0,4308.50299,4390.3,859.2,916.3,1986.0,RIT CAPITAL PARTNERS
YOUNG & CO'S BREWERY PLC,GB00032762,1105,1890,23,2021,1057.8,699700.0,34400.0,325900.0,486.843273775,4850.0,1057.8,486.843273775,699.7,34.4,325.9,1904.0,YOUNG S BREWERY
ELEMENTIS PLC,GB03299608,2059,35437,22,2021,1367.12830198624,670686.37704977,1860.94999181401,655128.835118204,765.725783316,1209.0,1367.12830198624,765.725783316,670.6863770497699,1.86094999181401,655.128835118204,1996.0,ELEMENTIS
PPHE HOTEL GROUP LIMITED,GBGG47131,5510,39247,14,2021,1675.368,447211.0,-52129.0,165386.0,609.163335818,,1675.368,609.163335818,447.211,-52.129,165.386,2006.0,PPHE HOTEL
VANQUIS BANKING GROUP PLC,GB00668987,6492,22159,13,2021,2725.3,631200.0,-32100.0,481600.0,911.288781944,2535.0,2725.3,911.288781944,631.2,-32.1,481.6,1959.0,VANQUIS BANKING
LONDONMETRIC PROPERTY PLC,GB07124797,6831,40191,22,2021,3655.2,2569800.0,734500.0,133200.0,2698.999403513,32.0,3655.2,2698.999403513,2569.8,734.5,133.2,2009.0,LONDONMETRIC PROPERTY
TRAINLINE PLC,GB11961132,5229,43579,16,2021,643.005,259493.0,-11905.0,188513.0,978.665520706,690.0,643.005,978.665520706,259.493,-11.905,188.513,2018.0,TRAINLINE
SERICA ENERGY PLC,GB05450950,0610,38484,14,2021,511.144156731567,202864.391747635,59024.8674603601,382712.553996515,648.027439119,,511.144156731567,648.027439119,202.864391747635,59.024867460360106,382.712553996515,2004.0,SERICA ENERGY
BARR (A.G.) PLC,GBSC005653,1107,1643,13,2021,336.3,248200.0,27900.0,269300.0,554.542890082,895.0,336.3,554.542890082,248.2,27.9,269.3,1903.0,BARR A G
OXFORD INSTRUMENTS PLC,GB00775598,2651,23284,9,2021,514.0,316400.0,38600.0,367300.0,1216.509022493,1878.0,514.0,1216.509022493,316.4,38.6,367.3,1962.0,OXFORD INSTRUMENTS
ROSEBANK INDUSTRIES PLC,GB685348EX,7022,2024,6,2021,,,,,,,,,,,,1904.0,ROSEBANK INDUSTRIES
DISCOVERIE GROUP PLC,GB02008246,2611,31511,17,2021,592.7,290400.0,25200.0,541900.0,752.194149844,4886.0,592.7,752.194149844,290.4,25.2,541.9,1985.0,DISCOVERIE
JUPITER FUND MANAGEMENT PLC,GB06150195,6430,2007,11,2021,1340.7,900800.0,149600.0,568600.0,1418.047679796,584.0,1340.7,1418.047679796,900.8,149.6,568.6,1904.0,JUPITER FUND MANAGEMENT
PAN AFRICAN RESOURCES PLC,GB03937466,2441,36581,16,2021,348.475265441644,204596.518021955,53878.6988918595,267512.948108804,385.260126264,2104.0,348.475265441644,385.260126264,204.596518021955,53.8786988918595,267.512948108804,1999.0,PAN AFRICAN RESOURCES
DAR GLOBAL PLC,GB14388348,6831,2022,21,2021,,,,,,,,,,,,1904.0,DAR GLOBAL
VOLUTION GROUP PLC,GB09041571,7739,41774,20,2021,383.983,185290.0,20836.0,272725.0,933.679967905,1475.0,383.983,933.679967905,185.29,20.836,272.725,2013.0,VOLUTION
TRITAX BIG BOX REIT PLC,GB08215888,6831,2012,31,2021,5593.9,4076500.0,972600.0,203500.0,4650.775479713,,5593.9,4650.775479713,4076.5,972.6,203.5,1904.0,TRITAX BIG BOX REIT
CMC MARKETS PLC,GB05145017,6612,38141,9,2021,646.81,368878.0,71479.0,325658.0,738.798046003,917.0,646.81,738.798046003,368.878,71.479,325.658,2003.0,CMC MARKETS
SPEEDY HIRE PLC,GB00927680,7739,24890,11,2021,486.6,216400.0,21600.0,386800.0,280.140180824,3554.0,486.6,280.140180824,216.4,21.6,386.8,1967.0,SPEEDY HIRE
FISHER (JAMES) & SONS PLC,GB00211475,5222,9530,9,2021,614.9,210600.0,-27800.0,494100.0,186.211439341,2662.0,614.9,186.211439341,210.6,-27.8,494.1,1925.0,FISHER JAMES SONS
FULLER SMITH & TURNER PLC,GB00241882,1105,10827,13,2021,749.7,449200.0,7100.0,259200.0,251.423909978,4240.0,749.7,251.423909978,449.2,7.1,259.2,1928.0,FULLER SMITH TURNER
YOUGOV PLC,GB03607311,7220,1998,11,2021,198.5,112000.0,12500.0,169000.0,1403.551265671,1471.0,198.5,1403.551265671,112.0,12.5,169.0,1904.0,YOUGOV
IBSTOCK PLC,GB09760850,2361,42250,15,2021,756.143,423229.0,31813.0,411180.0,834.829232325,2106.0,756.143,834.829232325,423.229,31.813,411.18,2014.0,IBSTOCK
MURRAY INTERNATIONAL TRUST PLC,GBSC006705,6430,2558,11,2021,1763.394,1561066.0,198114.0,206622.0,1454.963078166,,1763.394,1454.963078166,1561.066,198.114,206.622,1906.0,MURRAY TRUST
UNITE GROUP PLC,GB03199160,5590,35200,25,2021,5051.1,3554400.0,342400.0,266900.0,4432.162575205,1797.0,5051.1,4432.162575205,3554.4,342.4,266.9,1995.0,UNITE
RESTORE PLC,GB05169780,7490,38170,13,2021,605.6,265200.0,11500.0,234300.0,669.702941334,2450.0,605.6,669.702941334,265.2,11.5,234.3,2003.0,RESTORE
PAYPOINT PLC,GB03581541,8291,35961,22,2021,232.133,83258.0,69540.0,149282.0,401.052094212,670.0,232.133,401.052094212,83.258,69.54,149.282,1997.0,PAYPOINT
HENRY BOOT PLC,GB00160996,4120,7270,19,2021,508.895,355286.0,28160.0,230598.0,378.576027039,469.0,508.895,378.576027039,355.286,28.16,230.598,1918.0,HENRY BOOT
GLOBALDATA PLC,GB03925319,5819,36565,11,2021,459.6,106300.0,24900.0,190200.0,1685.830112096,3624.0,459.6,1685.830112096,106.3,24.9,190.2,1999.0,GLOBALDATA
JADESTONE ENERGY PLC,GB13152520,0610,44218,22,2021,541.645127097399,102532.389508978,-12708.7996840962,257012.825849446,390.668226883,278.0,541.645127097399,390.668226883,102.532389508978,-12.708799684096201,257.012825849446,2020.0,JADESTONE ENERGY
SIRIUS REAL ESTATE LIMITED,GBGG46442,9499,39133,12,2021,2018.70912495903,1007347.15522234,125064.812867377,177763.165000312,1469.889963336,416.0,2018.70912495903,1469.889963336,1007.34715522234,125.064812867377,177.763165000312,2006.0,SIRIUS REAL ESTATE
VICTREX PLC,GB02793780,2221,34025,12,2021,615.3,511700.0,73200.0,306300.0,2071.591382319,895.0,615.3,2071.591382319,511.7,73.2,306.3,1992.0,VICTREX
GB GROUP PLC,GB02415211,5829,32741,15,2021,1080.985,787127.0,15263.0,242480.0,1390.320192716,1098.0,1080.985,1390.320192716,787.127,15.263,242.48,1988.0,GB
SAVANNAH ENERGY PLC,GB09115262,0910,2014,12,2021,1003.86118664419,228329.631435618,571.683837485264,138305.059011621,224.191886761,230.0,1003.86118664419,224.191886761,228.329631435618,0.571683837485264,138.30505901162098,1904.0,SAVANNAH ENERGY
HAMMERSON PLC,GB00360632,6831,14718,15,2021,4913.9,2746000.0,-429100.0,142400.0,1447.059101985,426.0,4913.9,1447.059101985,2746.0,-429.1,142.4,1939.0,HAMMERSON
DERWENT LONDON PLC,GB01819699,6831,30827,30,2021,5909.6,4441800.0,252300.0,187200.0,3831.920787717,163.0,5909.6,3831.920787717,4441.8,252.3,187.2,1983.0,DERWENT LONDON
THE GYM GROUP PLC,GB08528493,9313,41408,16,2021,564.7,152100.0,-35400.0,113300.0,452.376863371,2005.0,564.7,452.376863371,152.1,-35.4,113.3,2012.0,GYM
SHAFTESBURY CAPITAL PLC,GB07145051,6831,2010,12,2021,2798.9,1786800.0,34800.0,73000.0,1433.543091158,69.0,2798.9,1433.543091158,1786.8,34.8,73.0,1904.0,SHAFTESBURY CAPITAL
ALLIANCE TRUST PLC,GBSC001731,6430,01/01/1888,38,2021,3753.989,3359180.0,540023.0,549238.0,,,3753.989,,3359.18,540.023,549.238,1888.0,ALLIANCE TRUST
PRIMARY HEALTH PROPERTIES PLC,GB03033634,6831,34774,20,2021,2853.1,1499900.0,140100.0,145600.0,2017.992630737,,2853.1,2017.992630737,1499.9,140.1,145.6,1994.0,PRIMARY HEALTH PROPERTIES
SAFESTORE HOLDINGS PLC,GB04726380,5210,37719,11,2021,2117.3,1374900.0,382000.0,186800.0,2534.101006567,650.0,2117.3,2534.101006567,1374.9,382.0,186.8,2002.0,SAFESTORE
OXFORD NANOPORE TECHNOLOGIES PLC,GB05386273,7211,2005,33,2021,841.866,703976.0,-167613.0,133661.0,5726.418776968,810.0,841.866,5726.418776968,703.976,-167.613,133.661,1904.0,OXFORD NANOPORE TECHNOLOGIES
SABRE INSURANCE GROUP PLC,GB10974661,6511,2017,9,2021,591.631,252727.0,30140.0,145442.0,459.500014782,151.0,591.631,459.500014782,252.727,30.14,145.442,1904.0,SABRE INSURANCE
BANKERS INVESTMENT TRUST PLC,GB00026351,6430,,45,2021,1729.817,1587384.0,330636.0,333894.0,1496.901007856,,1729.817,1496.901007856,1587.384,330.636,333.894,,BANKERS INVESTMENT TRUST
3I INFRASTRUCTURE PLC,GBJE95682,6430,2007,8,2021,3020.0,2704000.0,404000.0,0.0,3097.733099736,,3020.0,3097.733099736,2704.0,404.0,0.0,1904.0,I INFRASTRUCTURE
SECURE TRUST BANK PLC,GB00541132,6419,20054,140,2021,2885.9,302400.0,45600.0,165900.0,248.015810057,973.0,2885.9,248.015810057,302.4,45.6,165.9,1953.0,SECURE TRUST BANK
GLOBALWORTH REAL ESTATE INVESTMENTS LIMITED,GBGG56250,6831,2013,12,2021,3058.27655279962,1465812.05334868,40037.2641900461,185816.779985899,1098.49185379368,,3058.27655279962,1098.49185379368,1465.8120533486801,40.0372641900461,185.816779985899,1904.0,GLOBALWORTH REAL ESTATE INVESTMENTS
BIG YELLOW GROUP PLC,GB03625199,5210,36033,12,2021,2670.38,2184375.0,697274.0,171318.0,2825.73886292,495.0,2670.38,2825.73886292,2184.375,697.274,171.318,1997.0,BIG YELLOW
ASA INTERNATIONAL GROUP PLC,GB11361159,6420,43234,20,2021,418.753944677976,77000.9000012867,4732.76801918139,116357.014808166,139.250004292,13047.0,418.753944677976,139.250004292,77.00090000128671,4.73276801918139,116.357014808166,2017.0,ASA
AUCTION TECHNOLOGY GROUP PLC,GB13141124,5829,2020,26,2021,619.055,439454.0,-27364.0,70426.0,1595.999889888,243.0,619.055,1595.999889888,439.454,-27.364,70.426,1904.0,AUCTION TECHNOLOGY
CHESNARA PLC,GB04947166,7010,37923,72,2021,9687.005,458167.0,27294.0,1505696.0,427.914951381,322.0,9687.005,427.914951381,458.167,27.294,1505.696,2002.0,CHESNARA
WORKSPACE GROUP PLC,GB02041612,6831,31622,19,2021,2511.9,1799600.0,123900.0,133500.0,1240.708006877,249.0,2511.9,1240.708006877,1799.6,123.9,133.5,1985.0,WORKSPACE
EDINBURGH WORLDWIDE INVESTMENT TRUST PLC,GBSC184775,6430,36045,13,2021,1409.814,1341355.0,167394.0,168351.0,1294.625778475,,1409.814,1294.625778475,1341.355,167.394,168.351,1997.0,EDINBURGH WORLDWIDE INVESTMENT TRUST
ARBUTHNOT BANKING GROUP PLC,GB01954085,6420,31355,18,2021,3358.867,200879.0,6786.0,101256.0,124.32355648,606.0,3358.867,124.32355648,200.879,6.786,101.256,1984.0,ARBUTHNOT BANKING
HICL INFRASTRUCTURE PLC,GB11738373,6619,2006,18,2021,3159.9,3159100.0,368700.0,0.0,3447.527976367,,3159.9,3447.527976367,3159.1,368.7,0.0,1904.0,HICL INFRASTRUCTURE
KISTOS HOLDINGS PLC,GB14490676,0610,44882,8,2021,357.422,70571.0,-40108.0,89689.0000000003,,10.0,357.422,,70.571,-40.108,89.6890000000003,2021.0,KISTOS
FUNDING CIRCLE HOLDINGS PLC,GB07123934,6201,40191,18,2021,565.9,288000.0,61200.0,235500.0,399.41408586,804.0,565.9,399.41408586,288.0,61.2,235.5,2009.0,FUNDING CIRCLE
ASHMORE GROUP PLC,GB03675683,6619,36129,8,2021,1108.0,932700.0,240100.0,292900.0,2744.052027428,298.0,1108.0,2744.052027428,932.7,240.1,292.9,1997.0,ASHMORE
PEEL HUNT LIMITED,GBGG65579,6420,43230,12,2021,727.674,100134.0,10954.0,131102.0,152.280786571,309.0,727.674,152.280786571,100.134,10.954,131.102,2017.0,PEEL HUNT
GULF MARINE SERVICES PLC,GB08860816,3011,41663,14,2021,502.007636651757,195554.58017979,23076.5242784905,85719.078522937,58.545482704,545.0,502.007636651757,58.545482704,195.55458017979,23.0765242784905,85.719078522937,2013.0,GULF MARINE SERVICES
CLS HOLDINGS PLC,GB02714781,6831,33738,28,2021,2538.5,1330700.0,119500.0,139800.0,890.159712289,112.0,2538.5,890.159712289,1330.7,119.5,139.8,1991.0,CLS
GRAINGER PLC,GB00125575,9499,1912,12,2021,3272.2,1739000.0,109500.0,75700.0,2260.736248206,294.0,3272.2,2260.736248206,1739.0,109.5,75.7,1904.0,GRAINGER
HARWORTH GROUP PLC,GB02649340,7010,33508,14,2021,762.169,577984.0,93990.0,109884.0,,85.0,762.169,,577.984,93.99,109.884,1990.0,HARWORTH
NEWRIVER REIT PLC,GB10221027,9499,2009,14,2021,819.1,414100.0,-26600.0,96900.0,263.803534542,56.0,819.1,263.803534542,414.1,-26.6,96.9,1904.0,NEWRIVER REIT
ON THE BEACH GROUP PLC,GB09736592,7911,42233,14,2021,276.7,149900.0,-30200.0,21200.0,633.479559161,500.0,276.7,633.479559161,149.9,-30.2,21.2,2014.0,ON BEACH
SUPERMARKET INCOME REIT PLC,GB10799126,9499,2017,11,2021,1302.634,871310.0,81956.0,48986.0,952.596158742,,1302.634,952.596158742,871.31,81.956,48.986,1904.0,SUPERMARKET INCOME REIT
IP GROUP PLC,GB04204490,6619,2001,33,2021,1879.3,1738100.0,449300.0,13600.0,1288.453686804,104.0,1879.3,1288.453686804,1738.1,449.3,13.6,1904.0,IP
GREAT PORTLAND ESTATES PLC,GB00596137,6831,21184,33,2021,2774.5,2112900.0,167200.0,84200.0,1807.539497267,129.0,2774.5,1807.539497267,2112.9,167.2,84.2,1957.0,GREAT PORTLAND ESTATES
S & U PLC,GB00342025,6491,1938,12,2021,327.229,206747.0,37982.0,87889.0,327.92202,200.0,327.229,327.92202,206.747,37.982,87.889,1904.0,S U
BIOPHARMA CREDIT PLC,GB10443190,6619,2016,12,2021,1020.25987797206,1015123.65599465,63241.7801418106,92676.0539723345,1000.222606359,,1020.25987797206,1000.222606359,1015.12365599465,63.2417801418106,92.6760539723345,1904.0,BIOPHARMA CREDIT
AVATION PLC,GB05872328,7739,38909,14,2021,925.43799448574,113258.374565025,-61231.3682246491,86421.4561055818,66.013716972,19.0,925.43799448574,66.013716972,113.25837456502501,-61.2313682246491,86.42145610558181,2005.0,AVATION
REGIONAL REIT LIMITED,GBGG60527,9499,2015,7,2021,1010.688,502401.0,28757.0,79899.0,484.276669143,,1010.688,484.276669143,502.401,28.757,79.899,1904.0,REGIONAL REIT
TARGET HEALTHCARE REIT PLC,GB11990238,6619,2019,14,2021,718.394,565185.0,43884.0,49980.0,590.319137317,,718.394,590.319137317,565.185,43.884,49.98,1904.0,TARGET HEALTHCARE REIT
THE LAW DEBENTURE CORPORATION PLC,GB00030397,6430,1889,13,2021,1092.017,878837.0,148833.0,50064.0,982.097493517,222.0,1092.017,982.097493517,878.837,148.833,50.064,1904.0,LAW DEBENTURE CORPORATION
POLLEN STREET GROUP LIMITED,GBGG70165,9499,2021,6,2021,,,,,,,,,,,,1904.0,POLLEN STREET
CUSTODIAN PROPERTY INCOME REIT PLC,GB08863271,9499,2014,15,2021,682.011,527640.0,122325.0,39891.0,448.785708107,,682.011,448.785708107,527.64,122.325,39.891,1904.0,CUSTODIAN PROPERTY INCOME REIT
PICTON PROPERTY INCOME LIMITED,GBGG43673,9499,38610,16,2021,895.807,657130.0,146986.0,46543.0,538.296322802,9.0,895.807,538.296322802,657.13,146.986,46.543,2004.0,PICTON PROPERTY INCOME
SYNCONA LIMITED,GBGG55514,9499,2012,38,2021,1333.386,1309841.0,8838.0,25391.0,1066.773756696,,1333.386,1066.773756696,1309.841,8.838,25.391,1904.0,SYNCONA
GRIT REAL ESTATE INCOME GROUP LIMITED,GBGG68739,9499,44234,34,2021,584.798699510307,200825.326491314,-37457.280530145,35624.3429480182,152.368353924,91.0,584.798699510307,152.368353924,200.82532649131397,-37.457280530145,35.6243429480182,2020.0,GRIT REAL ESTATE INCOME
MALIBU LIFE HOLDINGS LIMITED,GBGG47161,6430,2007,11,2021,898.515040747591,786990.540878168,148149.484468317,20.8426399083169,687.397850752,,898.515040747591,687.397850752,786.990540878168,148.149484468317,0.0208426399083169,1904.0,MALIBU LIFE
FIDELITY CHINA SPECIAL SITUATIONS PLC,GB07133583,6430,2010,20,2021,1509.576,1400621.0,-753784.0,-160189.0,1295.172660877,,1509.576,1295.172660877,1400.621,-753.784,-160.189,1904.0,FIDELITY CHINA SPECIAL SITUATIONS
TR PROPERTY INVESTMENT TRUST PLC,GB00084492,6430,1905,13,2021,1686.101,1562739.0,281687.0,34965.0,1448.707241859,,1686.101,1448.707241859,1562.739,281.687,34.965,1904.0,TR PROPERTY INVESTMENT TRUST
PACIFIC HORIZON INVESTMENT TRUST PLC,GB02342193,6430,,12,2021,758.275,687231.0,199167.0,208327.0,709.20626656,,758.275,709.20626656,687.231,199.167,208.327,,PACIFIC HORIZON INVESTMENT TRUST
LIVING REIT PLC,GB10814022,9499,2017,23,2021,699.989,436113.0,28410.0,33117.0,389.899775831,,699.989,389.899775831,436.113,28.41,33.117,1904.0,LIVING REIT
JPMORGAN JAPANESE INVESTMENT TRUST PLC,GB00223583,6430,1927,29,2021,1317.568,1154544.0,109086.0,,1070.606586827,,1317.568,1070.606586827,1154.544,109.086,,1904.0,JPMORGAN JAPANESE INVESTMENT TRUST
HELICAL PLC,GB00156663,6831,7006,29,2021,1135.129,687043.0,88894.0,53431.0,502.757422098,28.0,1135.129,502.757422098,687.043,88.894,53.431,1918.0,HELICAL
FIDELITY EMERGING MARKETS LIMITED,GBGG20790,6430,1989,12,2021,1233.15005537564,1225619.21383396,349109.327674895,23.8043841834649,1116.279418291,,1233.15005537564,1116.279418291,1225.61921383396,349.109327674895,0.0238043841834649,1904.0,FIDELITY EMERGING MARKETS
CAB PAYMENTS HOLDINGS PLC,GB09659405,6420,2015,20,2021,1315.605,79728.0,7143.0,12175.0,,216.0,1315.605,,79.728,7.143,12.175,1904.0,CAB PAYMENTS
LENDINVEST PLC,GB08146929,6492,2012,12,2021,1376.2,103300.0,7500.0,29000.0,274.020832213,275.0,1376.2,274.020832213,103.3,7.5,29.0,1904.0,LENDINVEST
PANTHEON INFRASTRUCTURE PLC,GB13611678,9499,2021,16,2021,,,,,,,,,,,,1904.0,PANTHEON INFRASTRUCTURE
FIDELITY EUROPEAN TRUST PLC,GB02638812,9499,1991,11,2021,1475.292,1474233.0,282344.0,39979.0,1399.509635086,,1475.292,1399.509635086,1474.233,282.344,39.979,1904.0,FIDELITY EUROPEAN TRUST
GREENCOAT UK WIND PLC,GB08318092,6619,2012,9,2021,4049.978,3093699.0,363219.0,1788.0,3257.839579717,,4049.978,3257.839579717,3093.699,363.219,1.788,1904.0,GREENCOAT UK WIND
PANTHEON INTERNATIONAL PLC,GB02147984,6430,1987,17,2021,1921.057,1865231.0,305965.0,0.0,1471.232973875,,1921.057,1471.232973875,1865.231,305.965,0.0,1904.0,PANTHEON
NEXTENERGY SOLAR FUND LIMITED,GBGG57739,6619,2008,22,2021,878.343,668500.0,127550.0,52235.0,609.105893329,,878.343,609.105893329,668.5,127.55,52.235,1904.0,NEXTENERGY SOLAR FUND
PHOENIX SPREE DEUTSCHLAND LIMITED,GBJE97031,9499,2007,5,2021,696.615010740281,374015.27513398,31456.3449260841,21748.2209995247,369.35242743,,696.615010740281,369.35242743,374.01527513397997,31.4563449260841,21.7482209995247,1904.0,PHOENIX SPREE DEUTSCHLAND
BLACKROCK WORLD MINING TRUST PLC,GB02868209,6430,1993,54,2021,1289.007,1142874.0,192470.0,18614.0,1081.881748716,,1289.007,1081.881748716,1142.874,192.47,18.614,1904.0,BLACKROCK WORLD MINING TRUST
MOLTEN VENTURES PLC,GB09799594,6619,2006,16,2021,1504.9,1433800.0,300700.0,21800.0,1187.278894299,48.0,1504.9,1187.278894299,1433.8,300.7,21.8,1904.0,MOLTEN VENTURES
BRUNNER INVESTMENT TRUST (THE) PLC,GB00226323,6430,1927,10,2021,539.874,502452.0,88943.0,11487.0,448.2736335,,539.874,448.2736335,502.452,88.943,11.487,1904.0,BRUNNER INVESTMENT TRUST
OCTOPUS TITAN VCT PLC,GB06397765,6619,2007,19,2021,1442.313,1373041.0,216557.0,500.0,1304.990881788,,1442.313,1304.990881788,1373.041,216.557,0.5,1904.0,OCTOPUS TITAN VCT
ALLIANZ TECHNOLOGY TRUST PLC,GB03117355,6430,1995,23,2021,1475.195,1472372.0,238956.0,5065.0,1491.750395109,1668.0,1475.195,1491.750395109,1472.372,238.956,5.065,1904.0,ALLIANZ TECHNOLOGY TRUST
PATRIA PRIVATE EQUITY TRUST PLC,GBSC216638,6619,36959,18,2021,1038.701,1035967.0,286276.0,8956.0,765.656547052,,1038.701,765.656547052,1035.967,286.276,8.956,2000.0,PATRIA PRIVATE EQUITY TRUST
THE NORTH AMERICAN INCOME TRUST PLC,GBSC005218,6430,1902,10,2021,490.561,448463.0,93872.0,6108.0,398.112882487,,490.561,398.112882487,448.463,93.872,6.108,1904.0,NORTH AMERICAN INCOME TRUST
THE SCOTTISH AMERICAN INVESTMENT COMPANY PLC,GBSC000489,6430,1873,11,2021,1028.437,930185.0,156985.0,4919.0,950.001074835,,1028.437,950.001074835,930.185,156.985,4.919,1904.0,SCOTTISH AMERICAN INVESTMENT
CT PRIVATE EQUITY TRUST PLC,GBSC179412,6430,1997,23,2021,515.979,473447.0,126733.0,6719.0,361.573577938,,515.979,361.573577938,473.447,126.733,6.719,1904.0,CT PRIVATE EQUITY TRUST
PERSONAL ASSETS TRUST PLC,GBSC074582,6430,1981,11,2021,1506.935,1503936.0,130125.0,4458.0,1525.064571352,,1506.935,1525.064571352,1503.936,130.125,4.458,1904.0,PERSONAL ASSETS TRUST
MANX FINANCIAL GROUP PLC,GBIM004908V,6491,1935,8,2021,308.753,24985.0,2809.0,3458.0,9.286192982,132.0,308.753,9.286192982,24.985,2.809,3.458,1904.0,MANX FINANCIAL
MURRAY INCOME TRUST PLC,GBSC012725,9499,1923,11,2021,1215.128,1093859.0,161217.0,2610.0,1019.474906235,,1215.128,1019.474906235,1093.859,161.217,2.61,1904.0,MURRAY INCOME TRUST
CHRYSALIS INVESTMENTS LIMITED,GBGG65432,6619,2018,9,2021,1510.419,1378934.0,448308.0,,1461.219154674,,1510.419,1461.219154674,1378.934,448.308,,1904.0,CHRYSALIS INVESTMENTS
CALEDONIA INVESTMENTS PLC,GB00235481,6430,1928,37,2021,2814.6,2782700.0,611200.0,5700.0,1935.093744276,66.0,2814.6,1935.093744276,2782.7,611.2,5.7,1904.0,CALEDONIA INVESTMENTS
FIDELITY SPECIAL VALUES PLC,GB02972628,6430,1994,18,2021,959.172,954090.0,329098.0,62205.0,965.694230141,,959.172,965.694230141,954.09,329.098,62.205,1904.0,FIDELITY SPECIAL VALUES
SCHRODER ASIAN TOTAL RETURN INVESTMENT COMPANY PLC,GB02153093,6430,1987,24,2021,603.727,551745.0,36311.0,,550.399727836,,603.727,550.399727836,551.745,36.311,,1904.0,SCHRODER ASIAN TOTAL RETURN INVESTMENT
DISTRIBUTION FINANCE CAPITAL HOLDINGS PLC,GB11911574,8411,2019,19,2021,388.608,86058.0,-3676.0,466.0,87.890909221,90.0,388.608,87.890909221,86.058,-3.676,0.466,1904.0,DISTRIBUTION FINANCE CAPITAL
RTW BIOTECH OPPORTUNITIES LTD.,GBGG66847,9499,2017,49,2021,327.053028501352,288343.779911627,-5803.93083446954,,261.238643791,,327.053028501352,261.238643791,288.343779911627,-5.80393083446954,,1904.0,RTW BIOTECH OPPORTUNITIES
ABERFORTH SMALLER COMPANIES TRUST PLC,GBSC126524,6430,1990,13,2021,1559.878,1472565.0,367526.0,17.0,1287.562644435,,1559.878,1287.562644435,1472.565,367.526,0.017,1904.0,ABERFORTH SMALLER COMPANIES TRUST
CORDIANT DIGITAL INFRASTRUCTURE LIMITED,GBGG68630,9499,2021,32,2021,823.367,822346.0,51370.0,8072.0,840.951110038,,823.367,840.951110038,822.346,51.37,8.072,1904.0,CORDIANT DIGITAL INFRASTRUCTURE
JPMORGAN CLAVERHOUSE INVESTMENT TRUST PLC,GB00754577,6430,1963,15,2021,566.438,465022.0,82761.0,16421.0,458.84322869,,566.438,458.84322869,465.022,82.761,16.421,1904.0,JPMORGAN CLAVERHOUSE INVESTMENT TRUST
BLACKROCK SMALLER COMPANIES TRUST PLC,GBSC006176,6430,1906,14,2021,1035.664,917078.0,62140.0,0.0,822.293704731,,1035.664,822.293704731,917.078,62.14,0.0,1904.0,BLACKROCK SMALLER COMPANIES TRUST
JPMORGAN EUROPEAN DISCOVERY TRUST PLC,GB02431143,6430,1989,27,2021,911.604,833719.0,2855.0,136.0,713.1146895,,911.604,713.1146895,833.719,2.855,0.136,1904.0,JPMORGAN EUROPEAN DISCOVERY TRUST
INTERNATIONAL PUBLIC PARTNERSHIPS LIMITED,GBGG45241,6430,2006,8,2021,2695.615,2528800.0,129211.0,26.0,2900.376169053,,2695.615,2900.376169053,2528.8,129.211,0.026,1904.0,PUBLIC PARTNERSHIPS
GRESHAM HOUSE ENERGY STORAGE FUND PLC,GB11535957,9499,2018,197,2021,511.881,511671.0,80392.0,298.0,571.383888824,,511.881,571.383888824,511.671,80.392,0.298,1904.0,GRESHAM HOUSE ENERGY STORAGE FUND
BLACKROCK THROGMORTON TRUST PLC,GB00594634,6430,1969,6,2021,956.872,935148.0,223334.0,30342.0,947.303367049,,956.872,947.303367049,935.148,223.334,30.342,1904.0,BLACKROCK THROGMORTON TRUST
NORTH ATLANTIC SMALLER COMPANIES INVESTMENT TRUST PLC,GB01091347,6430,1973,20,2021,790.001,789466.0,64906.0,27.0,591.521289577,,790.001,591.521289577,789.466,64.906,0.027,1904.0,NORTH ATLANTIC SMALLER COMPANIES INVESTMENT TRUST
HENDERSON SMALLER COMPANIES INVESTMENT TRUST PLC,GB00025526,6430,1887,8,2021,1088.316,992898.0,368651.0,249.0,956.160014248,,1088.316,956.160014248,992.898,368.651,0.249,1904.0,HENDERSON SMALLER COMPANIES INVESTMENT TRUST
THE GLOBAL SMALLER COMPANIES TRUST PLC,GB00028264,6430,1889,13,2021,1059.146,1007508.0,328343.0,0.0,970.55030572,,1059.146,970.55030572,1007.508,328.343,0.0,1904.0,GLOBAL SMALLER COMPANIES TRUST
FINSBURY GROWTH & INCOME TRUST PLC,GBSC013958,6430,1926,11,2021,2103.225,2064658.0,196614.0,597.0,1970.923865776,,2103.225,1970.923865776,2064.658,196.614,0.597,1904.0,FINSBURY GROWTH INCOME TRUST
JPMORGAN UK SMALL CAP GROWTH & INCOME PLC,GB02515996,6430,1990,66,2021,382.508,346291.0,140647.0,102.0,318.450803565,,382.508,318.450803565,346.291,140.647,0.102,1904.0,JPMORGAN UK SMALL CAP GROWTH INCOME
JPMORGAN EUROPEAN GROWTH & INCOME PLC,GB00237958,6430,1929,39,2021,484.902,439334.0,34062.0,74.0,371.693560076,,484.902,371.693560076,439.334,34.062,0.074,1904.0,JPMORGAN EUROPEAN GROWTH INCOME
THE CITY OF LONDON INVESTMENT TRUST PLC,GB00034871,6430,1891,9,2021,1857.178,1727325.0,265996.0,0.0,1737.937027698,,1857.178,1737.937027698,1727.325,265.996,0.0,1904.0,CITY OF LONDON INVESTMENT TRUST
HARBOURVEST GLOBAL PRIVATE EQUITY LIMITED,GBGG47907,9499,2007,6,2021,2928.41618693838,2925942.29851095,782917.051053131,,2216.1839865,,2928.41618693838,2216.1839865,2925.94229851095,782.917051053131,,1904.0,HARBOURVEST GLOBAL PRIVATE EQUITY
HERALD INVESTMENT TRUST PLC,GB02879728,6430,1993,13,2021,1762.407,1760877.0,280395.0,319.0,1622.090456197,,1762.407,1622.090456197,1760.877,280.395,0.319,1904.0,HERALD INVESTMENT TRUST
TEMPLETON EMERGING MARKETS INVESTMENT TRUST PLC,GBSC118022,6430,1989,54,2021,2267.313,2100390.0,-442408.0,120.0,1843.794756372,,2267.313,1843.794756372,2100.39,-442.408,0.12,1904.0,TEMPLETON EMERGING MARKETS INVESTMENT TRUST
ICG ENTERPRISE TRUST PLC,GB01571089,6430,1981,16,2021,1167.28,1157977.0,226490.0,0.0,822.20466,,1167.28,822.20466,1157.977,226.49,0.0,1904.0,ICG ENTERPRISE TRUST
GCP INFRASTRUCTURE INVESTMENTS LIMITED,GBJE105775,6430,2010,9,2021,1104.141,916799.0,62356.0,446.0,885.739128647,,1104.141,885.739128647,916.799,62.356,0.446,1904.0,GCP INFRASTRUCTURE INVESTMENTS
THE MONKS INVESTMENT TRUST PLC,GB00236964,6430,1929,11,2021,3350.789,3204980.0,1078459.0,,3300.89588066,,3350.789,3300.89588066,3204.98,1078.459,,1904.0,MONKS INVESTMENT TRUST
NB PRIVATE EQUITY PARTNERS LIMITED,GBGG47214,9499,2009,32,2021,1257.68136668768,1103345.34006658,344054.667626565,,806.796507,,1257.68136668768,806.796507,1103.34534006658,344.054667626565,,1904.0,NB PRIVATE EQUITY PARTNERS
SCHRODER ASIAPACIFIC FUND PLC,GB03104981,6430,1995,35,2021,1084.991,1057941.0,136977.0,0.0,954.543539351,,1084.991,954.543539351,1057.941,136.977,0.0,1904.0,SCHRODER ASIAPACIFIC FUND
AVI GLOBAL TRUST PLC,GB00028203,6430,1889,17,2021,1269.191,1133222.0,299563.0,1.0,1041.555895523,,1269.191,1041.555895523,1133.222,299.563,0.001,1904.0,AVI GLOBAL TRUST
CAPITAL GEARING TRUST PLC,GBNI005574,6430,1963,18,2021,1057.89,1049835.0,68218.0,,1073.847586727,,1057.89,1073.847586727,1049.835,68.218,,1904.0,CAPITAL GEARING TRUST
PERSHING SQUARE HOLDINGS LIMITED,GBGG54602,9499,2012,6,2021,11767.4344088371,8492776.53674178,1813540.42982256,0.0,6408.611468466,,11767.4344088371,6408.611468466,8492.77653674178,1813.5404298225599,0.0,1904.0,PERSHING SQUARE
PRINCESS PRIVATE EQUITY HOLDING LIMITED,GBGG35241,6430,1999,6,2021,937.198593181178,889466.492076003,150078.406277965,5.05851007897148,822.898872821,,937.198593181178,822.898872821,889.466492076003,150.078406277965,0.00505851007897148,1904.0,PRINCESS PRIVATE EQUITY HOLDING
MERCANTILE INVESTMENT TRUST (THE) PLC,GB00020537,6619,1884,35,2021,2535.054,2198211.0,264245.0,484.0,1931.315904211,,2535.054,1931.315904211,2198.211,264.245,0.484,1904.0,MERCANTILE INVESTMENT TRUST
ASHOKA INDIA EQUITY INVESTMENT TRUST PLC,GB11356069,9499,2018,11,2021,155.509,136575.0,40354.0,8.0,139.683193,,155.509,139.683193,136.575,40.354,0.008,1904.0,ASHOKA INDIA EQUITY INVESTMENT TRUST
ABERDEEN ASIA FOCUS PLC,GB03106339,6430,1995,13,2021,560.605,487958.0,146483.0,4.0,417.482810671,,560.605,417.482810671,487.958,146.483,0.004,1904.0,ABERDEEN ASIA FOCUS
THE EUROPEAN SMALLER COMPANIES TRUST PLC,GB02520734,6430,1990,13,2021,936.911,840667.0,328517.0,,744.109714565,,936.911,744.109714565,840.667,328.517,,1904.0,EUROPEAN SMALLER COMPANIES TRUST
EDINBURGH INVESTMENT TRUST PLC,GBSC001836,6430,1889,45,2021,1298.277,1175837.0,140918.0,48.0,1084.635363964,,1298.277,1084.635363964,1175.837,140.918,0.048,1904.0,EDINBURGH INVESTMENT TRUST
SEQUOIA ECONOMIC INFRASTRUCTURE INCOME FUND LIMITED,GBGG59596,9499,2014,13,2021,1939.411,1777043.0,62718.0,,1817.749684885,,1939.411,1817.749684885,1777.043,62.718,,1904.0,SEQUOIA ECONOMIC INFRASTRUCTURE INCOME FUND
JPMORGAN AMERICAN INVESTMENT TRUST PLC,GB00015543,6430,1881,41,2021,1597.795,1496120.0,328581.0,0.0,1486.616104707,,1597.795,1486.616104707,1496.12,328.581,0.0,1904.0,JPMORGAN AMERICAN INVESTMENT TRUST
JPMORGAN GLOBAL GROWTH & INCOME PLC,GB00024299,6430,1887,28,2021,720.347,653374.0,155242.0,0.0,652.878537143,,720.347,652.878537143,653.374,155.242,0.0,1904.0,JPMORGAN GLOBAL GROWTH INCOME
THE MERCHANTS TRUST PLC,GB00028276,6430,1889,13,2021,836.514,739050.0,182248.0,1243.0,738.498944968,1668.0,836.514,738.498944968,739.05,182.248,1.243,1904.0,MERCHANTS TRUST
TEMPLE BAR INVESTMENT TRUST PLC,GB00214601,6430,1926,7,2021,873.892,797083.0,156776.0,0.0,730.745804217,,873.892,730.745804217,797.083,156.776,0.0,1904.0,TEMPLE BAR INVESTMENT TRUST
YELLOW CAKE PLC,GBJE125612,0721,2018,7,2021,815.19434182465,814455.322128477,317908.750146043,76.1875975435731,730.093129684,,815.19434182465,730.093129684,814.4553221284771,317.908750146043,0.0761875975435731,1904.0,YELLOW CAKE
FORESIGHT SOLAR FUND LIMITED,GBJE113721,6619,2013,32,2021,660.444,660000.0,117892.0,,618.498177564,,660.444,618.498177564,660.0,117.892,,1904.0,FORESIGHT SOLAR FUND
THE RENEWABLES INFRASTRUCTURE GROUP LIMITED,GBGG56716,6619,2013,19,2021,2706.539,2706177.0,210462.0,,3047.179140678,,2706.539,3047.179140678,2706.177,210.462,,1904.0,RENEWABLES INFRASTRUCTURE
FORESIGHT ENVIRONMENTAL INFRASTRUCTURE LIMITED,GBGG57682,6619,2004,12,2021,765.096,762905.0,185007.0,,746.207240191,,765.096,746.207240191,762.905,185.007,,1904.0,FORESIGHT ENVIRONMENTAL INFRASTRUCTURE
TWENTYFOUR INCOME FUND LIMITED,GBGG56128,6619,2013,41,2021,760.239,718477.0,36303.0,0.0,683.668674364,,760.239,683.668674364,718.477,36.303,0.0,1904.0,TWENTYFOUR INCOME FUND
THE SCHIEHALLION FUND LIMITED,GBGG65915,9499,2019,6,2021,1121.93451344911,1098561.63934084,22582.0653829701,,,,1121.93451344911,,1098.56163934084,22.5820653829701,,1904.0,SCHIEHALLION FUND
BH MACRO LIMITED,GBGG46235,6430,2007,6,2021,973.26940191876,966002.764390725,8940.00376067451,,,,973.26940191876,,966.0027643907249,8.94000376067451,,1904.0,BH MACRO
RUFFER INVESTMENT COMPANY LIMITED,GBGG41996,6430,2004,3,2021,578.875,575851.0,67789.0,,587.541830492,,578.875,587.541830492,575.851,67.789,,1904.0,RUFFER INVESTMENT
SCHRODER ORIENTAL INCOME FUND LIMITED,GBGG43298,9499,2005,24,2021,797.453,751419.0,139755.0,,726.175662203,,797.453,726.175662203,751.419,139.755,,1904.0,SCHRODER ORIENTAL INCOME FUND
SDCL EFFICIENCY INCOME TRUST PLC,GB11620959,9499,2018,52,2021,1074.656,1073118.0,79758.0,,1163.588352779,,1074.656,1163.588352779,1073.118,79.758,,1904.0,SDCL EFFICIENCY INCOME TRUST
BAILLIE GIFFORD US GROWTH TRUST PLC,GB11194060,9499,2018,10,2021,937.992,908883.0,299818.0,,945.05177659,,937.992,945.05177659,908.883,299.818,,1904.0,BAILLIE GIFFORD US GROWTH TRUST
UTILICO EMERGING MARKETS TRUST PLC,GB11102129,6430,2005,22,2021,574.267,545916.0,71662.0,0.0,481.026712128,,574.267,481.026712128,545.916,71.662,0.0,1904.0,UTILICO EMERGING MARKETS TRUST
GEORGIA CAPITAL PLC,GB10852406,6619,2017,6,2021,694.246590672205,692959.257331868,166505.28508222,,335.681852778,,694.246590672205,335.681852778,692.959257331868,166.50528508222,,1904.0,GEORGIA CAPITAL
IMPAX ENVIRONMENTAL MARKETS PLC,GB04348393,6430,37263,45,2021,1532.366,1479638.0,240438.0,,1630.396008794,,1532.366,1630.396008794,1479.638,240.438,,2001.0,IMPAX ENVIRONMENTAL MARKETS
HG CAPITAL TRUST PLC,GB01525583,6430,1980,20,2021,2159.753,2005724.0,595137.0,,1914.451557905,,2159.753,1914.451557905,2005.724,595.137,,1904.0,HG CAPITAL TRUST
WORLDWIDE HEALTHCARE TRUST PLC,GB03023689,2120,1995,10,2021,2421.449,2268233.0,-141526.0,274.0,2143.724868925,,2421.449,2143.724868925,2268.233,-141.526,0.274,1904.0,WORLDWIDE HEALTHCARE TRUST
INVESCO ASIA DRAGON TRUST PLC,GB03011768,6430,1995,29,2021,284.192,281252.0,104399.0,,258.053680807,,284.192,258.053680807,281.252,104.399,,1904.0,INVESCO ASIA DRAGON TRUST
JPMORGAN INDIA GROWTH & INCOME PLC,GB02915926,6430,1994,25,2021,785.189,763913.0,229909.0,,645.311919185,,785.189,645.311919185,763.913,229.909,,1904.0,JPMORGAN INDIA GROWTH INCOME
ST. JAMES'S PLACE PLC,GB03183415,7010,35156,25,2021,155729.9,1119200.0,287600.0,13300.0,9099.830960845,2695.0,155729.9,9099.830960845,1119.2,287.6,13.3,1995.0,ST JAMES S PLACE
JPMORGAN EMERGING MARKETS GROWTH & INCOME PLC,GB02618994,6430,1991,54,2021,1699.42,1698043.0,421714.0,,1589.097306672,,1699.42,1589.097306672,1698.043,421.714,,1904.0,JPMORGAN EMERGING MARKETS GROWTH INCOME
THE BAILLIE GIFFORD JAPAN TRUST PLC,GBSC075954,6430,1981,18,2021,1100.073,955402.0,160659.0,,964.034321168,,1100.073,964.034321168,955.402,160.659,,1904.0,BAILLIE GIFFORD JAPAN TRUST
BLACKROCK GREATER EUROPE INVESTMENT TRUST PLC,GB05142459,6430,2004,51,2021,690.438,651731.0,196575.0,,661.831651417,,690.438,661.831651417,651.731,196.575,,1904.0,BLACKROCK GREATER EUROPE INVESTMENT TRUST
OCTOPUS APOLLO VCT PLC,GB05840377,6619,2006,33,2021,274.321,262959.0,31457.0,,245.069115469,,274.321,245.069115469,262.959,31.457,,1904.0,OCTOPUS APOLLO VCT
SHELL PLC,GB04366849,0610,37292,23,2020,282613.831603926,118134799.194743,-16154982.4113111,134736130.059208,,87000.0,282613.831603926,,118134.79919474301,-16154.982411311099,134736.130059208,2001.0,SHELL
GLENCORE PLC,GBJE107710,2399,2011,22,2020,87928.4098032613,25634857.2377271,-1418031.89708141,106064016.903192,31045.647203966,87822.0,87928.4098032613,31045.647203966,25634.857237727098,-1418.03189708141,106064.016903192,1904.0,GLENCORE
BP P.L.C.,GB00102498,1920,3395,34,2020,199443.988114255,63761509.9156395,-15131138.0463138,134716010.846795,51851.058371193,63600.0,199443.988114255,51851.058371193,63761.5099156395,-15131.1380463138,134716.010846795,1908.0,BP
TESCO PLC,GB00445790,4711,17498,24,2020,45512.0,12059000.0,5954000.0,62793000.0,17380.880300137,242911.0,45512.0,17380.880300137,12059.0,5954.0,62793.0,1946.0,TESCO
HSBC HOLDINGS PLC,GB00617987,6420,21551,33,2020,2223667.75518762,152753257.352708,4544706.53720416,38767486.8510548,77165.486672363,226000.0,2223667.75518762,77165.486672363,152753.25735270802,4544.706537204161,38767.486851054804,1958.0,HSBC
UNILEVER PLC,GB00041424,2042,21/06/1894,22,2020,61866.0651290048,16143386.3913534,5103157.1481248,46399320.2516475,115476.377194276,148949.0,61866.0651290048,115476.377194276,16143.3863913534,5103.1571481248,46399.3202516475,1894.0,UNILEVER
ASTRAZENECA PLC,GB02723534,2120,33772,33,2020,49723.5157437442,11652749.766978,2381518.62484087,20247379.2472391,96139.854541597,76100.0,49723.5157437442,96139.854541597,11652.749766977999,2381.51862484087,20247.379247239103,1991.0,ASTRAZENECA
RIO TINTO PLC,GB00719885,0710,22735,23,2020,72570.7443283018,38675832.6611752,7279429.11328864,33772706.0806204,68205.662988712,47474.0,72570.7443283018,68205.662988712,38675.8326611752,7279.42911328864,33772.7060806204,1961.0,RIO TINTO
VODAFONE GROUP PLC,GB01833679,6190,30880,28,2020,132091.944230942,49251129.2033313,95408.3034241924,37802984.6522802,37222.068936303,96506.0,132091.944230942,37222.068936303,49251.1292033313,95.4083034241924,37802.984652280196,1983.0,VODAFONE
COMPASS GROUP PLC,GB04083914,5610,36798,19,2020,14734.0,4813000.0,133000.0,19999000.0,,548143.0,14734.0,,4813.0,133.0,19999.0,1999.0,COMPASS
GSK PLC,GB03888792,2120,36500,30,2020,80431.0,20808000.0,5749000.0,34482000.0,67502.379276111,94066.0,80431.0,67502.379276111,20808.0,5749.0,34482.0,1999.0,GSK
SAINSBURY (J) PLC,GB00185647,4711,8350,27,2020,25260.0,6701000.0,-201000.0,29061000.0,5109.676609114,117.0,25260.0,5109.676609114,6701.0,-201.0,29061.0,1921.0,SAINSBURY J
IMPERIAL BRANDS PLC,GB03236483,1200,35283,21,2020,32310.0,5518000.0,1495000.0,32562000.0,12942.130961688,32500.0,32310.0,12942.130961688,5518.0,1495.0,32562.0,1995.0,IMPERIAL BRANDS
BARCLAYS PLC,GB00048839,6420,20/07/1896,36,2020,1349514.0,66882000.0,2461000.0,21772000.0,25462.614976061,83000.0,1349514.0,25462.614976061,66882.0,2461.0,21772.0,1896.0,BARCLAYS
BAE SYSTEMS PLC,GB01470151,3030,29220,22,2020,27530.0,4921000.0,1299000.0,19494000.0,15731.756728392,81000.0,27530.0,15731.756728392,4921.0,1299.0,19494.0,1979.0,BAE SYSTEMS
BRITISH AMERICAN TOBACCO PLC,GB03407696,1200,35634,25,2020,137690.0,62955000.0,6400000.0,25964000.0,62128.136850043,55329.0,137690.0,62128.136850043,62955.0,6400.0,25964.0,1996.0,BRITISH AMERICAN TOBACCO
AVIVA PLC,GB02468686,6511,2000,46,2020,479857.0,19554000.0,2911000.0,14995000.0,12775.448531819,30813.0,479857.0,12775.448531819,19554.0,2911.0,14995.0,1904.0,AVIVA
ROLLS-ROYCE HOLDINGS PLC,GB07524813,3030,40584,43,2020,29517.0,-4875000.0,-3170000.0,11824000.0,9308.951251264,48200.0,29517.0,9308.951251264,-4875.0,-3170.0,11824.0,2010.0,ROLLS ROYCE
BT GROUP PLC,GB04190816,6190,36980,29,2020,50877.0,11679000.0,1472000.0,21557000.0,15352.139175999,99700.0,50877.0,15352.139175999,11679.0,1472.0,21557.0,2000.0,BT
CENTRICA PLC,GB03033654,3522,1995,19,2020,17119.0,1382000.0,-158000.0,20820000.0,2722.233048324,25753.0,17119.0,2722.233048324,1382.0,-158.0,20820.0,1904.0,CENTRICA
ASSOCIATED BRITISH FOODS PLC,GB00293262,1089,12712,11,2020,16669.0,9439000.0,455000.0,13964000.0,15346.604218655,133425.0,16669.0,15346.604218655,9439.0,455.0,13964.0,1933.0,ASSOCIATED BRITISH FOODS
LLOYDS BANKING GROUP PLC,GBSC095000,6420,31341,29,2020,871269.0,49413000.0,1387000.0,15126000.0,25813.806644352,68665.0,871269.0,25813.806644352,49413.0,1387.0,15126.0,1984.0,LLOYDS BANKING
NATIONAL GRID PLC,GB04031152,3522,36718,50,2020,67216.0,19860000.0,1640000.0,14779000.0,30664.928877395,21494.0,67216.0,30664.928877395,19860.0,1640.0,14779.0,1999.0,NATIONAL GRID
MARKS AND SPENCER GROUP PLC,GB04256886,4719,37095,21,2020,,,,,,,,,,,,2000.0,MARKS AND SPENCER
ANGLO AMERICAN PLC,GB03564138,0710,35929,26,2020,46597.5862596368,24415781.9967259,1556630.91592384,19232476.7544252,33048.788360923,64000.0,46597.5862596368,33048.788360923,24415.7819967259,1556.63091592384,19232.476754425203,1997.0,ANGLO AMERICAN
NATWEST GROUP PLC,GBSC045551,6420,24922,35,2020,799491.0,43824000.0,-434000.0,10799000.0,20334.548576002,59200.0,799491.0,20334.548576002,43824.0,-434.0,10799.0,1967.0,NATWEST
STANDARD CHARTERED PLC,GB00966425,6420,25525,30,2020,587965.353858164,37801019.4992342,559612.167476688,11106550.4077763,14704.652905821,83657.0,587965.353858164,14704.652905821,37801.0194992342,559.612167476688,11106.5504077763,1968.0,STANDARD CHARTERED
DIAGEO PLC,GB00023307,1101,21/10/1886,23,2020,33308.0,8440000.00000003,1409000.0,11752000.0,62677.445853488,27788.0,33308.0,62677.445853488,8440.00000000003,1409.0,11752.0,1886.0,DIAGEO
RECKITT BENCKISER GROUP PLC,GB06270876,7010,39239,35,2020,31292.0,9159000.0,1187000.0,13993000.0,46582.579875966,43900.0,31292.0,46582.579875966,9159.0,1187.0,13993.0,2006.0,RECKITT BENCKISER
NATIONAL WESTMINSTER BANK PLC - NATWEST,GB00929027,6419,25569,17,2020,389539.0,19892000.0,536000.0,8941000.0,,52100.0,389539.0,,19892.0,536.0,8941.0,1969.0,NATIONAL WESTMINSTER BANK NATWEST
WPP PLC (NEW),GBJE111714,7311,2005,49,2020,36167.1,5050100.0,-2965100.0,12110200.0,9802.657136,99830.0,36167.1,9802.657136,5050.1,-2965.1,12110.2,1904.0,WPP NEW
KINGFISHER PLC,GB01664812,4719,30210,23,2020,12269.0,6571000.0,592000.0,12375000.0,5861.015774038,78000.0,12269.0,5861.015774038,6571.0,592.0,12375.0,1981.0,KINGFISHER
JD SPORTS FASHION PLC,GB01888425,4764,31099,15,2020,5161.9,1496400.0,224300.0,6195600.0,7270.051501008,60487.0,5161.9,7270.051501008,1496.4,224.3,6195.6,1984.0,JD SPORTS FASHION
JOHNSON MATTHEY PLC,GB00033774,2059,04/11/1891,16,2020,7744.0,2685000.0,205000.0,15673000.0,5831.16208348,13640.0,7744.0,5831.16208348,2685.0,205.0,15673.0,1891.0,JOHNSON MATTHEY
BUNZL PLC,GB00358948,4639,14632,21,2020,6829.4,1919100.0,430000.0,10113200.0,8232.884720074,19853.0,6829.4,8232.884720074,1919.1,430.0,10113.2,1939.0,BUNZL
HALEON PLC,GB13691224,2120,44489,29,2020,,,,,,,,,,,,2020.0,HALEON
EASYJET PLC,GB03959649,5110,36609,21,2020,8473.0,1899000.0,-1079000.0,3032000.0,2291.056272804,14566.0,8473.0,2291.056272804,1899.0,-1079.0,3032.0,1999.0,EASYJET
SSE PLC,GBSC117119,3511,32599,24,2020,21591.6,6681100.0,2322800.0,8176100.0,15176.881754603,12513.0,21591.6,15176.881754603,6681.1,2322.8,8176.1,1988.0,SSE
RELX PLC,GB00077536,6311,1244,20,2020,14145.0,2101000.0,1224000.0,7110000.0,34633.009994145,33200.0,14145.0,34633.009994145,2101.0,1224.0,7110.0,1902.0,RELX
BALFOUR BEATTY PLC,GB00395826,4299,16588,21,2020,4685.0,1345000.0,30000.0,7320000.0,1863.67654789,19113.0,4685.0,1863.67654789,1345.0,30.0,7320.0,1944.0,BALFOUR BEATTY
LONDON STOCK EXCHANGE GROUP PLC,GB05369106,8411,2005,22,2020,849141.0,4125000.0,487000.0,2449000.0,31670.965891135,4526.0,849141.0,31670.965891135,4125.0,487.0,2449.0,1904.0,LONDON STOCK EXCHANGE
QUILTER PLC,GB06404270,6420,39374,19,2020,67372.0,1878000.0,88000.0,4711000.0,2740.175581724,4325.0,67372.0,2740.175581724,1878.0,88.0,4711.0,2006.0,QUILTER
CURRYS PLC,GB07105905,6190,40162,19,2020,7731.0,2280000.0,-163000.0,10170000.0,883.393589675,36350.0,7731.0,883.393589675,2280.0,-163.0,10170.0,2009.0,CURRYS
LEGAL & GENERAL GROUP PLC,GB01417162,6511,1836,31,2020,570565.0,9997000.0,1571000.0,9370000.0,15884.375036227,10999.0,570565.0,15884.375036227,9997.0,1571.0,9370.0,1904.0,LEGAL GENERAL
COMPUTACENTER PLC,GB03110569,6209,34974,26,2020,2401.9,630900.0,153800.0,5441300.0,2794.17429607,16668.0,2401.9,2794.17429607,630.9,153.8,5441.3,1994.0,COMPUTACENTER
INCHCAPE PLC,GB00609782,4511,21412,19,2020,3611.9,1061200.0,-142000.0,6846400.0,2530.720696452,14765.0,3611.9,2530.720696452,1061.2,-142.0,6846.4,1957.0,INCHCAPE
PRUDENTIAL PLC,GB01397169,6511,1848,25,2020,384572.78401893,15557367.287055,1961250.6322219,16296562.0542146,35149.826982749,18687.0,384572.78401893,35149.826982749,15557.367287055,1961.2506322218999,16296.5620542146,1904.0,PRUDENTIAL
HARBOUR ENERGY PLC,GBSC234781,0610,37468,24,2020,3472.42703121354,-121385.914889417,-970342.163100058,707451.120908612,181.728343051,776.0,3472.42703121354,181.728343051,-121.38591488941701,-970.342163100058,707.451120908612,2001.0,HARBOUR ENERGY
METLEN ENERGY & METALS PLC,GB15944520,3511,2024,72,2020,,,,,,,,,,,,1904.0,METLEN ENERGY METALS
JET2 PLC,GB01295221,5110,28146,8,2020,2873.0,964200.0,-271200.0,423000.0,2720.637273399,9051.0,2873.0,2720.637273399,964.2,-271.2,423.0,1976.0,JET
NEXT PLC,GB04412362,4791,37355,16,2020,3758.0,660900.0,286700.0,3534400.0,10276.979440529,40867.0,3758.0,10276.979440529,660.9,286.7,3534.4,2001.0,NEXT
MONDI PLC,GB06209386,1729,39183,17,2020,7650.62101027776,4006815.01936622,532169.406953706,6092516.76723805,8349.096930535,25700.0,7650.62101027776,8349.096930535,4006.81501936622,532.169406953706,6092.516767238049,2006.0,MONDI
ANTOFAGASTA PLC,GB01627889,0729,30048,30,2020,12372.7940245448,7511992.30565811,377347.006138742,3842247.96159793,14201.265428223,5819.0,12372.7940245448,14201.265428223,7511.99230565811,377.347006138742,3842.24796159793,1981.0,ANTOFAGASTA
EXPERIAN PLC,GBJE93905,7490,2006,20,2020,7316.91372032759,2266056.38900822,583405.989218852,3902935.21056497,22905.819437027,17608.0,7316.91372032759,22905.819437027,2266.05638900822,583.405989218852,3902.93521056497,1904.0,EXPERIAN
BARRATT REDROW PLC,GB00604574,4110,21319,21,2020,6864.3,4840300.0,399700.0,3746700.0,5049.761714251,6632.0,6864.3,5049.761714251,4840.3,399.7,3746.7,1957.0,BARRATT REDROW
MITIE GROUP PLC,GBSC019230,8121,13347,19,2020,1628.9,357500.0,-6900.0,2559500.0,892.806862917,52943.0,1628.9,892.806862917,357.5,-6.9,2559.5,1935.0,MITIE
PHOENIX GROUP HOLDINGS PLC,GB11606773,6511,2018,23,2020,334325.0,7531000.0,834000.0,3910000.0,7000.619966322,,334325.0,7000.619966322,7531.0,834.0,3910.0,1904.0,PHOENIX
FRASERS GROUP PLC,GB06035106,4764,39072,14,2020,3868.2,1280300.0,93800.0,3989900.0,1350.289654872,19962.0,3868.2,1350.289654872,1280.3,93.8,3989.9,2006.0,FRASERS
DRAX GROUP PLC,GB05562053,3511,38608,19,2020,4192.9,1339400.0,-157900.0,4425200.0,1488.77864625,3015.0,4192.9,1488.77864625,1339.4,-157.9,4425.2,2004.0,DRAX
RENTOKIL INITIAL PLC,GB05393279,3900,38426,26,2020,5583.1,1130600.0,186300.0,2803300.0,9449.6811504,44500.0,5583.1,9449.6811504,1130.6,186.3,2803.3,2004.0,RENTOKIL INITIAL
WIZZ AIR HOLDINGS PLC,GBJE103356,5110,2009,29,2020,4022.99333706331,769825.748253953,-487349.021330183,629524.43062927,4129.320576055,3960.0,4022.99333706331,4129.320576055,769.825748253953,-487.349021330183,629.52443062927,1904.0,WIZZ AIR
ENTAIN PLC,GBIM004685V,9329,40299,9,2020,7269.7,3081500.0,57800.0,3575400.0,6631.886889064,23573.0,7269.7,6631.886889064,3081.5,57.8,3575.4,2009.0,ENTAIN
BABCOCK INTERNATIONAL GROUP PLC,GB02342138,7490,32540,26,2020,4610.9,229000.0,-1803000.0,3971600.0,1155.793827492,29137.0,4610.9,1155.793827492,229.0,-1803.0,3971.6,1988.0,BABCOCK
MORGAN SINDALL GROUP PLC,GB00521970,4120,19560,17,2020,1488.6,420100.0,70700.0,3036700.0,710.133124014,6737.0,1488.6,710.133124014,420.1,70.7,3036.7,1952.0,MORGAN SINDALL
ADMIRAL GROUP PLC,GB03849958,6511,1993,24,2020,7842.2,1112700.0,527800.0,751600.0,8621.871192329,11445.0,7842.2,8621.871192329,1112.7,527.8,751.6,1904.0,ADMIRAL
SERCO GROUP PLC,GB02048608,8211,31645,27,2020,2410.3,715000.0,133800.0,3901000.0,1473.889925908,45330.0,2410.3,1473.889925908,715.0,133.8,3901.0,1985.0,SERCO
VERTU MOTORS PLC,GB05984855,4519,39022,24,2020,1161.165,275940.0,16315.0,2548117.0,145.085376998,5751.0,1161.165,145.085376998,275.94,16.315,2548.117,2005.0,VERTU MOTORS
AIRTEL AFRICA PLC,GB11462215,6190,43293,25,2020,7259.51761428987,2436065.10815792,-334931.707384671,2847282.77926361,2980.214302162,3525.0,7259.51761428987,2980.214302162,2436.0651081579203,-334.93170738467103,2847.28277926361,2017.0,AIRTEL AFRICA
FIRSTGROUP PLC,GBSC157176,4931,34789,13,2020,8292.9,1154100.0,78400.0,6857000.0,1124.023910623,89053.0,8292.9,1124.023910623,1154.1,78.4,6857.0,1994.0,FIRSTGROUP
SMITH & NEPHEW PLC,GB00324357,3250,13563,29,2020,8205.65804028401,3933678.60467302,333829.89484628,3397911.42968535,13242.319225639,18581.0,8205.65804028401,13242.319225639,3933.67860467302,333.82989484628,3397.91142968535,1936.0,SMITH NEPHEW
TRAVIS PERKINS PLC,GB00824821,4673,23677,19,2020,6079.5,2713800.0,-22400.0,6166000.0,3396.379359364,28710.0,6079.5,3396.379359364,2713.8,-22.4,6166.0,1963.0,TRAVIS PERKINS
BEAZLEY PLC,GB09763575,6511,1986,25,2020,7889.48834299991,1348359.80965255,-34351.6923044944,2007003.2115602,2219.922251313,1497.0,7889.48834299991,2219.922251313,1348.35980965255,-34.3516923044944,2007.0032115602,1904.0,BEAZLEY
M&G PLC,GB11444019,6511,2018,24,2020,228726.0,5577000.0,1142000.0,4869000.0,5146.515475123,,228726.0,5146.515475123,5577.0,1142.0,4869.0,1904.0,M G
HILTON FOOD GROUP PLC,GB06165540,4632,39157,19,2020,1167.424,307949.0,37143.0,3301970.0,912.799017651,5837.0,1167.424,912.799017651,307.949,37.143,3301.97,2006.0,HILTON FOOD
KIER GROUP PLC,GB02708030,7112,33715,13,2020,2492.5,240800.0,-273300.0,3502400.0,158.144038838,15169.0,2492.5,158.144038838,240.8,-273.3,3502.4,1991.0,KIER
INFORMA PLC,GB08860726,5814,41663,26,2020,9717.8,5628000.0,-1042500.0,1663900.0,8246.736200148,10945.0,9717.8,8246.736200148,5628.0,-1042.5,1663.9,2013.0,INFORMA
TAYLOR WIMPEY PLC,GB00296805,4120,12816,17,2020,5748.6,4016800.0,217000.0,2799900.0,6043.123207828,6029.0,5748.6,6043.123207828,4016.8,217.0,2799.9,1934.0,TAYLOR WIMPEY
INTERCONTINENTAL HOTELS GROUP PLC,GB05134420,5510,38128,21,2020,3754.84116100537,-1377793.47225619,-193740.563973288,1795825.99682932,8566.581311511,12832.0,3754.84116100537,8566.581311511,-1377.79347225619,-193.740563973288,1795.82599682932,2003.0,INTERCONTINENTAL HOTELS
POLAR CAPITAL TECHNOLOGY TRUST PLC,GB03224867,6430,1996,19,2020,2415.655,2308597.0,360102.0,362510.0,2387.200905449,,2415.655,2387.200905449,2308.597,360.102,362.51,1904.0,POLAR CAPITAL TECHNOLOGY TRUST
PERSIMMON PLC,GB01818486,4120,30824,11,2020,4623.1,3518400.0,638400.0,3333700.0,8828.701816213,5221.0,4623.1,8828.701816213,3518.4,638.4,3333.7,1983.0,PERSIMMON
3I GROUP PLC,GB01142830,6430,16438,20,2020,10334.0,9164000.0,1855000.0,1152000.0,11225.480585152,234.0,10334.0,11225.480585152,9164.0,1855.0,1152.0,1944.0,I
VISTRY GROUP PLC,GB00306718,4120,13092,18,2020,3632.194,2195082.0,76813.0,1826899.0,2088.08887072,3001.0,3632.194,2088.08887072,2195.082,76.813,1826.899,1934.0,VISTRY
SSP GROUP PLC,GB05735966,1089,38785,25,2020,2919.3,202000.0,-375000.0,1525300.0,970.361531562,21798.0,2919.3,970.361531562,202.0,-375.0,1525.3,2005.0,SSP
PEARSON PLC,GB00053723,5811,08/12/1897,27,2020,7451.0,4134000.0,310000.0,3620000.0,5125.165253424,21335.0,7451.0,5125.165253424,4134.0,310.0,3620.0,1897.0,PEARSON
MELROSE INDUSTRIES PLC,GB09800044,3030,42276,20,2020,16680.0,7110000.0,-533000.0,8914000.0,8650.123850023,51785.0,16680.0,8650.123850023,7110.0,-533.0,8914.0,2014.0,MELROSE INDUSTRIES
ITV PLC,GB04967001,6020,37943,20,2020,3953.0,1151000.0,285000.0,2781000.0,4299.137333984,6273.0,3953.0,4299.137333984,1151.0,285.0,2781.0,2002.0,ITV
INTERTEK GROUP PLC,GB04267576,7120,37112,31,2020,2615.1,1003000.0,247300.0,2741700.0,9115.48373908,43769.0,2615.1,9115.48373908,1003.0,247.3,2741.7,2000.0,INTERTEK
FRESNILLO PLC,GB06344120,2441,39309,21,2020,4226.57111835174,2693443.91346193,278780.749061316,1816179.18823073,8323.213143976,5816.0,4226.57111835174,8323.213143976,2693.44391346193,278.78074906131604,1816.17918823073,2006.0,FRESNILLO
MOBICO GROUP PLC,GB02590560,4931,33308,17,2020,4489.1,1476000.0,-331700.0,1955900.0,1457.840957097,51753.0,4489.1,1457.840957097,1476.0,-331.7,1955.9,1990.0,MOBICO
SMITHS GROUP PLC,GB00137013,2651,5310,22,2020,5413.0,2394000.0,265000.0,3466000.0,5368.661564571,22562.0,5413.0,5368.661564571,2394.0,265.0,3466.0,1913.0,SMITHS
ENDEAVOUR MINING PLC,GB13280545,0729,44276,20,2020,,,,,,,,,,,,2020.0,ENDEAVOUR MINING
ZEGONA COMMUNICATIONS PLC,GB09395163,6619,2015,15,2020,316.102227067531,303986.686445303,12770.2370060403,,231.013418695,12.0,316.102227067531,231.013418695,303.986686445303,12.770237006040299,,1904.0,ZEGONA COMMUNICATIONS
KELLER GROUP PLC,GB02442580,7112,32825,23,2020,1267.8,410000.0,42500.0,2063200.0,504.025815337,9309.0,1267.8,504.025815337,410.0,42.5,2063.2,1988.0,KELLER
SCOTTISH MORTGAGE INVESTMENT TRUST PLC,GBSC007058,6430,1908,14,2020,18275.699,16989470.0,9213660.0,9223397.0,16163.807514839,,18275.699,16163.807514839,16989.47,9213.66,9223.397,1904.0,SCOTTISH MORTGAGE INVESTMENT TRUST
WHITBREAD PLC,GB04120344,5510,36861,23,2020,8798.6,3834100.0,-906500.0,756300.0,6852.341180989,28335.0,8798.6,6852.341180989,3834.1,-906.5,756.3,1999.0,WHITBREAD
CRANSWICK PLC,GB01074383,1013,26571,11,2020,1041.9,686100.0,92500.0,1898400.0,1912.88239747,9005.0,1041.9,1912.88239747,686.1,92.5,1898.4,1971.0,CRANSWICK
RS GROUP PLC,GB00647788,4652,21937,18,2020,1845.8,899400.0,125500.0,2002700.0,4666.537728075,6806.0,1845.8,4666.537728075,899.4,125.5,2002.7,1959.0,RS
BELLWAY PLC,GB01372603,4120,28650,11,2020,4083.6,2994000.0,192900.0,2378400.0,3140.260677758,3119.0,4083.6,3140.260677758,2994.0,192.9,2378.4,1977.0,BELLWAY
INTERNATIONAL WORKPLACE GROUP PLC,GBJE122154,6831,2003,10,2020,8964.29999999998,513800.0,-646800.0,2482100.0,3454.553106542,8454.0,8964.29999999998,3454.553106542,513.8,-646.8,2482.1,1904.0,WORKPLACE
SEVERN TRENT PLC,GB02366619,3600,32599,17,2020,11023.1,1138700.0,212200.0,1829500.0,5508.585170944,7033.0,11023.1,5508.585170944,1138.7,212.2,1829.5,1988.0,SEVERN TRENT
MITCHELLS & BUTLERS PLC,GB04551498,5610,37531,15,2020,5109.0,1677000.0,-112000.0,1477000.0,581.138300548,42551.0,5109.0,581.138300548,1677.0,-112.0,1477.0,2001.0,MITCHELLS BUTLERS
SCHRODERS PLC,GB03909886,6619,21551,26,2020,21673.1,4085900.0,486000.0,2162300.0,7542.367119787,5571.0,21673.1,7542.367119787,4085.9,486.0,2162.3,1958.0,SCHRODERS
SIG PLC,GB00998314,4673,25931,25,2020,1150.2,301900.0,-131500.0,1900300.0,371.954129542,6448.0,1150.2,371.954129542,301.9,-131.5,1900.3,1970.0,SIG
UNITED UTILITIES GROUP PLC,GB06559020,3600,32599,22,2020,14179.1,3031000.0,453400.0,1808000.0,6312.922578462,5354.0,14179.1,6312.922578462,3031.0,453.4,1808.0,1988.0,UNITED UTILITIES
THE WEIR GROUP PLC,GBSC002934,2813,14/06/1895,19,2020,3542.2,1306900.0,-154700.0,2286500.0,5164.981893381,11994.0,3542.2,5164.981893381,1306.9,-154.7,2286.5,1895.0,WEIR
SAVILLS PLC,GB02122174,7022,31877,17,2020,1956.4,581600.0,67600.0,1741200.0,1365.557554905,39349.0,1956.4,1365.557554905,581.6,67.6,1741.2,1986.0,SAVILLS
HALMA PLC,GB00040932,2611,13/04/1894,22,2020,1877.9,1167600.0,203400.0,1318200.0,9012.780094786,7120.0,1877.9,9012.780094786,1167.6,203.4,1318.2,1894.0,HALMA
HIKMA PHARMACEUTICALS PLC,GB05557934,2120,38603,21,2020,3081.22012319055,1600595.12082547,321162.242586488,1754842.41598882,5803.963555803,8681.0,3081.22012319055,5803.963555803,1600.5951208254698,321.16224258648805,1754.84241598882,2004.0,HIKMA PHARMACEUTICALS
THE SAGE GROUP PLC,GB02231246,5829,32218,18,2020,3715.0,1652000.0,310000.0,1903000.0,7877.948565239,11529.0,3715.0,7877.948565239,1652.0,310.0,1903.0,1987.0,SAGE
ASOS PLC,GB04006623,4771,36679,26,2020,1989.4,810300.0,113300.0,3263500.0,4897.454145403,3824.0,1989.4,4897.454145403,810.3,113.3,3263.5,1999.0,ASOS
HOWDEN JOINERY GROUP PLC,GB02128710,3102,31904,19,2020,1687.2,720800.0,147600.0,1547500.0,4117.523144711,10004.0,1687.2,4117.523144711,720.8,147.6,1547.5,1986.0,HOWDEN JOINERY
BERKELEY GROUP HOLDINGS (THE) PLC,GB05172586,4110,1976,14,2020,5650.8,3101600.0,410100.0,1920400.0,5258.322356809,2844.0,5650.8,5258.322356809,3101.6,410.1,1920.4,1904.0,BERKELEY
BURBERRY GROUP PLC,GB03458224,4771,35733,29,2020,3502.2,1559700.0,375700.0,2359500.0,7685.925123486,9234.0,3502.2,7685.925123486,1559.7,375.7,2359.5,1996.0,BURBERRY
CAPITA PLC,GB02081330,8110,31754,19,2020,3728.1,-81100.0,14000.0,3324800.0,654.404510122,58325.0,3728.1,654.404510122,-81.1,14.0,3324.8,1985.0,CAPITA
IMI PLC,GB00714275,2899,22679,13,2020,1957.5,799500.0,170200.0,1825000.0,3171.419223904,10776.0,1957.5,3171.419223904,799.5,170.2,1825.0,1961.0,IMI
ITHACA ENERGY PLC,GB12263719,0610,2019,21,2020,3178.06432471666,404222.548141913,-339589.205688394,828652.23710624,,,3178.06432471666,,404.222548141913,-339.58920568839403,828.65223710624,1904.0,ITHACA ENERGY
GREGGS PLC,GB00502851,5610,18991,13,2020,729.7,321600.0,-13000.0,811300.0,1815.526041509,21538.0,729.7,1815.526041509,321.6,-13.0,811.3,1951.0,GREGGS
OCADO GROUP PLC,GB07098618,4778,40155,19,2020,4004.8,1833100.0,-134300.0,2523300.0,16511.570493214,17121.0,4004.8,16511.570493214,1833.1,-134.3,2523.3,2009.0,OCADO
J D WETHERSPOON PLC,GB01709784,5630,30400,13,2020,2248.67,317248.0,-97561.0,1262667.0,1017.212286789,43219.0,2248.67,1017.212286789,317.248,-97.561,1262.667,1982.0,J D WETHERSPOON
W.A.G PAYMENT SOLUTIONS PLC,GB13544823,7490,2021,17,2020,536.061924420032,58616.3571009748,19420.525832113,1146537.956532,,892.0,536.061924420032,,58.616357100974795,19.420525832113,1146.5379565320002,1904.0,W A G PAYMENT SOLUTIONS
TATE & LYLE PLC,GB00076535,1039,1154,24,2020,2967.0,1454000.0,253000.0,2807000.0,3594.011648663,4441.0,2967.0,3594.011648663,1454.0,253.0,2807.0,1902.0,TATE LYLE
WH SMITH PLC,GB05202036,4778,38209,10,2020,1447.0,227000.0,-321000.0,1021000.0,1540.286477025,14514.0,1447.0,1540.286477025,227.0,-321.0,1021.0,2003.0,WH SMITH
GALLIFORD TRY HOLDINGS PLC,GB12216008,4120,1965,11,2020,625.6,120500.0,320400.0,1121600.0,131.42068952,3087.0,625.6,131.42068952,120.5,320.4,1121.6,1904.0,GALLIFORD TRY
TELECOM PLUS PLC,GB03263464,6190,35347,18,2020,462.664,212378.0,32559.0,862379.0,1000.179493379,2058.0,462.664,1000.179493379,212.378,32.559,862.379,1995.0,TELECOM PLUS
QINETIQ GROUP PLC,GB04586941,8020,37571,18,2020,1480.5,884900.0,121700.0,1287400.0,1814.652551649,6890.0,1480.5,1814.652551649,884.9,121.7,1287.4,2001.0,QINETIQ
ZIGUP PLC,GB00053171,7721,,32,2020,1792.086,871567.0,7676.0,779349.0,441.980196647,5214.0,1792.086,441.980196647,871.567,7.676,779.349,,ZIGUP
WATCHES OF SWITZERLAND GROUP PLC,GB11838443,4648,43516,11,2020,851.789,199541.0,507.0,810512.0,598.638885,1963.0,851.789,598.638885,199.541,0.507,810.512,2018.0,WATCHES OF SWITZERLAND
CONVATEC GROUP PLC,GB10361298,4690,42619,21,2020,2806.63013155918,1244932.15473143,83830.051719211,1411549.03974846,3992.659466401,9900.0,2806.63013155918,3992.659466401,1244.93215473143,83.830051719211,1411.54903974846,2015.0,CONVATEC
VESUVIUS PLC,GB08217766,2451,41169,11,2020,2049.9,1130800.0,41300.0,1458300.0,1455.062495329,10354.0,2049.9,1455.062495329,1130.8,41.3,1458.3,2011.0,VESUVIUS
DUNELM GROUP PLC,GB04708277,4759,37703,16,2020,716.0,173400.0,87700.0,1057900.0,2406.869825345,9859.0,716.0,2406.869825345,173.4,87.7,1057.9,2002.0,DUNELM
SYNTHOMER PLC,GB00098381,2059,3080,22,2020,2059.1,628100.0,3100.0,1644200.0,1910.130043828,3579.0,2059.1,1910.130043828,628.1,3.1,1644.2,1907.0,SYNTHOMER
HALFORDS GROUP PLC,GB04457314,4778,37417,8,2020,1069.6,417800.0,53200.0,1292300.0,129.226691984,,1069.6,129.226691984,417.8,53.2,1292.3,2001.0,HALFORDS
THG PLC,GB06539496,4778,39526,142,2020,2448.852,1144526.0,-532629.0,1613625.0,7571.043306336,6.0,2448.852,7571.043306336,1144.526,-532.629,1613.625,2007.0,THG
BREEDON GROUP PLC,GB14739556,6420,45002,15,2020,,,,,,,,,,,,2022.0,BREEDON
SPIRAX GROUP PLC,GB00596337,2813,21186,21,2020,1745.1,856000.0,173600.0,1193400.0,8314.497200603,7846.0,1745.1,8314.497200603,856.0,173.6,1193.4,1957.0,SPIRAX
CRODA INTERNATIONAL PLC,GB00206132,2059,9274,18,2020,3028.9,1595100.0,201600.0,1390300.0,9202.652071027,5684.0,3028.9,9202.652071027,1595.1,201.6,1390.3,1924.0,CRODA
WICKES GROUP PLC,GB12189061,4778,2019,15,2020,1208.4,129800.0,26300.0,1346900.0,,7981.0,1208.4,,129.8,26.3,1346.9,1904.0,WICKES
MICHAEL PAGE PLC,GB03310225,7810,35460,35,2020,629.829,315901.0,-5742.0,1304791.0,1470.240387355,6694.0,629.829,1470.240387355,315.901,-5.742,1304.791,1996.0,MICHAEL PAGE
SPIRE HEALTHCARE GROUP PLC,GB09084066,8690,41802,20,2020,2104.8,706600.0,-233900.0,920300.0,623.280441834,8995.0,2104.8,623.280441834,706.6,-233.9,920.3,2013.0,SPIRE HEALTHCARE
DIPLOMA PLC,GB03899848,4690,36518,21,2020,694.6,530700.0,49300.0,538400.0,2742.888657321,2002.0,694.6,2742.888657321,530.7,49.3,538.4,1999.0,DIPLOMA
PETS AT HOME GROUP PLC,GB08885072,4778,41680,16,2020,1705.3,976500.0,90400.0,1142800.0,2065.00005722,10004.0,1705.3,2065.00005722,976.5,90.4,1142.8,2013.0,PETS AT HOME
SOFTCAT PLC,GB02174990,6209,32057,20,2020,430.946,140747.0,75664.0,1077127.0,2505.344278099,1475.0,430.946,2505.344278099,140.747,75.664,1077.127,1986.0,SOFTCAT
ABERDEEN GROUP PLC,GBSC286832,7010,38533,30,2020,10478.0,6813000.0,833000.0,1527000.0,6172.047148294,6029.0,10478.0,6172.047148294,6813.0,833.0,1527.0,2004.0,ABERDEEN
ENERGEAN PLC,GB10758801,0610,42863,12,2020,3081.22981021875,890008.383404549,-68117.6919809773,27719.8037684858,1277.168777157,620.0,3081.22981021875,1277.168777157,890.008383404549,-68.1176919809773,27.7198037684858,2016.0,ENERGEAN
MIDWICH GROUP PLC,GB08793266,7490,41605,17,2020,306.261,106487.0,-3751.0,713764.0,443.02356,1023.0,306.261,443.02356,106.487,-3.751,713.764,2012.0,MIDWICH
PENNON GROUP PLC,GB02366640,3700,32599,19,2020,6420.0,2984800.0,1762000.0,816300.0,,1988.0,6420.0,,2984.8,1762.0,816.3,1988.0,PENNON
ASTON MARTIN LAGONDA GLOBAL HOLDINGS PLC,GB11488166,2910,43308,30,2020,2794.8,804100.0,-419300.0,611800.0,2309.015780367,2342.0,2794.8,2309.015780367,804.1,-419.3,611.8,2017.0,ASTON MARTIN LAGONDA GLOBAL
LION FINANCE GROUP PLC,GB10917019,6420,42962,33,2020,5011.35270679981,579895.163776209,67075.1845805238,247434.959983746,599.867012222,7263.0,5011.35270679981,599.867012222,579.895163776209,67.0751845805238,247.43495998374598,2016.0,LION FINANCE
PREMIER FOODS PLC,GB05160050,1089,38160,18,2020,,,,,,,,,,,,2003.0,PREMIER FOODS
INVESTEC PLC,GB03633621,6419,36055,15,2020,24801.508,2506457.0,68911.0,953787.0,1525.813037583,3500.0,24801.508,1525.813037583,2506.457,68.911,953.787,1997.0,INVESTEC
ENQUEST PLC,GB07140891,0610,2010,15,2020,2878.24186009582,67970.8962459668,-350182.343601641,760208.911946584,191.625630214,885.0,2878.24186009582,191.625630214,67.9708962459668,-350.18234360164104,760.208911946584,1904.0,ENQUEST
MEARS GROUP PLC,GB03232863,8121,35278,10,2020,676.089,156051.0,44519.0,841205.0,170.688803292,6327.0,676.089,170.688803292,156.051,44.519,841.205,1995.0,MEARS
COATS GROUP PLC,GB00103548,2899,3456,17,2020,903.278121724689,237630.25327339,19672.1188034415,867883.2109988,977.248058756,17308.0,903.278121724689,977.248058756,237.63025327339,19.6721188034415,867.8832109988,1908.0,COATS
RENEW HOLDINGS PLC,GB00650447,4120,21970,6,2020,358.79,120447.0,20752.0,620375.0,357.425510683,3338.0,358.79,357.425510683,120.447,20.752,620.375,1959.0,RENEW
SENIOR PLC,GB00282772,2932,12406,16,2020,814.7,393300.0,-158500.0,733600.0,374.330631185,5880.0,814.7,374.330631185,393.3,-158.5,733.6,1932.0,SENIOR
DFS FURNITURE PLC,GB07236769,4759,1969,14,2020,1171.6,201900.0,-69200.0,724500.0,420.850167543,5497.0,1171.6,420.850167543,201.9,-69.2,724.5,1904.0,DFS FURNITURE
COSTAIN GROUP PLC,GB01393773,4211,28775,13,2020,489.9,156500.0,-78000.0,978400.0,162.77024877,3117.0,489.9,162.77024877,156.5,-78.0,978.4,1977.0,COSTAIN
SIGMAROC PLC,GB05204176,6619,2004,18,2020,257.224,123563.0,6511.0,124337.0,175.605685851,942.0,257.224,175.605685851,123.563,6.511,124.337,1904.0,SIGMAROC
VICTORIA PLC,GB00282204,1393,12389,28,2020,,,,,,,,,,,,1932.0,VICTORIA
MORGAN ADVANCED MATERIALS PLC,GB00286773,2059,12520,11,2020,930.5,240000.0,-22500.0,912700.0,887.500632743,7466.0,930.5,887.500632743,240.0,-22.5,912.7,1933.0,MORGAN ADVANCED MATERIALS
ICG PLC,GB02234775,6630,32225,16,2020,7463.9,1622200.0,461000.0,772600.0,5351.805747747,442.0,7463.9,5351.805747747,1622.2,461.0,772.6,1987.0,ICG
CLOSE BROTHERS GROUP PLC,GB00520241,6420,19513,18,2020,11071.5,1449600.0,109500.0,932600.0,1658.538062173,3336.0,11071.5,1658.538062173,1449.6,109.5,932.6,1952.0,CLOSE BROTHERS
HAYS PLC,GB02150950,7810,31986,21,2020,1939.9,853400.0,47500.0,996200.0,1996.49858299,10438.0,1939.9,1996.49858299,853.4,47.5,996.2,1986.0,HAYS
PLAYTECH PLC,GBIM008505V,5829,2002,10,2020,2808.51947329606,819467.736274761,-271845.300150063,1105028.74278961,1201.204688028,6444.0,2808.51947329606,1201.204688028,819.467736274761,-271.845300150063,1105.02874278961,1904.0,PLAYTECH
MCBRIDE PLC,GB02798634,2041,34039,9,2020,471.8,66900.0,6500.0,706200.0,114.066116593,3400.0,471.8,114.066116593,66.9,6.5,706.2,1992.0,MCBRIDE
TBC BANK GROUP PLC,GB10029943,6420,42426,20,2020,5134.58681100441,667682.61991719,73339.6256232172,262666.47102983,689.4487,8281.0,5134.58681100441,689.4487,667.6826199171901,73.3396256232172,262.66647102983,2015.0,TBC BANK
VOLEX PLC,GB00158956,2434,7202,14,2020,195.358656984226,105604.171950757,11889.4900176839,316616.730837008,160.927879033,6158.0,195.358656984226,160.927879033,105.60417195075699,11.889490017683901,316.616730837008,1918.0,VOLEX
RATHBONES GROUP PLC,GB01000403,6630,25954,22,2020,3370.618,513827.0,26652.0,366088.0,885.290738271,1588.0,3370.618,885.290738271,513.827,26.652,366.088,1970.0,RATHBONES
MARSTON'S PLC,GB00031461,1105,14/05/1890,14,2020,2531.9,248900.0,-359600.0,858500.0,272.201298917,13095.0,2531.9,272.201298917,248.9,-359.6,858.5,1890.0,MARSTON S
HOCHSCHILD MINING PLC,GB05777693,2441,2006,16,2020,1017.92857139197,600659.08657849,11298.0555037038,466053.358821957,1074.735829581,3352.0,1017.92857139197,1074.735829581,600.65908657849,11.2980555037038,466.05335882195703,1904.0,HOCHSCHILD MINING
LAND SECURITIES GROUP PLC,GB04369054,9499,1955,23,2020,10990.0,7212000.0,-1393000.0,635000.0,5116.910936893,530.0,10990.0,5116.910936893,7212.0,-1393.0,635.0,1904.0,LAND SECURITIES
HILL & SMITH PLC,GB00671474,2511,22189,14,2020,646.7,320500.0,24000.0,662100.0,1120.68008582,4499.0,646.7,1120.68008582,320.5,24.0,662.1,1959.0,HILL SMITH
THE RANK GROUP PLC,GB03140769,9329,35055,18,2020,927.1,365900.0,9800.0,658700.0,571.960669528,8431.0,927.1,571.960669528,365.9,9.8,658.7,1995.0,RANK
ROTORK PLC,GB00578327,2899,20863,17,2020,751.981,570754.0,85758.0,606045.0,2778.886595717,3352.0,751.981,2778.886595717,570.754,85.758,606.045,1956.0,ROTORK
HUNTING PLC,GB00974568,4950,25640,17,2020,829.731223016368,727719.364524279,-174888.116786656,471013.117259673,367.816386006,2408.0,829.731223016368,367.816386006,727.7193645242791,-174.88811678665598,471.01311725967304,1969.0,HUNTING
S4 CAPITAL PLC,GB10476913,7311,2016,55,2020,1170.386,715777.0,-3929.0,342687.0,2673.02978,2677.0,1170.386,2673.02978,715.777,-3.929,342.687,1904.0,S CAPITAL
DR. MARTENS PLC,GB12960219,4642,2020,12,2020,651.8,149700.0,34700.0,773000.0,4532.00051805,1897.0,651.8,4532.00051805,149.7,34.7,773.0,1904.0,DR MARTENS
FUTURE PLC,GB03757874,5819,36272,19,2020,611.2,381300.0,44300.0,339600.0,1903.449462578,2037.0,611.2,1903.449462578,381.3,44.3,339.6,1998.0,FUTURE
BODYCOTE PLC,GB00519057,2561,19476,11,2020,1110.0,681400.0,400.0,602400.0,1427.305747653,4747.0,1110.0,1427.305747653,681.4,0.4,602.4,1952.0,BODYCOTE
RENISHAW PLC,GB01106260,2651,26758,19,2020,766.457,546864.0,288.0,510215.0,2929.011092493,4797.0,766.457,2929.011092493,546.864,0.288,510.215,1972.0,RENISHAW
SEGRO PLC,GB00167591,6831,7445,18,2020,12666.5,9671100.0,1426900.0,431700.0,11291.398945257,355.0,12666.5,11291.398945257,9671.1,1426.9,431.7,1919.0,SEGRO
TULLOW OIL PLC,GB03919249,0910,36560,14,2020,4886.13702340631,-156482.763209194,-910208.07266681,1040312.31293503,418.28241627,730.0,4886.13702340631,418.28241627,-156.482763209194,-910.20807266681,1040.31231293503,1999.0,TULLOW OIL
FERREXPO PLC,GB05432915,0710,2005,11,2020,1456.7524391035,1111380.0775805,473391.655260453,1271052.1085351,1663.451810697,8664.0,1456.7524391035,1663.451810697,1111.3800775805,473.391655260453,1271.0521085351,1904.0,FERREXPO
DOMINO'S PIZZA GROUP PLC,GB03853545,5610,36438,14,2020,592.2,-8800.0,41100.0,583400.0,1481.977070933,1692.0,592.2,1481.977070933,-8.8,41.1,583.4,1998.0,DOMINO S PIZZA
CVS GROUP PLC,GB06312831,7500,39276,14,2020,464.3,166600.0,5700.0,427800.0,727.746091176,6761.0,464.3,727.746091176,166.6,5.7,427.8,2006.0,CVS
RWS HOLDINGS PLC,GB03002645,7490,34684,22,2020,592.5,408900.0,46400.0,364800.0,1554.815006044,2756.0,592.5,1554.815006044,408.9,46.4,364.8,1994.0,RWS
SHAWBROOK GROUP PLC,GB07240248,6420,2010,95,2020,8937.5,814500.0,58100.0,291900.0,,811.0,8937.5,,814.5,58.1,291.9,1904.0,SHAWBROOK
GENUS PLC,GB02972325,7211,34603,15,2020,855.4,494500.0,35300.0,551400.0,2299.036175136,2969.0,855.4,2299.036175136,494.5,35.3,551.4,1993.0,GENUS
F&C INVESTMENT TRUST PLC,GB00012901,6430,1868,11,2020,4926.697,4511560.0,507106.0,516989.0,4223.408963906,,4926.697,4223.408963906,4511.56,507.106,516.989,1904.0,F C INVESTMENT TRUST
SAGA PLC,GB08804263,7010,41613,15,2020,2212.7,680700.0,-67800.0,337600.0,345.77228715,3207.0,2212.7,345.77228715,680.7,-67.8,337.6,2013.0,SAGA
OSB GROUP PLC,GB11976839,6419,43587,23,2020,22654.5,1676900.0,196300.0,508600.0,1894.816963382,1816.0,22654.5,1894.816963382,1676.9,196.3,508.6,2018.0,OSB
NINETY ONE PLC,GB12245293,6619,2019,11,2020,9904.6,253300.0,154400.0,757500.0,1486.827604461,1168.0,9904.6,1486.827604461,253.3,154.4,757.5,1904.0,NINETY ONE
GAMMA COMMUNICATIONS PLC,GB08943488,6190,41715,20,2020,321.9,204400.0,64200.0,413400.0,1569.370161436,1407.0,321.9,1569.370161436,204.4,64.2,413.4,2013.0,GAMMA COMMUNICATIONS
NEXT 15 GROUP PLC,GB01579589,7320,29810,13,2020,321.648,116881.0,-4938.0,323668.0,564.094421446,2317.0,321.648,564.094421446,116.881,-4.938,323.668,1980.0,NEXT
HELIOS TOWERS PLC,GB12134855,6190,43678,29,2020,1065.94567986072,97093.8287912283,-27347.2257608448,308494.590326696,1529.99997139,356.0,1065.94567986072,1529.99997139,97.0938287912283,-27.3472257608448,308.49459032669597,2018.0,HELIOS TOWERS
MARSHALLS PLC,GB05100353,2361,38090,12,2020,614.429,287848.0,2370.0,471726.0,1495.389854497,2500.0,614.429,1495.389854497,287.848,2.37,471.726,2003.0,MARSHALLS
CLARKSON PLC,GB01190238,5222,27345,14,2020,572.7,328400.0,-28900.0,358200.0,820.797111,1651.0,572.7,820.797111,328.4,-28.9,358.2,1973.0,CLARKSON
BRIDGEPOINT GROUP PLC,GB11443992,6430,43283,29,2020,1045.0,390500.0,36500.0,191800.0,,282.0,1045.0,,390.5,36.5,191.8,2017.0,BRIDGEPOINT
AUTO TRADER GROUP PLC,GB09439967,4511,42048,29,2020,534.5,458700.0,127800.0,262800.0,5358.530934948,908.0,534.5,5358.530934948,458.7,127.8,262.8,2014.0,AUTO TRADER
GENUIT GROUP PLC,GB06059130,2223,39101,13,2020,699.8,500900.0,18500.0,398600.0,1363.937178156,3096.0,699.8,1363.937178156,500.9,18.5,398.6,2006.0,GENUIT
CREST NICHOLSON HOLDINGS PLC,GB06800600,2892,39836,19,2020,1467.2,825300.0,-10700.0,677900.0,564.711332961,796.0,1467.2,564.711332961,825.3,-10.7,677.9,2008.0,CREST NICHOLSON
CARD FACTORY PLC,GB09002747,1812,41746,7,2020,532.5,206500.0,-13600.0,285100.0,122.473054088,9747.0,532.5,122.473054088,206.5,-13.6,285.1,2013.0,CARD FACTORY
IG GROUP HOLDINGS PLC,GB04677092,6612,2003,13,2020,1299.7,935900.0,240500.0,648200.0,2826.211865982,1900.0,1299.7,2826.211865982,935.9,240.5,648.2,1904.0,IG
METRO BANK HOLDINGS,GB14387040,6420,44833,23,2020,,,,,,,,,,,,2021.0,METRO BANK
PZ CUSSONS PLC,GB00019457,2041,20/02/1884,18,2020,855.0,421200.0,23500.0,632700.0,757.128293261,3571.0,855.0,757.128293261,421.2,23.5,632.7,1884.0,PZ CUSSONS
JOHNSON SERVICE GROUP PLC,GB00523335,9601,19606,11,2020,382.9,254600.0,-26900.0,229800.0,621.895529409,5604.0,382.9,621.895529409,254.6,-26.9,229.8,1952.0,JOHNSON SERVICE
PARAGON BANKING GROUP PLC,GB02336032,6420,32525,42,2020,15505.5,1156000.0,91300.0,309700.0,854.084724082,1392.0,15505.5,854.084724082,1156.0,91.3,309.7,1988.0,PARAGON BANKING
REACH PLC,GB00082548,1811,1777,11,2020,1273.9,566700.0,-26700.0,600200.0,448.129177892,4671.0,1273.9,448.129177892,566.7,-26.7,600.2,1903.0,REACH
THE BRITISH LAND COMPANY PLC,GB00621920,6831,21607,17,2020,8875.0,5983000.0,-1031000.0,468000.0,4678.060960056,634.0,8875.0,4678.060960056,5983.0,-1031.0,468.0,1958.0,BRITISH LAND
CHEMRING GROUP PLC,GB00086662,2611,2161,13,2020,541.4,329600.0,34700.0,412000.0,735.064155872,2241.0,541.4,735.064155872,329.6,34.7,412.0,1904.0,CHEMRING
RIT CAPITAL PARTNERS PLC,GB02129188,6430,31904,33,2020,4044.5,3590400.0,503900.0,546400.0,3236.516256461,52.0,4044.5,3236.516256461,3590.4,503.9,546.4,1986.0,RIT CAPITAL PARTNERS
YOUNG & CO'S BREWERY PLC,GB00032762,1105,1890,23,2020,997.5,645400.0,-38300.0,113600.0,500.550634312,4600.0,997.5,500.550634312,645.4,-38.3,113.6,1904.0,YOUNG S BREWERY
ELEMENTIS PLC,GB03299608,2059,35437,22,2020,1367.80838165141,641132.235548525,-49925.4530238856,559835.714281273,667.921413303,1352.0,1367.80838165141,667.921413303,641.132235548525,-49.9254530238856,559.835714281273,1996.0,ELEMENTIS
PPHE HOTEL GROUP LIMITED,GBGG47131,5510,39247,14,2020,1605.341,404953.0,-81731.0,125863.0,587.042900114,,1605.341,587.042900114,404.953,-81.731,125.863,2006.0,PPHE HOTEL
VANQUIS BANKING GROUP PLC,GB00668987,6492,22159,13,2020,3078.1,647700.0,-83400.0,738200.0,778.600470649,4232.0,3078.1,778.600470649,647.7,-83.4,738.2,1959.0,VANQUIS BANKING
LONDONMETRIC PROPERTY PLC,GB07124797,6831,40191,22,2020,2626.4,1737700.0,257300.0,122200.0,1942.997675711,32.0,2626.4,1942.997675711,1737.7,257.3,122.2,2009.0,LONDONMETRIC PROPERTY
TRAINLINE PLC,GB11961132,5229,43579,16,2020,592.881,283505.0,-91304.0,67084.0,2487.521720583,659.0,592.881,2487.521720583,283.505,-91.304,67.084,2018.0,TRAINLINE
SERICA ENERGY PLC,GB05450950,0610,38484,14,2020,333.429746066074,148916.449030022,5796.56864287771,93622.1469160301,307.981152065,,333.429746066074,307.981152065,148.916449030022,5.79656864287771,93.6221469160301,2004.0,SERICA ENERGY
BARR (A.G.) PLC,GBSC005653,1107,1643,13,2020,302.1,228800.0,19100.0,234600.0,545.580588949,861.0,302.1,545.580588949,228.8,19.1,234.6,1903.0,BARR A G
OXFORD INSTRUMENTS PLC,GB00775598,2651,23284,9,2020,450.7,266200.0,41800.0,318500.0,1095.215263492,1619.0,450.7,1095.215263492,266.2,41.8,318.5,1962.0,OXFORD INSTRUMENTS
ROSEBANK INDUSTRIES PLC,GB685348EX,7022,2024,6,2020,,,,,,,,,,,,1904.0,ROSEBANK INDUSTRIES
DISCOVERIE GROUP PLC,GB02008246,2611,31511,17,2020,428.2,208400.0,12000.0,454300.0,599.353273438,4024.0,428.2,599.353273438,208.4,12.0,454.3,1985.0,DISCOVERIE
JUPITER FUND MANAGEMENT PLC,GB06150195,6430,2007,11,2020,1345.8,886100.0,105300.0,457800.0,1561.843467181,593.0,1345.8,1561.843467181,886.1,105.3,457.8,1904.0,JUPITER FUND MANAGEMENT
PAN AFRICAN RESOURCES PLC,GB03937466,2441,36581,16,2020,300.409211866664,149642.688952883,36096.3406788029,227276.878183522,392.187641698,2126.0,300.409211866664,392.187641698,149.64268895288302,36.0963406788029,227.276878183522,1999.0,PAN AFRICAN RESOURCES
DAR GLOBAL PLC,GB14388348,6831,2022,21,2020,,,,,,,,,,,,1904.0,DAR GLOBAL
VOLUTION GROUP PLC,GB09041571,7739,41774,20,2020,326.468,175555.0,9665.0,216640.0,329.875127102,1564.0,326.468,329.875127102,175.555,9.665,216.64,2013.0,VOLUTION
TRITAX BIG BOX REIT PLC,GB08215888,6831,2012,31,2020,4406.5,2921300.0,449400.0,170100.0,2886.439042654,,4406.5,2886.439042654,2921.3,449.4,170.1,1904.0,TRITAX BIG BOX REIT
CMC MARKETS PLC,GB05145017,6612,38141,9,2020,577.634,400517.0,178107.0,460514.0,1404.16537241,818.0,577.634,1404.16537241,400.517,178.107,460.514,2003.0,CMC MARKETS
SPEEDY HIRE PLC,GB00927680,7739,24890,11,2020,439.5,220800.0,9500.0,363600.0,351.768071013,3843.0,439.5,351.768071013,220.8,9.5,363.6,1967.0,SPEEDY HIRE
FISHER (JAMES) & SONS PLC,GB00211475,5222,9530,9,2020,622.9,235900.0,-57500.0,518200.0,476.99236005,2680.0,622.9,476.99236005,235.9,-57.5,518.2,1925.0,FISHER JAMES SONS
FULLER SMITH & TURNER PLC,GB00241882,1105,10827,13,2020,746.8,379500.0,-49600.0,79700.0,278.181529139,4219.0,746.8,278.181529139,379.5,-49.6,79.7,1928.0,FULLER SMITH TURNER
YOUGOV PLC,GB03607311,7220,1998,11,2020,178.347,109338.0,9558.0,152441.0,861.880008,1146.0,178.347,861.880008,109.338,9.558,152.441,1904.0,YOUGOV
IBSTOCK PLC,GB09760850,2361,42250,15,2020,679.817,397871.0,-28021.0,321098.0,846.150509561,2249.0,679.817,846.150509561,397.871,-28.021,321.098,2014.0,IBSTOCK
MURRAY INTERNATIONAL TRUST PLC,GBSC006705,6430,2558,11,2020,1664.023,1461827.0,257.0,4703.0,1451.356874476,,1664.023,1451.356874476,1461.827,0.257,4.703,1906.0,MURRAY TRUST
UNITE GROUP PLC,GB03199160,5590,35200,25,2020,5231.9,3260000.0,-121000.0,215600.0,4161.196737449,1739.0,5231.9,4161.196737449,3260.0,-121.0,215.6,1995.0,UNITE
RESTORE PLC,GB05169780,7490,38170,13,2020,497.3,218600.0,200.0,182700.0,518.95113763,2006.0,497.3,518.95113763,218.6,0.2,182.7,2003.0,RESTORE
PAYPOINT PLC,GB03581541,8291,35961,22,2020,284.918,33300.0,22342.0,195489.0,405.075890041,709.0,284.918,405.075890041,33.3,22.342,195.489,1997.0,PAYPOINT
HENRY BOOT PLC,GB00160996,4120,7270,19,2020,454.619,313488.0,11921.0,222411.0,339.612912999,504.0,454.619,339.612912999,313.488,11.921,222.411,1918.0,HENRY BOOT
GLOBALDATA PLC,GB03925319,5819,36565,11,2020,357.2,137700.0,22600.0,179700.0,1614.847646846,3472.0,357.2,1614.847646846,137.7,22.6,179.7,1999.0,GLOBALDATA
JADESTONE ENERGY PLC,GB13152520,0610,44218,22,2020,454.332054701573,119703.352606911,-44841.9986876327,175511.812371447,,,454.332054701573,,119.703352606911,-44.8419986876327,175.511812371447,2020.0,JADESTONE ENERGY
SIRIUS REAL ESTATE LIMITED,GBGG46442,9499,39133,12,2020,1294.82527132291,789525.007331492,125607.587037505,140864.396986856,934.901389945,256.0,1294.82527132291,934.901389945,789.525007331492,125.607587037505,140.864396986856,2006.0,SIRIUS REAL ESTATE
VICTREX PLC,GB02793780,2221,34025,12,2020,549.5,481000.0,54200.0,266000.0,1585.967880161,978.0,549.5,1585.967880161,481.0,54.2,266.0,1992.0,VICTREX
GB GROUP PLC,GB02415211,5829,32741,15,2020,480.217,364256.0,26878.0,218107.0,1664.654048059,1047.0,480.217,1664.654048059,364.256,26.878,218.107,1988.0,GB
SAVANNAH ENERGY PLC,GB09115262,0910,2014,12,2020,899.559048052417,169103.470640023,-4634.87041505326,125935.092362713,136.50794698,212.0,899.559048052417,136.50794698,169.103470640023,-4.6348704150532605,125.935092362713,1904.0,SAVANNAH ENERGY
HAMMERSON PLC,GB00360632,6831,14718,15,2020,5906.3,3208900.0,-1734800.0,174400.0,1008.23865041,518.0,5906.3,1008.23865041,3208.9,-1734.8,174.4,1939.0,HAMMERSON
DERWENT LONDON PLC,GB01819699,6831,30827,30,2020,5531.4,4315100.0,-77600.0,183000.0,3466.325182056,154.0,5531.4,3466.325182056,4315.1,-77.6,183.0,1983.0,DERWENT LONDON
THE GYM GROUP PLC,GB08528493,9313,41408,16,2020,532.488,154444.0,-36368.0,80897.0,360.154185712,1936.0,532.488,360.154185712,154.444,-36.368,80.897,2012.0,GYM
SHAFTESBURY CAPITAL PLC,GB07145051,6831,2010,12,2020,2908.1,1759700.0,-702700.0,73900.0,1234.071322933,70.0,2908.1,1234.071322933,1759.7,-702.7,73.9,1904.0,SHAFTESBURY CAPITAL
ALLIANCE TRUST PLC,GBSC001731,6430,01/01/1888,38,2020,3408.237,3003300.0,230066.0,235908.0,,,3408.237,,3003.3,230.066,235.908,1888.0,ALLIANCE TRUST
PRIMARY HEALTH PROPERTIES PLC,GB03033634,6831,34774,20,2020,2697.1,1414400.0,112000.0,190300.0,2010.162504876,,2697.1,2010.162504876,1414.4,112.0,190.3,1994.0,PRIMARY HEALTH PROPERTIES
SAFESTORE HOLDINGS PLC,GB04726380,5210,37719,11,2020,1701.1,1035600.0,178000.0,162300.0,1692.261016108,652.0,1701.1,1692.261016108,1035.6,178.0,162.3,2002.0,SAFESTORE
OXFORD NANOPORE TECHNOLOGIES PLC,GB05386273,7211,2005,33,2020,281.209,185934.0,-61244.0,113860.0,,527.0,281.209,,185.934,-61.244,113.86,1904.0,OXFORD NANOPORE TECHNOLOGIES
SABRE INSURANCE GROUP PLC,GB10974661,6511,2017,9,2020,594.836,266400.0,39798.0,165707.0,691.250026226,160.0,594.836,691.250026226,266.4,39.798,165.707,1904.0,SABRE INSURANCE
BANKERS INVESTMENT TRUST PLC,GB00026351,6430,,45,2020,1328.804,1260971.0,59636.0,62152.0,1265.746298035,,1328.804,1265.746298035,1260.971,59.636,62.152,,BANKERS INVESTMENT TRUST
3I INFRASTRUCTURE PLC,GBJE95682,6430,2007,8,2020,2415.0,2390000.0,206000.0,25000.0,2643.101763138,,2415.0,2643.101763138,2390.0,206.0,25.0,1904.0,I INFRASTRUCTURE
SECURE TRUST BANK PLC,GB00541132,6419,20054,140,2020,2661.2,267600.0,15400.0,166100.0,163.0445425,1021.0,2661.2,163.0445425,267.6,15.4,166.1,1953.0,SECURE TRUST BANK
GLOBALWORTH REAL ESTATE INVESTMENTS LIMITED,GBGG56250,6831,2013,12,2020,3319.258546245,1605070.47915444,-42788.4319560115,204641.082103884,1438.47638978174,,3319.258546245,1438.47638978174,1605.0704791544401,-42.78843195601149,204.641082103884,1904.0,GLOBALWORTH REAL ESTATE INVESTMENTS
BIG YELLOW GROUP PLC,GB03625199,5210,36033,12,2020,1842.299,1453895.0,265186.0,135241.0,1961.067173407,412.0,1842.299,1961.067173407,1453.895,265.186,135.241,1997.0,BIG YELLOW
ASA INTERNATIONAL GROUP PLC,GB11361159,6420,43234,20,2020,431.639073412179,79786.0900242762,-1039.49264131822,83909.7834128461,234.500002861,12535.0,431.639073412179,234.500002861,79.7860900242762,-1.03949264131822,83.9097834128461,2017.0,ASA
AUCTION TECHNOLOGY GROUP PLC,GB13141124,5829,2020,26,2020,223.79,-15377.0,-15951.0,45498.0,,,223.79,,-15.377,-15.951,45.498,1904.0,AUCTION TECHNOLOGY
CHESNARA PLC,GB04947166,7010,37923,72,2020,9065.496,487067.0,21191.0,250458.0,447.195064722,305.0,9065.496,447.195064722,487.067,21.191,250.458,2002.0,CHESNARA
WORKSPACE GROUP PLC,GB02041612,6831,31622,19,2020,2593.6,1719500.0,-235700.0,142300.0,1448.908752,239.0,2593.6,1448.908752,1719.5,-235.7,142.3,1985.0,WORKSPACE
EDINBURGH WORLDWIDE INVESTMENT TRUST PLC,GBSC184775,6430,36045,13,2020,1043.248,991734.0,321972.0,322748.0,1020.103748125,,1043.248,1020.103748125,991.734,321.972,322.748,1997.0,EDINBURGH WORLDWIDE INVESTMENT TRUST
ARBUTHNOT BANKING GROUP PLC,GB01954085,6420,31355,18,2020,2853.536,194023.0,-1332.0,73178.0,115.76234962,514.0,2853.536,115.76234962,194.023,-1.332,73.178,1984.0,ARBUTHNOT BANKING
HICL INFRASTRUCTURE PLC,GB11738373,6619,2006,18,2020,2950.9,2950200.0,151900.0,0.0,3195.742230473,,2950.9,3195.742230473,2950.2,151.9,0.0,1904.0,HICL INFRASTRUCTURE
KISTOS HOLDINGS PLC,GB14490676,0610,44882,8,2020,,,,,,,,,,,,2021.0,KISTOS
FUNDING CIRCLE HOLDINGS PLC,GB07123934,6201,40191,18,2020,782.2,217600.0,-108300.0,103700.0,317.649569085,911.0,782.2,317.649569085,217.6,-108.3,103.7,2009.0,FUNDING CIRCLE
ASHMORE GROUP PLC,GB03675683,6619,36129,8,2020,1047.6,879000.0,182100.0,338000.0,2973.554585348,291.0,1047.6,2973.554585348,879.0,182.1,338.0,1997.0,ASHMORE
PEEL HUNT LIMITED,GBGG65579,6420,43230,12,2020,721.893,48370.0,3725.0,197234.0,,285.0,721.893,,48.37,3.725,197.234,2017.0,PEEL HUNT
GULF MARINE SERVICES PLC,GB08860816,3011,41663,14,2020,487.65990264107,154145.95394527,-92651.9537841331,76564.0354141974,21.554999496,533.0,487.65990264107,21.554999496,154.14595394527,-92.6519537841331,76.56403541419739,2013.0,GULF MARINE SERVICES
CLS HOLDINGS PLC,GB02714781,6831,33738,28,2020,2461.0,1270600.0,-8700.0,139400.0,914.603434577,116.0,2461.0,914.603434577,1270.6,-8.7,139.4,1991.0,CLS
GRAINGER PLC,GB00125575,9499,1912,12,2020,2970.1,1443000.0,82800.0,81100.0,2002.45501638,275.0,2970.1,2002.45501638,1443.0,82.8,81.1,1904.0,GRAINGER
HARWORTH GROUP PLC,GB02649340,7010,33508,14,2020,658.983,488712.0,25796.0,70001.0,,75.0,658.983,,488.712,25.796,70.001,1990.0,HARWORTH
NEWRIVER REIT PLC,GB10221027,9499,2009,14,2020,1225.9,460400.0,-150500.0,95600.0,287.309549733,55.0,1225.9,287.309549733,460.4,-150.5,95.6,1904.0,NEWRIVER REIT
ON THE BEACH GROUP PLC,GB09736592,7911,42233,14,2020,262.1,152400.0,-38800.0,33700.0,383.963379284,449.0,262.1,383.963379284,152.4,-38.8,33.7,2014.0,ON BEACH
SUPERMARKET INCOME REIT PLC,GB10799126,9499,2017,11,2020,617.546,477161.0,32763.0,29627.0,526.902741391,,617.546,526.902741391,477.161,32.763,29.627,1904.0,SUPERMARKET INCOME REIT
IP GROUP PLC,GB04204490,6619,2001,33,2020,1475.3,1331900.0,185400.0,6200.0,1050.667866735,103.0,1475.3,1050.667866735,1331.9,185.4,6.2,1904.0,IP
GREAT PORTLAND ESTATES PLC,GB00596137,6831,21184,33,2020,2559.9,1971600.0,-201900.0,88500.0,1725.794023146,124.0,2559.9,1725.794023146,1971.6,-201.9,88.5,1957.0,GREAT PORTLAND ESTATES
S & U PLC,GB00342025,6491,1938,12,2020,284.839,181029.0,14646.0,83761.0,251.168841257,190.0,284.839,251.168841257,181.029,14.646,83.761,1904.0,S U
BIOPHARMA CREDIT PLC,GB10443190,6619,2016,12,2020,1034.50605726395,1027506.80681241,66420.2265781652,35657.9507992836,,,1034.50605726395,,1027.50680681241,66.4202265781652,35.6579507992836,1904.0,BIOPHARMA CREDIT
AVATION PLC,GB05872328,7739,38909,14,2020,1153.64856686224,180124.749605129,7916.55046856975,110839.041226871,109.6723985,19.0,1153.64856686224,109.6723985,180.124749605129,7.91655046856975,110.839041226871,2005.0,AVATION
REGIONAL REIT LIMITED,GBGG60527,9499,2015,7,2020,850.61,420582.0,-30998.0,75941.0,355.992930975,,850.61,355.992930975,420.582,-30.998,75.941,1904.0,REGIONAL REIT
TARGET HEALTHCARE REIT PLC,GB11990238,6619,2019,14,2020,663.772,494113.0,31622.0,44267.0,503.236414907,,663.772,503.236414907,494.113,31.622,44.267,1904.0,TARGET HEALTHCARE REIT
THE LAW DEBENTURE CORPORATION PLC,GB00030397,6430,1889,13,2020,886.522,726994.0,2951.0,39235.0,817.336489097,153.0,886.522,817.336489097,726.994,2.951,39.235,1904.0,LAW DEBENTURE CORPORATION
POLLEN STREET GROUP LIMITED,GBGG70165,9499,2021,6,2020,,,,,,,,,,,,1904.0,POLLEN STREET
CUSTODIAN PROPERTY INCOME REIT PLC,GB08863271,9499,2014,15,2020,561.843,409866.0,3749.0,39578.0,385.608987618,,561.843,385.608987618,409.866,3.749,39.578,1904.0,CUSTODIAN PROPERTY INCOME REIT
PICTON PROPERTY INCOME LIMITED,GBGG43673,9499,38610,16,2020,712.471,528197.0,33801.0,43331.0,469.845623302,10.0,712.471,469.845623302,528.197,33.801,43.331,2004.0,PICTON PROPERTY INCOME
SYNCONA LIMITED,GBGG55514,9499,2012,38,2020,1338.406,1300289.0,53158.0,19934.0,1688.034233828,,1338.406,1688.034233828,1300.289,53.158,19.934,1904.0,SYNCONA
GRIT REAL ESTATE INCOME GROUP LIMITED,GBGG68739,9499,44234,34,2020,689.211754335808,242263.232575794,-51436.389008007,42920.8407430198,,92.0,689.211754335808,,242.263232575794,-51.436389008007,42.920840743019795,2020.0,GRIT REAL ESTATE INCOME
MALIBU LIFE HOLDINGS LIMITED,GBGG47161,6430,2007,11,2020,700.664239921425,700451.87045707,121064.007490816,542.473579125205,547.838632875,,700.664239921425,547.838632875,700.45187045707,121.064007490816,0.542473579125205,1904.0,MALIBU LIFE
FIDELITY CHINA SPECIAL SITUATIONS PLC,GB07133583,6430,2010,20,2020,2309.596,2182977.0,990615.0,266752.0,2159.792023265,,2309.596,2159.792023265,2182.977,990.615,266.752,1904.0,FIDELITY CHINA SPECIAL SITUATIONS
TR PROPERTY INVESTMENT TRUST PLC,GB00084492,6430,1905,13,2020,1491.306,1326433.0,234409.0,32222.0,1245.602581368,,1491.306,1245.602581368,1326.433,234.409,32.222,1904.0,TR PROPERTY INVESTMENT TRUST
PACIFIC HORIZON INVESTMENT TRUST PLC,GB02342193,6430,,12,2020,329.983,304403.0,80654.0,81422.0,318.35301887,,329.983,318.35301887,304.403,80.654,81.422,,PACIFIC HORIZON INVESTMENT TRUST
LIVING REIT PLC,GB10814022,9499,2017,23,2020,630.064,428651.0,24594.0,28928.0,449.109741071,,630.064,449.109741071,428.651,24.594,28.928,1904.0,LIVING REIT
JPMORGAN JAPANESE INVESTMENT TRUST PLC,GB00223583,6430,1927,29,2020,1237.303,1072164.0,271204.0,,989.403901966,,1237.303,989.403901966,1072.164,271.204,,1904.0,JPMORGAN JAPANESE INVESTMENT TRUST
HELICAL PLC,GB00156663,6831,7006,29,2020,1021.016,608161.0,17877.0,38596.0,501.433727591,28.0,1021.016,501.433727591,608.161,17.877,38.596,1918.0,HELICAL
FIDELITY EMERGING MARKETS LIMITED,GBGG20790,6430,1989,12,2020,1010.86297649311,1007093.77267212,-37836.2866588726,167.882375594541,872.131272869,,1010.86297649311,872.131272869,1007.09377267212,-37.8362866588726,0.167882375594541,1904.0,FIDELITY EMERGING MARKETS
CAB PAYMENTS HOLDINGS PLC,GB09659405,6420,2015,20,2020,1171.728,71161.0,-2614.0,11664.0,,202.0,1171.728,,71.161,-2.614,11.664,1904.0,CAB PAYMENTS
LENDINVEST PLC,GB08146929,6492,2012,12,2020,1140.8,49900.0,3800.0,22400.0,,181.0,1140.8,,49.9,3.8,22.4,1904.0,LENDINVEST
PANTHEON INFRASTRUCTURE PLC,GB13611678,9499,2021,16,2020,,,,,,,,,,,,1904.0,PANTHEON INFRASTRUCTURE
FIDELITY EUROPEAN TRUST PLC,GB02638812,9499,1991,11,2020,1221.643,1220285.0,106386.0,3808.0,1176.792856975,,1221.643,1176.792856975,1220.285,106.386,3.808,1904.0,FIDELITY EUROPEAN TRUST
GREENCOAT UK WIND PLC,GB08318092,6619,2012,9,2020,3338.29,2229873.0,104395.0,1086.0,2447.981598933,,3338.29,2447.981598933,2229.873,104.395,1.086,1904.0,GREENCOAT UK WIND
PANTHEON INTERNATIONAL PLC,GB02147984,6430,1987,17,2020,1627.039,1559266.0,60678.0,1106.0,1116.9471115,,1627.039,1116.9471115,1559.266,60.678,1.106,1904.0,PANTHEON
NEXTENERGY SOLAR FUND LIMITED,GBGG57739,6619,2008,22,2020,802.664,580791.0,40224.0,47996.0,584.63972253,,802.664,584.63972253,580.791,40.224,47.996,1904.0,NEXTENERGY SOLAR FUND
PHOENIX SPREE DEUTSCHLAND LIMITED,GBJE97031,9499,2007,5,2020,747.545315239095,396800.871415812,27237.5640796168,21895.7536407447,304.535282029,,747.545315239095,304.535282029,396.800871415812,27.2375640796168,21.8957536407447,1904.0,PHOENIX SPREE DEUTSCHLAND
BLACKROCK WORLD MINING TRUST PLC,GB02868209,6430,1993,54,2020,1062.017,930825.0,216515.0,15406.0,905.935212668,,1062.017,905.935212668,930.825,216.515,15.406,1904.0,BLACKROCK WORLD MINING TRUST
MOLTEN VENTURES PLC,GB09799594,6619,2006,16,2020,1043.769,1033141.0,267421.0,12601.0,1123.904355388,37.0,1043.769,1123.904355388,1033.141,267.421,12.601,1904.0,MOLTEN VENTURES
BRUNNER INVESTMENT TRUST (THE) PLC,GB00226323,6430,1927,10,2020,456.531,422099.0,26850.0,9324.0,359.472764597,,456.531,359.472764597,422.099,26.85,9.324,1904.0,BRUNNER INVESTMENT TRUST
OCTOPUS TITAN VCT PLC,GB06397765,6619,2007,19,2020,1066.89,1043235.0,75323.0,843.0,908.395393567,,1066.89,908.395393567,1043.235,75.323,0.843,1904.0,OCTOPUS TITAN VCT
ALLIANZ TECHNOLOGY TRUST PLC,GB03117355,6430,1995,23,2020,1258.35,1229187.0,490749.0,4315.0,1253.211351672,1675.0,1258.35,1253.211351672,1229.187,490.749,4.315,1904.0,ALLIANZ TECHNOLOGY TRUST
PATRIA PRIVATE EQUITY TRUST PLC,GBSC216638,6619,36959,18,2020,771.624,770293.0,80198.0,4505.0,491.988148131,,771.624,491.988148131,770.293,80.198,4.505,2000.0,PATRIA PRIVATE EQUITY TRUST
THE NORTH AMERICAN INCOME TRUST PLC,GBSC005218,6430,1902,10,2020,416.075,375416.0,-24075.0,6554.0,334.688189364,,416.075,334.688189364,375.416,-24.075,6.554,1904.0,NORTH AMERICAN INCOME TRUST
THE SCOTTISH AMERICAN INVESTMENT COMPANY PLC,GBSC000489,6430,1873,11,2020,815.983,731162.0,85145.0,5486.0,754.445153811,,815.983,754.445153811,731.162,85.145,5.486,1904.0,SCOTTISH AMERICAN INVESTMENT
CT PRIVATE EQUITY TRUST PLC,GBSC179412,6430,1997,23,2020,435.155,359483.0,66867.0,4988.0,227.369897701,,435.155,227.369897701,359.483,66.867,4.988,1904.0,CT PRIVATE EQUITY TRUST
PERSONAL ASSETS TRUST PLC,GBSC074582,6430,1981,11,2020,1163.176,1160966.0,65427.0,5394.0,1179.060278225,11.0,1163.176,1179.060278225,1160.966,65.427,5.394,1904.0,PERSONAL ASSETS TRUST
MANX FINANCIAL GROUP PLC,GBIM004908V,6491,1935,8,2020,267.961,22435.0,1968.0,2733.0,9.47279438,120.0,267.961,9.47279438,22.435,1.968,2.733,1904.0,MANX FINANCIAL
MURRAY INCOME TRUST PLC,GBSC012725,9499,1923,11,2020,582.426,534361.0,-29816.0,2484.0,526.797745665,,582.426,526.797745665,534.361,-29.816,2.484,1904.0,MURRAY INCOME TRUST
CHRYSALIS INVESTMENTS LIMITED,GBGG65432,6619,2018,9,2020,622.113,542043.0,160412.0,,488.276530857,,622.113,488.276530857,542.043,160.412,,1904.0,CHRYSALIS INVESTMENTS
CALEDONIA INVESTMENTS PLC,GB00235481,6430,1928,37,2020,2273.6,2225300.0,466000.0,1000.0,1464.63538576,66.0,2273.6,1464.63538576,2225.3,466.0,1.0,1904.0,CALEDONIA INVESTMENTS
FIDELITY SPECIAL VALUES PLC,GB02972628,6430,1994,18,2020,585.965,579505.0,-133690.0,20524.0,526.693565829,,585.965,526.693565829,579.505,-133.69,20.524,1904.0,FIDELITY SPECIAL VALUES
SCHRODER ASIAN TOTAL RETURN INVESTMENT COMPANY PLC,GB02153093,6430,1987,24,2020,519.039,483548.0,117947.0,,493.570429914,,519.039,493.570429914,483.548,117.947,,1904.0,SCHRODER ASIAN TOTAL RETURN INVESTMENT
DISTRIBUTION FINANCE CAPITAL HOLDINGS PLC,GB11911574,8411,2019,19,2020,201.322,50889.0,-13603.0,263.0,71.391167684,88.0,201.322,71.391167684,50.889,-13.603,0.263,1904.0,DISTRIBUTION FINANCE CAPITAL
RTW BIOTECH OPPORTUNITIES LTD.,GBGG66847,9499,2017,49,2020,313.636911988157,307460.313777485,-3690.75774369113,,,,313.636911988157,,307.460313777485,-3.69075774369113,,1904.0,RTW BIOTECH OPPORTUNITIES
ABERFORTH SMALLER COMPANIES TRUST PLC,GBSC126524,6430,1990,13,2020,1222.004,1147930.0,-219198.0,0.0,1108.51182302,,1222.004,1108.51182302,1147.93,-219.198,0.0,1904.0,ABERFORTH SMALLER COMPANIES TRUST
CORDIANT DIGITAL INFRASTRUCTURE LIMITED,GBGG68630,9499,2021,32,2020,,,,,,,,,,,,1904.0,CORDIANT DIGITAL INFRASTRUCTURE
JPMORGAN CLAVERHOUSE INVESTMENT TRUST PLC,GB00754577,6430,1963,15,2020,473.247,392859.0,-47387.0,13610.0,379.336352492,,473.247,379.336352492,392.859,-47.387,13.61,1904.0,JPMORGAN CLAVERHOUSE INVESTMENT TRUST
BLACKROCK SMALLER COMPANIES TRUST PLC,GBSC006176,6430,1906,14,2020,968.328,871296.0,119293.0,0.0,829.129845807,,968.328,829.129845807,871.296,119.293,0.0,1904.0,BLACKROCK SMALLER COMPANIES TRUST
JPMORGAN EUROPEAN DISCOVERY TRUST PLC,GB02431143,6430,1989,27,2020,923.767,846304.0,339735.0,469.0,736.718510451,,923.767,736.718510451,846.304,339.735,0.469,1904.0,JPMORGAN EUROPEAN DISCOVERY TRUST
INTERNATIONAL PUBLIC PARTNERSHIPS LIMITED,GBGG45241,6430,2006,8,2020,2432.152,2384436.0,60713.0,18.0,2758.861857739,,2432.152,2758.861857739,2384.436,60.713,0.018,1904.0,PUBLIC PARTNERSHIPS
GRESHAM HOUSE ENERGY STORAGE FUND PLC,GB11535957,9499,2018,197,2020,360.206,358890.0,18689.0,188.0,392.1259095,,360.206,392.1259095,358.89,18.689,0.188,1904.0,GRESHAM HOUSE ENERGY STORAGE FUND
BLACKROCK THROGMORTON TRUST PLC,GB00594634,6430,1969,6,2020,612.819,596215.0,50795.0,26818.0,596.879110804,,612.819,596.879110804,596.215,50.795,26.818,1904.0,BLACKROCK THROGMORTON TRUST
NORTH ATLANTIC SMALLER COMPANIES INVESTMENT TRUST PLC,GB01091347,6430,1973,20,2020,750.003,742230.0,130078.0,0.0,539.943963062,,750.003,539.943963062,742.23,130.078,0.0,1904.0,NORTH ATLANTIC SMALLER COMPANIES INVESTMENT TRUST
HENDERSON SMALLER COMPANIES INVESTMENT TRUST PLC,GB00025526,6430,1887,8,2020,720.207,641796.0,-56799.0,374.0,580.418998575,,720.207,580.418998575,641.796,-56.799,0.374,1904.0,HENDERSON SMALLER COMPANIES INVESTMENT TRUST
THE GLOBAL SMALLER COMPANIES TRUST PLC,GB00028264,6430,1889,13,2020,764.999,726515.0,-113796.0,0.0,670.560478052,,764.999,670.560478052,726.515,-113.796,0.0,1904.0,GLOBAL SMALLER COMPANIES TRUST
FINSBURY GROWTH & INCOME TRUST PLC,GBSC013958,6430,1926,11,2020,1880.305,1842530.0,-141409.0,508.0,1829.110862134,,1880.305,1829.110862134,1842.53,-141.409,0.508,1904.0,FINSBURY GROWTH INCOME TRUST
JPMORGAN UK SMALL CAP GROWTH & INCOME PLC,GB02515996,6430,1990,66,2020,233.61,209937.0,7632.0,29.0,181.079866869,,233.61,181.079866869,209.937,7.632,0.029,1904.0,JPMORGAN UK SMALL CAP GROWTH INCOME
JPMORGAN EUROPEAN GROWTH & INCOME PLC,GB00237958,6430,1929,39,2020,464.36,419603.0,122116.0,257.0,,,464.36,,419.603,122.116,0.257,1904.0,JPMORGAN EUROPEAN GROWTH INCOME
THE CITY OF LONDON INVESTMENT TRUST PLC,GB00034871,6430,1891,9,2020,1577.333,1432259.0,-237013.0,176.0,1415.776590911,,1577.333,1415.776590911,1432.259,-237.013,0.176,1904.0,CITY OF LONDON INVESTMENT TRUST
HARBOURVEST GLOBAL PRIVATE EQUITY LIMITED,GBGG47907,9499,2007,6,2020,2183.01142827666,2093971.50819674,488280.940092614,,1493.42854913,,2183.01142827666,1493.42854913,2093.97150819674,488.280940092614,,1904.0,HARBOURVEST GLOBAL PRIVATE EQUITY
HERALD INVESTMENT TRUST PLC,GB02879728,6430,1993,13,2020,1504.972,1503367.0,405362.0,628.0,1476.837784289,,1504.972,1476.837784289,1503.367,405.362,0.628,1904.0,HERALD INVESTMENT TRUST
TEMPLETON EMERGING MARKETS INVESTMENT TRUST PLC,GBSC118022,6430,1989,54,2020,2699.61,2591287.0,934429.0,161.0,2390.806714358,,2699.61,2390.806714358,2591.287,934.429,0.161,1904.0,TEMPLETON EMERGING MARKETS INVESTMENT TRUST
ICG ENTERPRISE TRUST PLC,GB01571089,6430,1981,16,2020,952.867,952016.0,175068.0,1412.0,664.289740807,,952.867,664.289740807,952.016,175.068,1.412,1904.0,ICG ENTERPRISE TRUST
GCP INFRASTRUCTURE INVESTMENTS LIMITED,GBJE105775,6430,2010,9,2020,1055.594,914778.0,-726.0,0.0,1025.690620684,,1055.594,1025.690620684,914.778,-0.726,0.0,1904.0,GCP INFRASTRUCTURE INVESTMENTS
THE MONKS INVESTMENT TRUST PLC,GB00236964,6430,1929,11,2020,2115.93,1963624.0,58289.0,,2043.282348011,,2115.93,2043.282348011,1963.624,58.289,,1904.0,MONKS INVESTMENT TRUST
NB PRIVATE EQUITY PARTNERS LIMITED,GBGG47214,9499,2009,32,2020,944.428617512615,784780.431550504,137523.013556362,,508.063729664,,944.428617512615,508.063729664,784.7804315505041,137.523013556362,,1904.0,NB PRIVATE EQUITY PARTNERS
SCHRODER ASIAPACIFIC FUND PLC,GB03104981,6430,1995,35,2020,960.037,946146.0,143426.0,766.0,850.785635691,,960.037,850.785635691,946.146,143.426,0.766,1904.0,SCHRODER ASIAPACIFIC FUND
AVI GLOBAL TRUST PLC,GB00028203,6430,1889,17,2020,1000.08,883605.0,-1970.0,15024.0,782.138315777,,1000.08,782.138315777,883.605,-1.97,15.024,1904.0,AVI GLOBAL TRUST
CAPITAL GEARING TRUST PLC,GBNI005574,6430,1963,18,2020,480.706,470059.0,-5479.0,,482.238126286,,480.706,482.238126286,470.059,-5.479,,1904.0,CAPITAL GEARING TRUST
PERSHING SQUARE HOLDINGS LIMITED,GBGG54602,9499,2012,6,2020,9345.15583494516,6745552.39911174,2756238.95602575,0.0,5452.102281966,,9345.15583494516,5452.102281966,6745.552399111741,2756.2389560257498,0.0,1904.0,PERSHING SQUARE
PRINCESS PRIVATE EQUITY HOLDING LIMITED,GBGG35241,6430,1999,6,2020,878.986586854539,844278.534708235,77480.0252546774,12.8013259404671,712.602807343,,878.986586854539,712.602807343,844.2785347082349,77.4800252546774,0.0128013259404671,1904.0,PRINCESS PRIVATE EQUITY HOLDING
MERCANTILE INVESTMENT TRUST (THE) PLC,GB00020537,6619,1884,35,2020,2266.029,1986999.0,-143582.0,2419.0,1828.417837539,,2266.029,1828.417837539,1986.999,-143.582,2.419,1904.0,MERCANTILE INVESTMENT TRUST
ASHOKA INDIA EQUITY INVESTMENT TRUST PLC,GB11356069,9499,2018,11,2020,74.466,70450.0,-3395.0,,66.633773468,,74.466,66.633773468,70.45,-3.395,,1904.0,ASHOKA INDIA EQUITY INVESTMENT TRUST
ABERDEEN ASIA FOCUS PLC,GB03106339,6430,1995,13,2020,406.927,358956.0,-60386.0,1.0,317.933654388,,406.927,317.933654388,358.956,-60.386,0.001,1904.0,ABERDEEN ASIA FOCUS
THE EUROPEAN SMALLER COMPANIES TRUST PLC,GB02520734,6430,1990,13,2020,577.596,523374.0,13525.0,,422.914849654,,577.596,422.914849654,523.374,13.525,,1904.0,EUROPEAN SMALLER COMPANIES TRUST
EDINBURGH INVESTMENT TRUST PLC,GBSC001836,6430,1889,45,2020,1191.552,1091231.0,278551.0,0.0,1033.097574,,1191.552,1033.097574,1091.231,278.551,0.0,1904.0,EDINBURGH INVESTMENT TRUST
SEQUOIA ECONOMIC INFRASTRUCTURE INCOME FUND LIMITED,GBGG59596,9499,2014,13,2020,1910.037,1819130.0,209957.0,,1837.171667163,,1910.037,1837.171667163,1819.13,209.957,,1904.0,SEQUOIA ECONOMIC INFRASTRUCTURE INCOME FUND
JPMORGAN AMERICAN INVESTMENT TRUST PLC,GB00015543,6430,1881,41,2020,1312.126,1211522.0,221135.0,0.0,1145.776909562,,1312.126,1145.776909562,1211.522,221.135,0.0,1904.0,JPMORGAN AMERICAN INVESTMENT TRUST
JPMORGAN GLOBAL GROWTH & INCOME PLC,GB00024299,6430,1887,28,2020,524.595,478837.0,26646.0,-485.0,474.805902776,,524.595,474.805902776,478.837,26.646,-0.485,1904.0,JPMORGAN GLOBAL GROWTH INCOME
THE MERCHANTS TRUST PLC,GB00028276,6430,1889,13,2020,648.902,554717.0,-68322.0,1050.0,530.518757186,1675.0,648.902,530.518757186,554.717,-68.322,1.05,1904.0,MERCHANTS TRUST
TEMPLE BAR INVESTMENT TRUST PLC,GB00214601,6430,1926,7,2020,790.299,675336.0,-277260.0,0.0,638.634934449,,790.299,638.634934449,675.336,-277.26,0.0,1904.0,TEMPLE BAR INVESTMENT TRUST
YELLOW CAKE PLC,GBJE125612,0721,2018,7,2020,311.229295190056,306156.641869102,21731.3281986614,962.656208860496,350.392327862,,311.229295190056,350.392327862,306.15664186910203,21.731328198661398,0.962656208860496,1904.0,YELLOW CAKE
FORESIGHT SOLAR FUND LIMITED,GBJE113721,6619,2013,32,2020,582.573,582158.0,-7197.0,,622.904079286,,582.573,622.904079286,582.158,-7.197,,1904.0,FORESIGHT SOLAR FUND
THE RENEWABLES INFRASTRUCTURE GROUP LIMITED,GBGG56716,6619,2013,19,2020,2196.563,2194871.0,100166.0,,2432.548182518,,2196.563,2432.548182518,2194.871,100.166,,1904.0,RENEWABLES INFRASTRUCTURE
FORESIGHT ENVIRONMENTAL INFRASTRUCTURE LIMITED,GBGG57682,6619,2004,12,2020,505.981,504201.0,8104.0,,612.326430607,,505.981,612.326430607,504.201,8.104,,1904.0,FORESIGHT ENVIRONMENTAL INFRASTRUCTURE
TWENTYFOUR INCOME FUND LIMITED,GBGG56128,6619,2013,41,2020,603.463,573364.0,127001.0,79.0,549.196015543,,603.463,549.196015543,573.364,127.001,0.079,1904.0,TWENTYFOUR INCOME FUND
THE SCHIEHALLION FUND LIMITED,GBGG65915,9499,2019,6,2020,515.904491867214,514710.440624094,151845.703323816,,,,515.904491867214,,514.710440624094,151.845703323816,,1904.0,SCHIEHALLION FUND
BH MACRO LIMITED,GBGG46235,6430,2007,6,2020,597.782039203487,567189.65899609,135270.406922165,0.0,,,597.782039203487,,567.18965899609,135.27040692216502,0.0,1904.0,BH MACRO
RUFFER INVESTMENT COMPANY LIMITED,GBGG41996,6430,2004,3,2020,452.542,444112.0,41182.0,,437.507980513,,452.542,437.507980513,444.112,41.182,,1904.0,RUFFER INVESTMENT
SCHRODER ORIENTAL INCOME FUND LIMITED,GBGG43298,9499,2005,24,2020,694.446,646699.0,-6837.0,,629.7244753,,694.446,629.7244753,646.699,-6.837,,1904.0,SCHRODER ORIENTAL INCOME FUND
SDCL EFFICIENCY INCOME TRUST PLC,GB11620959,9499,2018,52,2020,695.034,693805.0,32405.0,,758.337594429,,695.034,758.337594429,693.805,32.405,,1904.0,SDCL EFFICIENCY INCOME TRUST
BAILLIE GIFFORD US GROWTH TRUST PLC,GB11194060,9499,2018,10,2020,491.852,476202.0,138185.0,,494.735846255,,491.852,494.735846255,476.202,138.185,,1904.0,BAILLIE GIFFORD US GROWTH TRUST
UTILICO EMERGING MARKETS TRUST PLC,GB11102129,6430,2005,22,2020,568.388,505696.0,120668.0,-4489.0,437.014918926,,568.388,437.014918926,505.696,120.668,-4.489,1904.0,UTILICO EMERGING MARKETS TRUST
GEORGIA CAPITAL PLC,GB10852406,6619,2017,6,2020,503.632086849579,503113.802483925,75123.7155084974,,258.680443568,,503.632086849579,258.680443568,503.11380248392504,75.1237155084974,,1904.0,GEORGIA CAPITAL
IMPAX ENVIRONMENTAL MARKETS PLC,GB04348393,6430,37263,45,2020,1147.012,1093280.0,240837.0,,1124.38713267,,1147.012,1124.38713267,1093.28,240.837,,2001.0,IMPAX ENVIRONMENTAL MARKETS
HG CAPITAL TRUST PLC,GB01525583,6430,1980,20,2020,1292.186,1291016.0,246955.0,,1268.799394564,,1292.186,1268.799394564,1291.016,246.955,,1904.0,HG CAPITAL TRUST
WORLDWIDE HEALTHCARE TRUST PLC,GB03023689,2120,1995,10,2020,2482.669,2381425.0,477018.0,0.0,2376.633532663,,2482.669,2376.633532663,2381.425,477.018,0.0,1904.0,WORLDWIDE HEALTHCARE TRUST
INVESCO ASIA DRAGON TRUST PLC,GB03011768,6430,1995,29,2020,197.979,186948.0,-23441.0,,169.80734643,,197.979,169.80734643,186.948,-23.441,,1904.0,INVESCO ASIA DRAGON TRUST
JPMORGAN INDIA GROWTH & INCOME PLC,GB02915926,6430,1994,25,2020,570.489,536697.0,-109113.0,,446.384174393,,570.489,446.384174393,536.697,-109.113,,1904.0,JPMORGAN INDIA GROWTH INCOME
ST. JAMES'S PLACE PLC,GB03183415,7010,35156,25,2020,129881.3,1112100.0,262000.0,15000.0,6090.813711358,2746.0,129881.3,6090.813711358,1112.1,262.0,15.0,1995.0,ST JAMES S PLACE
JPMORGAN EMERGING MARKETS GROWTH & INCOME PLC,GB02618994,6430,1991,54,2020,1304.144,1303915.0,30590.0,,1189.87003537,,1304.144,1189.87003537,1303.915,30.59,,1904.0,JPMORGAN EMERGING MARKETS GROWTH INCOME
THE BAILLIE GIFFORD JAPAN TRUST PLC,GBSC075954,6430,1981,18,2020,925.411,772389.0,46948.0,,750.481574538,,925.411,750.481574538,772.389,46.948,,1904.0,BAILLIE GIFFORD JAPAN TRUST
BLACKROCK GREATER EUROPE INVESTMENT TRUST PLC,GB05142459,6430,2004,51,2020,411.814,387861.0,55862.0,,376.924243778,,411.814,376.924243778,387.861,55.862,,1904.0,BLACKROCK GREATER EUROPE INVESTMENT TRUST
OCTOPUS APOLLO VCT PLC,GB05840377,6619,2006,33,2020,177.504,168237.0,19767.0,,147.721143797,,177.504,147.721143797,168.237,19.767,,1904.0,OCTOPUS APOLLO VCT
SHELL PLC,GB04366849,0610,37292,23,2019,308147.696170258,145153374.064332,12073314.7746657,262969934.533963,,83.0,308147.696170258,,145153.37406433202,12073.3147746657,262969.934533963,2001.0,SHELL
GLENCORE PLC,GBJE107710,2399,2011,22,2019,94559.3109444148,29902069.0884221,-307891.62788568,164185496.894008,31358.771267989,89092.0,94559.3109444148,31358.771267989,29902.0690884221,-307.89162788568,164185.496894008,1904.0,GLENCORE
BP P.L.C.,GB00102498,1920,3395,34,2019,224969.705945756,76750371.4383937,3067484.65900956,212434553.729262,96077.950761034,70100.0,224969.705945756,96077.950761034,76750.3714383937,3067.48465900956,212434.553729262,1908.0,BP
TESCO PLC,GB00445790,4711,17498,24,2019,53147.0,13369000.0,971000.0,64760000.0,22378.133979024,243028.0,53147.0,22378.133979024,13369.0,971.0,64760.0,1946.0,TESCO
HSBC HOLDINGS PLC,GB00617987,6420,21551,33,2019,2069239.032765,146833822.181877,6636436.37531807,44546736.2207271,120234.072458389,235000.0,2069239.032765,120234.072458389,146833.82218187698,6636.43637531807,44546.7362207271,1958.0,HSBC
UNILEVER PLC,GB00041424,2042,21/06/1894,22,2019,55483.7867885784,11888526.7312625,343316.953711384,44530178.0459763,50824.892491556,149867.0,55483.7867885784,50824.892491556,11888.5267312625,343.316953711384,44530.1780459763,1894.0,UNILEVER
ASTRAZENECA PLC,GB02723534,2120,33772,33,2019,46775.902090939,11123728.2193549,1017414.16640441,18911709.767285,99814.335433887,70600.0,46775.902090939,99814.335433887,11123.7282193549,1017.41416640441,18911.709767285,1991.0,ASTRAZENECA
RIO TINTO PLC,GB00719885,0710,22735,23,2019,66914.6057218278,34479289.6752572,6104484.99842647,33493121.9364353,56284.061514434,46007.0,66914.6057218278,56284.061514434,34479.2896752572,6104.48499842647,33493.1219364353,1961.0,RIO TINTO
VODAFONE GROUP PLC,GB01833679,6190,30880,28,2019,149059.41840394,55509050.9344628,-815462.305145003,43658256.347736,30252.54580706,95219.0,149059.41840394,30252.54580706,55509.0509344628,-815.462305145003,43658.256347736,1983.0,VODAFONE
COMPASS GROUP PLC,GB04083914,5610,36798,19,2019,13335.0,3387000.0,1135000.0,24878000.0,,596452.0,13335.0,,3387.0,1135.0,24878.0,1999.0,COMPASS
GSK PLC,GB03888792,2120,36500,30,2019,79692.0,18357000.0,4645000.0,34125000.0,88764.922407102,99437.0,79692.0,88764.922407102,18357.0,4645.0,34125.0,1999.0,GSK
SAINSBURY (J) PLC,GB00185647,4711,8350,27,2019,27937.0,7773000.0,152000.0,29086000.0,4671.659963963,112.0,27937.0,4671.659963963,7773.0,152.0,29086.0,1921.0,SAINSBURY J
IMPERIAL BRANDS PLC,GB03236483,1200,35283,21,2019,33074.0,5584000.0,1010000.0,31594000.0,17395.443433729,32700.0,33074.0,17395.443433729,5584.0,1010.0,31594.0,1995.0,IMPERIAL BRANDS
BARCLAYS PLC,GB00048839,6420,20/07/1896,36,2019,1140229.0,65660000.0,3354000.0,21693000.0,31117.343847483,80800.0,1140229.0,31117.343847483,65660.0,3354.0,21693.0,1896.0,BARCLAYS
BAE SYSTEMS PLC,GB01470151,3030,29220,22,2019,25630.0,5511000.0,1476000.0,18433000.0,18104.902112717,79000.0,25630.0,18104.902112717,5511.0,1476.0,18433.0,1979.0,BAE SYSTEMS
BRITISH AMERICAN TOBACCO PLC,GB03407696,1200,35634,25,2019,141005.0,64160000.0,5704000.0,26040000.0,74126.572257462,59989.0,141005.0,74126.572257462,64160.0,5704.0,26040.0,1996.0,BRITISH AMERICAN TOBACCO
AVIVA PLC,GB02468686,6511,2000,46,2019,460043.0,17708000.0,2663000.0,26334000.0,16417.606148939,31791.0,460043.0,16417.606148939,17708.0,2663.0,26334.0,1904.0,AVIVA
ROLLS-ROYCE HOLDINGS PLC,GB07524813,3030,40584,43,2019,32266.0,-3354000.0,-1315000.0,16587000.0,13192.560471949,51700.0,32266.0,13192.560471949,-3354.0,-1315.0,16587.0,2010.0,ROLLS ROYCE
BT GROUP PLC,GB04190816,6190,36980,29,2019,53067.0,14763000.0,1734000.0,23128000.0,11651.121808788,105300.0,53067.0,11651.121808788,14763.0,1734.0,23128.0,2000.0,BT
CENTRICA PLC,GB03033654,3522,1995,19,2019,18154.0,1795000.0,-1023000.0,22674000.0,5196.684264596,29147.0,18154.0,5196.684264596,1795.0,-1023.0,22674.0,1904.0,CENTRICA
ASSOCIATED BRITISH FOODS PLC,GB00293262,1089,12712,11,2019,13760.0,9550000.0,878000.0,15842000.0,18548.92634929,138097.0,13760.0,18548.92634929,9550.0,878.0,15842.0,1933.0,ASSOCIATED BRITISH FOODS
LLOYDS BANKING GROUP PLC,GBSC095000,6420,31341,29,2019,833893.0,47806000.0,3006000.0,18359000.0,43782.84864875,70083.0,833893.0,43782.84864875,47806.0,3006.0,18359.0,1984.0,LLOYDS BANKING
NATIONAL GRID PLC,GB04031152,3522,36718,50,2019,67089.0,19584000.0,1264000.0,14540000.0,33209.615934267,23069.0,67089.0,33209.615934267,19584.0,1264.0,14540.0,1999.0,NATIONAL GRID
MARKS AND SPENCER GROUP PLC,GB04256886,4719,37095,21,2019,10189.7,3708500.0,23700.0,10240700.0,1935.239335048,75505.0,10189.7,1935.239335048,3708.5,23.7,10240.7,2000.0,MARKS AND SPENCER
ANGLO AMERICAN PLC,GB03564138,0710,35929,26,2019,42793.8878441502,23918759.2603764,2703197.03987749,22998894.9166684,29797.45623019,63000.0,42793.8878441502,29797.45623019,23918.759260376402,2703.19703987749,22998.8949166684,1997.0,ANGLO AMERICAN
NATWEST GROUP PLC,GBSC045551,6420,24922,35,2019,723039.0,43556000.0,3800000.0,11971000.0,29061.66994877,62900.0,723039.0,29061.66994877,43556.0,3800.0,11971.0,1967.0,NATWEST
STANDARD CHARTERED PLC,GB00966425,6420,25525,30,2019,549021.071647495,38609152.8720703,1783332.69616953,11978051.2759387,22769.813429687,84398.0,549021.071647495,22769.813429687,38609.1528720703,1783.33269616953,11978.0512759387,1968.0,STANDARD CHARTERED
DIAGEO PLC,GB00023307,1101,21/10/1886,23,2019,31296.0,10156000.0,3160000.0,12867000.0,80268.643639939,28150.0,31296.0,80268.643639939,10156.0,3160.0,12867.0,1886.0,DIAGEO
RECKITT BENCKISER GROUP PLC,GB06270876,7010,39239,35,2019,32139.0,9407000.0,-3683000.0,12846000.0,43500.357890645,42400.0,32139.0,43500.357890645,9407.0,-3683.0,12846.0,2006.0,RECKITT BENCKISER
NATIONAL WESTMINSTER BANK PLC - NATWEST,GB00929027,6419,25569,17,2019,318493.0,19672000.0,884000.0,9048000.0,,51700.0,318493.0,,19672.0,884.0,9048.0,1969.0,NATIONAL WESTMINSTER BANK NATWEST
WPP PLC (NEW),GBJE111714,7311,2005,49,2019,39605.4,8415800.0,856300.0,15621600.0,13409.95853723,106786.0,39605.4,13409.95853723,8415.8,856.3,15621.6,1904.0,WPP NEW
KINGFISHER PLC,GB01664812,4719,30210,23,2019,11913.0,5802000.0,8000.0,11549000.0,4304.659623745,78000.0,11913.0,4304.659623745,5802.0,8.0,11549.0,1981.0,KINGFISHER
JD SPORTS FASHION PLC,GB01888425,4764,31099,15,2019,4345.9,1289200.0,246100.0,6121700.0,7998.029465674,56250.0,4345.9,7998.029465674,1289.2,246.1,6121.7,1984.0,JD SPORTS FASHION
JOHNSON MATTHEY PLC,GB00033774,2059,04/11/1891,16,2019,7361.0,2824000.0,255000.0,14577000.0,3479.730982807,14152.0,7361.0,3479.730982807,2824.0,255.0,14577.0,1891.0,JOHNSON MATTHEY
BUNZL PLC,GB00358948,4639,14632,21,2019,5920.0,1744300.0,349200.0,9329300.0,6954.767206074,19000.0,5920.0,6954.767206074,1744.3,349.2,9329.3,1939.0,BUNZL
HALEON PLC,GB13691224,2120,44489,29,2019,,,,,,,,,,,,2020.0,HALEON
EASYJET PLC,GB03959649,5110,36609,21,2019,8163.0,2985000.0,349000.0,6414000.0,4567.8935295,14751.0,8163.0,4567.8935295,2985.0,349.0,6414.0,1999.0,EASYJET
SSE PLC,GBSC117119,3511,32599,24,2019,21031.7,4920100.0,-12500.0,9585200.0,13564.082371749,11676.0,21031.7,13564.082371749,4920.1,-12.5,9585.2,1988.0,SSE
RELX PLC,GB00077536,6311,1244,20,2019,13789.0,2190000.0,1505000.0,7874000.0,36936.96002394,33200.0,13789.0,36936.96002394,2190.0,1505.0,7874.0,1902.0,RELX
BALFOUR BEATTY PLC,GB00395826,4299,16588,21,2019,4841.0,1377000.0,130000.0,7313000.0,1802.979256189,19197.0,4841.0,1802.979256189,1377.0,130.0,7313.0,1944.0,BALFOUR BEATTY
LONDON STOCK EXCHANGE GROUP PLC,GB05369106,8411,2005,22,2019,803651.0,3801000.0,417000.0,2314000.0,27105.05956,4698.0,803651.0,27105.05956,3801.0,417.0,2314.0,1904.0,LONDON STOCK EXCHANGE
QUILTER PLC,GB06404270,6420,39374,19,2019,63738.0,2071000.0,146000.0,7824000.0,3063.574443902,4370.0,63738.0,3063.574443902,2071.0,146.0,7824.0,2006.0,QUILTER
CURRYS PLC,GB07105905,6190,40162,19,2019,7145.0,2640000.0,-320000.0,10433000.0,1683.465144564,41914.0,7145.0,1683.465144564,2640.0,-320.0,10433.0,2009.0,CURRYS
LEGAL & GENERAL GROUP PLC,GB01417162,6511,1836,31,2019,560736.0,9038000.0,1810000.0,11685000.0,18075.00913854,9777.0,560736.0,18075.00913854,9038.0,1810.0,11685.0,1904.0,LEGAL GENERAL
COMPUTACENTER PLC,GB03110569,6209,34974,26,2019,1916.868,492484.0,101655.0,5052779.0,2023.72181032,16076.0,1916.868,2023.72181032,492.484,101.655,5052.779,1994.0,COMPUTACENTER
INCHCAPE PLC,GB00609782,4511,21412,19,2019,4462.8,1298600.0,322900.0,9492200.0,2817.877093321,17327.0,4462.8,2817.877093321,1298.6,322.9,9492.2,1957.0,INCHCAPE
PRUDENTIAL PLC,GB01397169,6511,1848,25,2019,346160.118486302,14843577.317647,758297.449866959,33137217.5051912,37690.807065652,24676.0,346160.118486302,37690.807065652,14843.577317647001,758.297449866959,33137.2175051912,1904.0,PRUDENTIAL
HARBOUR ENERGY PLC,GBSC234781,0610,37468,24,2019,4643.06671715523,862325.190476848,125214.342726775,1216705.40574131,816.568404202,770.0,4643.06671715523,816.568404202,862.3251904768481,125.21434272677499,1216.70540574131,2001.0,HARBOUR ENERGY
METLEN ENERGY & METALS PLC,GB15944520,3511,2024,72,2019,,,,,,,,,,,,1904.0,METLEN ENERGY METALS
JET2 PLC,GB01295221,5110,28146,8,2019,3382.8,634100.0,116000.0,3584700.0,820.491235823,10357.0,3382.8,820.491235823,634.1,116.0,3584.7,1976.0,JET
NEXT PLC,GB04412362,4791,37355,16,2019,3673.3,441500.0,610200.0,4266200.0,9182.136577851,44414.0,3673.3,9182.136577851,441.5,610.2,4266.2,2001.0,NEXT
MONDI PLC,GB06209386,1729,39183,17,2019,7311.53811644693,3754226.53871426,695195.427465446,6222512.7670183,8606.441356688,25900.0,7311.53811644693,8606.441356688,3754.2265387142597,695.195427465446,6222.512767018299,2006.0,MONDI
ANTOFAGASTA PLC,GB01627889,0729,30048,30,2019,11134.7025744083,7164577.21226058,382120.946093762,3807262.88472399,9038.334397883,5719.0,11134.7025744083,9038.334397883,7164.5772122605795,382.12094609376203,3807.2628847239903,1981.0,ANTOFAGASTA
EXPERIAN PLC,GBJE93905,7490,2006,20,2019,7199.54897028915,1845395.1231857,546094.567360959,4189961.13238875,20445.721715862,17088.0,7199.54897028915,20445.721715862,1845.3951231857,546.094567360959,4189.96113238875,1904.0,EXPERIAN
BARRATT REDROW PLC,GB00604574,4110,21319,21,2019,7187.5,4869000.0,740000.0,4763100.0,5823.260875114,6419.0,7187.5,5823.260875114,4869.0,740.0,4763.1,1957.0,BARRATT REDROW
MITIE GROUP PLC,GBSC019230,8121,13347,19,2019,1069.2,80500.0,90500.0,2173700.0,237.861514525,47567.0,1069.2,237.861514525,80.5,90.5,2173.7,1935.0,MITIE
PHOENIX GROUP HOLDINGS PLC,GB11606773,6511,2018,23,2019,242677.0,5279000.0,116000.0,3482000.0,5404.146765418,,242677.0,5404.146765418,5279.0,116.0,3482.0,1904.0,PHOENIX
FRASERS GROUP PLC,GB06035106,4764,39072,14,2019,3148.8,1252400.0,112000.0,3725300.0,1597.423505248,18940.0,3148.8,1597.423505248,1252.4,112.0,3725.3,2006.0,FRASERS
DRAX GROUP PLC,GB05562053,3511,38608,19,2019,4682.8,1715600.0,500.0,4716500.0,1245.432170649,2988.0,4682.8,1245.432170649,1715.6,0.5,4716.5,2004.0,DRAX
RENTOKIL INITIAL PLC,GB05393279,3900,38426,26,2019,3394.4,1002300.0,283800.0,2714400.0,8377.478719455,43000.0,3394.4,8377.478719455,1002.3,283.8,2714.4,2004.0,RENTOKIL INITIAL
WIZZ AIR HOLDINGS PLC,GBJE103356,5110,2009,29,2019,3862.89812179613,1094492.23303592,249159.189104631,2447539.19912706,1970.065853739,4440.0,3862.89812179613,1970.065853739,1094.49223303592,249.159189104631,2447.53919912706,1904.0,WIZZ AIR
ENTAIN PLC,GBIM004685V,9329,40299,9,2019,6988.8,2855900.0,-153700.0,3600500.0,5148.979070975,24614.0,6988.8,5148.979070975,2855.9,-153.7,3600.5,2009.0,ENTAIN
BABCOCK INTERNATIONAL GROUP PLC,GB02342138,7490,32540,26,2019,7789.1,2314800.0,-115800.0,4428500.0,1937.446168383,34220.0,7789.1,1937.446168383,2314.8,-115.8,4428.5,1988.0,BABCOCK
MORGAN SINDALL GROUP PLC,GB00521970,4120,19560,17,2019,1395.5,396800.0,71200.0,3075700.0,736.937791706,6761.0,1395.5,736.937791706,396.8,71.2,3075.7,1952.0,MORGAN SINDALL
ADMIRAL GROUP PLC,GB03849958,6511,1993,24,2019,7585.4,909400.0,428400.0,709400.0,6781.217381423,10829.0,7585.4,6781.217381423,909.4,428.4,709.4,1904.0,ADMIRAL
SERCO GROUP PLC,GB02048608,8211,31645,27,2019,2079.4,542900.0,50400.0,3248400.0,1980.653199968,43929.0,2079.4,1980.653199968,542.9,50.4,3248.4,1985.0,SERCO
VERTU MOTORS PLC,GB05984855,4519,39022,24,2019,1178.616,263373.0,2987.0,3067215.0,117.028152593,5944.0,1178.616,117.028152593,263.373,2.987,3067.215,2005.0,VERTU MOTORS
AIRTEL AFRICA PLC,GB11462215,6190,43293,25,2019,7544.19531946806,2654424.1118686,299340.725812674,2782250.6920805,1545.351849343,3363.0,7544.19531946806,1545.351849343,2654.4241118686,299.34072581267395,2782.2506920805,2017.0,AIRTEL AFRICA
FIRSTGROUP PLC,GBSC157176,4931,34789,13,2019,8443.5,1176700.0,-327200.0,7754600.0,615.176124349,103494.0,8443.5,615.176124349,1176.7,-327.2,7754.6,1994.0,FIRSTGROUP
SMITH & NEPHEW PLC,GB00324357,3250,13563,29,2019,7086.84219729935,3917997.17564426,457264.793889623,3915710.85167481,16035.669834101,18030.0,7086.84219729935,16035.669834101,3917.99717564426,457.26479388962304,3915.71085167481,1936.0,SMITH NEPHEW
TRAVIS PERKINS PLC,GB00824821,4673,23677,19,2019,6440.0,2587100.0,122800.0,6962100.0,4039.346588525,29234.0,6440.0,4039.346588525,2587.1,122.8,6962.1,1963.0,TRAVIS PERKINS
BEAZLEY PLC,GB09763575,6511,1986,25,2019,6762.71766923058,1238654.11584801,178409.480415935,1788667.45209824,2945.376976648,1514.0,6762.71766923058,2945.376976648,1238.65411584801,178.40948041593498,1788.66745209824,1904.0,BEAZLEY
M&G PLC,GB11444019,6511,2018,24,2019,226243.0,5125000.0,1123000.0,11189000.0,6166.979031604,,226243.0,6166.979031604,5125.0,1123.0,11189.0,1904.0,M G
HILTON FOOD GROUP PLC,GB06165540,4632,39157,19,2019,1055.292,221938.0,39736.0,2774036.0,913.68099704,5391.0,1055.292,913.68099704,221.938,39.736,2774.036,2006.0,HILTON FOOD
KIER GROUP PLC,GB02708030,7112,33715,13,2019,2641.8,519600.0,-209600.0,4121700.0,172.329183261,18778.0,2641.8,172.329183261,519.6,-209.6,4121.7,1991.0,KIER
INFORMA PLC,GB08860726,5814,41663,26,2019,10722.5,5838000.0,225500.0,2890300.0,10727.913054361,11238.0,10722.5,10727.913054361,5838.0,225.5,2890.3,2013.0,INFORMA
TAYLOR WIMPEY PLC,GB00296805,4120,12816,17,2019,5176.2,3307800.0,673900.0,4370000.0,6343.266786622,6122.0,5176.2,6343.266786622,3307.8,673.9,4370.0,1934.0,TAYLOR WIMPEY
INTERCONTINENTAL HOTELS GROUP PLC,GB05134420,5510,38128,21,2019,3196.28090928847,-1116488.2050805,294173.684068991,3542277.93666495,9480.294232753,14436.0,3196.28090928847,9480.294232753,-1116.4882050805002,294.173684068991,3542.27793666495,2003.0,INTERCONTINENTAL HOTELS
POLAR CAPITAL TECHNOLOGY TRUST PLC,GB03224867,6430,1996,19,2019,2034.499,1935646.0,383637.0,386246.0,1811.990462989,,2034.499,1811.990462989,1935.646,383.637,386.246,1904.0,POLAR CAPITAL TECHNOLOGY TRUST
PERSIMMON PLC,GB01818486,4120,30824,11,2019,4489.3,3258300.0,848800.0,3658200.0,8594.419519053,5285.0,4489.3,8594.419519053,3258.3,848.8,3658.2,1983.0,PERSIMMON
3I GROUP PLC,GB01142830,6430,16438,20,2019,8567.0,7757000.0,214000.0,121000.0,7708.696795554,242.0,8567.0,7708.696795554,7757.0,214.0,121.0,1944.0,I
VISTRY GROUP PLC,GB00306718,4120,13092,18,2019,1795.188,1271966.0,138379.0,1130768.0,2014.426215342,1360.0,1795.188,2014.426215342,1271.966,138.379,1130.768,1934.0,VISTRY
SSP GROUP PLC,GB05735966,1089,38785,25,2019,1791.6,415600.0,126900.0,2794600.0,2758.085539151,40647.0,1791.6,2758.085539151,415.6,126.9,2794.6,2005.0,SSP
PEARSON PLC,GB00053723,5811,08/12/1897,27,2019,7650.0,4323000.0,264000.0,3939000.0,4981.970088226,22734.0,7650.0,4981.970088226,4323.0,264.0,3939.0,1897.0,PEARSON
MELROSE INDUSTRIES PLC,GB09800044,3030,42276,20,2019,18240.0,7551000.0,-51000.0,11390000.0,11664.67089638,55621.0,18240.0,11664.67089638,7551.0,-51.0,11390.0,2014.0,MELROSE INDUSTRIES
ITV PLC,GB04967001,6020,37943,20,2019,3568.0,878000.0,473000.0,3308000.0,6078.367844551,6416.0,3568.0,6078.367844551,878.0,473.0,3308.0,2002.0,ITV
INTERTEK GROUP PLC,GB04267576,7120,37112,31,2019,2818.4,985300.0,313100.0,2987000.0,9444.72586592,45653.0,2818.4,9444.72586592,985.3,313.1,2987.0,2000.0,INTERTEK
FRESNILLO PLC,GB06344120,2441,39309,21,2019,3681.85801499976,2498737.94626165,155467.743598502,1617917.15697996,4717.592720235,5683.0,3681.85801499976,4717.592720235,2498.73794626165,155.467743598502,1617.9171569799598,2006.0,FRESNILLO
MOBICO GROUP PLC,GB02590560,4931,33308,17,2019,4408.3,1112500.0,141100.0,2744400.0,2403.124741763,49578.0,4408.3,2403.124741763,1112.5,141.1,2744.4,1990.0,MOBICO
SMITHS GROUP PLC,GB00137013,2651,5310,22,2019,5318.0,2381000.0,225000.0,3372000.0,6501.610374229,23062.0,5318.0,6501.610374229,2381.0,225.0,3372.0,1913.0,SMITHS
ENDEAVOUR MINING PLC,GB13280545,0729,44276,20,2019,,,,,,,,,,,,2020.0,ENDEAVOUR MINING
ZEGONA COMMUNICATIONS PLC,GB09395163,6619,2015,15,2019,312.897016847745,300796.164419424,36006.3286914862,0.0,241.909350338,10.0,312.897016847745,241.909350338,300.79616441942403,36.006328691486196,0.0,1904.0,ZEGONA COMMUNICATIONS
KELLER GROUP PLC,GB02442580,7112,32825,23,2019,1425.1,397500.0,21400.0,2303800.0,540.52713,10492.0,1425.1,540.52713,397.5,21.4,2303.8,1988.0,KELLER
SCOTTISH MORTGAGE INVESTMENT TRUST PLC,GBSC007058,6430,1908,14,2019,9166.596,8244634.0,973056.0,979105.0,8334.445192911,,9166.596,8334.445192911,8244.634,973.056,979.105,1904.0,SCOTTISH MORTGAGE INVESTMENT TRUST
WHITBREAD PLC,GB04120344,5510,36861,23,2019,7825.5,3748800.0,217900.0,2092600.0,5232.264112955,35455.0,7825.5,5232.264112955,3748.8,217.9,2092.6,1999.0,WHITBREAD
CRANSWICK PLC,GB01074383,1013,26571,11,2019,995.5,614500.0,82700.0,1667200.0,1930.520685023,7464.0,995.5,1930.520685023,614.5,82.7,1667.2,1971.0,CRANSWICK
RS GROUP PLC,GB00647788,4652,21937,18,2019,1617.7,719900.0,154700.0,1953800.0,2303.844175031,7044.0,1617.7,2303.844175031,719.9,154.7,1953.8,1959.0,RS
BELLWAY PLC,GB01372603,4120,28650,11,2019,3889.857,2921174.0,538554.0,3383165.0,3658.08458557,2980.0,3889.857,3658.08458557,2921.174,538.554,3383.165,1977.0,BELLWAY
INTERNATIONAL WORKPLACE GROUP PLC,GBJE122154,6831,2003,10,2019,8953.30000000004,880500.000000003,450600.0,2746100.0,3851.135527362,9714.0,8953.30000000004,3851.135527362,880.5000000000031,450.6,2746.1,1904.0,WORKPLACE
SEVERN TRENT PLC,GB02366619,3600,32599,17,2019,10801.7,1243700.0,158800.0,1868800.0,5425.341123256,6796.0,10801.7,5425.341123256,1243.7,158.8,1868.8,1988.0,SEVERN TRENT
MITCHELLS & BUTLERS PLC,GB04551498,5610,37531,15,2019,4892.0,1947000.0,143000.0,2237000.0,1641.452788102,46086.0,4892.0,1641.452788102,1947.0,143.0,2237.0,2001.0,MITCHELLS BUTLERS
SCHRODERS PLC,GB03909886,6619,21551,26,2019,21266.2,3847500.0,495700.0,2122600.0,7535.586749052,5673.0,21266.2,7535.586749052,3847.5,495.7,2122.6,1958.0,SCHRODERS
SIG PLC,GB00998314,4673,25931,25,2019,1347.8,294200.0,-124500.0,2484000.0,727.615099143,7071.0,1347.8,727.615099143,294.2,-124.5,2484.0,1970.0,SIG
UNITED UTILITIES GROUP PLC,GB06559020,3600,32599,22,2019,14044.1,2962100.0,106800.0,1862700.0,6156.088554466,5302.0,14044.1,6156.088554466,2962.1,106.8,1862.7,1988.0,UNITED UTILITIES
THE WEIR GROUP PLC,GBSC002934,2813,14/06/1895,19,2019,3852.2,1513400.0,-379900.0,2822300.0,3918.843994264,14687.0,3852.2,3918.843994264,1513.4,-379.9,2822.3,1895.0,WEIR
SAVILLS PLC,GB02122174,7022,31877,17,2019,1649.5,503200.0,82900.0,1915600.0,1623.693803872,38880.0,1649.5,1623.693803872,503.2,82.9,1915.6,1986.0,SAVILLS
HALMA PLC,GB00040932,2611,13/04/1894,22,2019,1937.8,1136900.0,184400.0,1338400.0,7292.986480144,6992.0,1937.8,7292.986480144,1136.9,184.4,1338.4,1894.0,HALMA
HIKMA PHARMACEUTICALS PLC,GB05557934,2120,38603,21,2019,2995.08439997703,1622527.91031835,370384.483050595,1714742.97708609,4824.574717365,8578.0,2995.08439997703,4824.574717365,1622.52791031835,370.38448305059495,1714.74297708609,2004.0,HIKMA PHARMACEUTICALS
THE SAGE GROUP PLC,GB02231246,5829,32218,18,2019,3354.0,1504000.0,266000.0,1936000.0,7529.721695752,12550.0,3354.0,7529.721695752,1504.0,266.0,1936.0,1987.0,SAGE
ASOS PLC,GB04006623,4771,36679,26,2019,1245.5,453600.0,24600.0,2733500.0,1996.160081011,4755.0,1245.5,1996.160081011,453.6,24.6,2733.5,1999.0,ASOS
HOWDEN JOINERY GROUP PLC,GB02128710,3102,31904,19,2019,944.0,615200.0,209000.0,1583600.0,4026.508237525,9903.0,944.0,4026.508237525,615.2,209.0,1583.6,1986.0,HOWDEN JOINERY
BERKELEY GROUP HOLDINGS (THE) PLC,GB05172586,4110,1976,14,2019,4937.9,2963300.0,627400.0,2957400.0,4845.813167666,2664.0,4937.9,4845.813167666,2963.3,627.4,2957.4,1904.0,BERKELEY
BURBERRY GROUP PLC,GB03458224,4771,35733,29,2019,3292.2,1218800.0,121700.0,2633100.0,5360.31302969,9892.0,3292.2,5360.31302969,1218.8,121.7,2633.1,1996.0,BURBERRY
CAPITA PLC,GB02081330,8110,31754,19,2019,3976.5,-64000.0,-64200.0,3678600.0,2738.331676052,63285.0,3976.5,2738.331676052,-64.0,-64.2,3678.6,1985.0,CAPITA
IMI PLC,GB00714275,2899,22679,13,2019,1823.6,709900.0,156100.0,1873000.0,3209.299686686,11439.0,1823.6,3209.299686686,709.9,156.1,1873.0,1961.0,IMI
ITHACA ENERGY PLC,GB12263719,0610,2019,21,2019,3807.32461547116,747737.681560068,-17994.8938555363,409953.891989834,,,3807.32461547116,,747.737681560068,-17.994893855536297,409.953891989834,1904.0,ITHACA ENERGY
GREGGS PLC,GB00502851,5610,18991,13,2019,785.5,341100.0,87000.0,1167900.0,2324.562558675,24930.0,785.5,2324.562558675,341.1,87.0,1167.9,1951.0,GREGGS
OCADO GROUP PLC,GB07098618,4778,40155,19,2019,2293.2,1057300.0,-213100.0,1864300.0,9397.33395075,15144.0,2293.2,9397.33395075,1057.3,-213.1,1864.3,2009.0,OCADO
J D WETHERSPOON PLC,GB01709784,5630,30400,13,2019,1521.839,316812.0,72777.0,1818793.0,1609.052506261,41899.0,1521.839,1609.052506261,316.812,72.777,1818.793,1982.0,J D WETHERSPOON
W.A.G PAYMENT SOLUTIONS PLC,GB13544823,7490,2021,17,2019,466.3930850849,42451.4409796141,9681.36686426018,1167974.55035018,,845.0,466.3930850849,,42.4514409796141,9.68136686426018,1167.97455035018,1904.0,W A G PAYMENT SOLUTIONS
TATE & LYLE PLC,GB00076535,1039,1154,24,2019,2851.0,1399000.0,265000.0,2882000.0,3072.713939486,4218.0,2851.0,3072.713939486,1399.0,265.0,2882.0,1902.0,TATE LYLE
WH SMITH PLC,GB05202036,4778,38209,10,2019,746.0,237000.0,106000.0,1397000.0,2111.670900152,14321.0,746.0,2111.670900152,237.0,106.0,1397.0,2003.0,WH SMITH
GALLIFORD TRY HOLDINGS PLC,GB12216008,4120,1965,11,2019,2693.8,679300.0,86900.0,1400100.0,,3540.0,2693.8,,679.3,86.9,1400.1,1904.0,GALLIFORD TRY
TELECOM PLUS PLC,GB03263464,6190,35347,18,2019,482.659,221952.0,35760.0,877102.0,976.055613356,1777.0,482.659,976.055613356,221.952,35.76,877.102,1995.0,TELECOM PLUS
QINETIQ GROUP PLC,GB04586941,8020,37571,18,2019,1437.9,887100.0,106300.0,1082800.0,1828.83887341,6787.0,1437.9,1828.83887341,887.1,106.3,1082.8,2001.0,QINETIQ
ZIGUP PLC,GB00053171,7721,,32,2019,1128.368,563616.0,51418.0,745470.0,490.295675134,3174.0,1128.368,490.295675134,563.616,51.418,745.47,,ZIGUP
WATCHES OF SWITZERLAND GROUP PLC,GB11838443,4648,43516,11,2019,512.715,76559.0,-1769.0,798876.0,,1899.0,512.715,,76.559,-1.769,798.876,2018.0,WATCHES OF SWITZERLAND
CONVATEC GROUP PLC,GB10361298,4690,42619,21,2019,2751.05742163794,1189650.57210284,7468.65830019718,1392523.71899187,3936.283101112,9100.0,2751.05742163794,3936.283101112,1189.65057210284,7.4686583001971805,1392.52371899187,2015.0,CONVATEC
VESUVIUS PLC,GB08217766,2451,41169,11,2019,2104.5,1114400.0,80300.0,1710400.0,1356.069485,10496.0,2104.5,1356.069485,1114.4,80.3,1710.4,2011.0,VESUVIUS
DUNELM GROUP PLC,GB04708277,4759,37703,16,2019,417.1,185800.0,101300.0,1100400.0,1858.089820278,9589.0,417.1,1858.089820278,185.8,101.3,1100.4,2002.0,DUNELM
SYNTHOMER PLC,GB00098381,2059,3080,22,2019,1259.4,670500.0,84600.0,1459100.0,1503.122583329,2852.0,1259.4,1503.122583329,670.5,84.6,1459.1,1907.0,SYNTHOMER
HALFORDS GROUP PLC,GB04457314,4778,37417,8,2019,,,,,,,,,,,,2001.0,HALFORDS
THG PLC,GB06539496,4778,39526,142,2019,1624.427,467685.0,-44186.0,1140260.0,,6.0,1624.427,,467.685,-44.186,1140.26,2007.0,THG
BREEDON GROUP PLC,GB14739556,6420,45002,15,2019,,,,,,,,,,,,2022.0,BREEDON
SPIRAX GROUP PLC,GB00596337,2813,21186,21,2019,1694.3,826300.0,166600.0,1242400.0,6544.124247823,8061.0,1694.3,6544.124247823,826.3,166.6,1242.4,1957.0,SPIRAX
CRODA INTERNATIONAL PLC,GB00206132,2059,9274,18,2019,1891.0,868600.0,223900.0,1377700.0,6599.100411934,4580.0,1891.0,6599.100411934,868.6,223.9,1377.7,1924.0,CRODA
WICKES GROUP PLC,GB12189061,4778,2019,15,2019,1389.1,278600.0,12900.0,1292400.0,,7533.0,1389.1,,278.6,12.9,1292.4,1904.0,WICKES
MICHAEL PAGE PLC,GB03310225,7810,35460,35,2019,701.571,324387.0,103445.0,1653948.0,1718.597744288,7698.0,701.571,1718.597744288,324.387,103.445,1653.948,1996.0,MICHAEL PAGE
SPIRE HEALTHCARE GROUP PLC,GB09084066,8690,41802,20,2019,2287.2,939900.0,7200.0,980800.0,569.535558007,8607.0,2287.2,569.535558007,939.9,7.2,980.8,2013.0,SPIRE HEALTHCARE
DIPLOMA PLC,GB03899848,4690,36518,21,2019,501.7,324600.0,61900.0,544700.0,1883.173704616,2064.0,501.7,1883.173704616,324.6,61.9,544.7,1999.0,DIPLOMA
PETS AT HOME GROUP PLC,GB08885072,4778,41680,16,2019,1768.9,931000.0,67400.0,1058800.0,1286.999940872,9561.0,1768.9,1286.999940872,931.0,67.4,1058.8,2013.0,PETS AT HOME
SOFTCAT PLC,GB02174990,6209,32057,20,2019,384.14,115392.0,68461.0,991849.0,1891.309628877,1300.0,384.14,1891.309628877,115.392,68.461,991.849,1986.0,SOFTCAT
ABERDEEN GROUP PLC,GBSC286832,7010,38533,30,2019,11422.0,6666000.0,266000.0,1743000.0,7673.352859619,6268.0,11422.0,7673.352859619,6666.0,266.0,1743.0,2004.0,ABERDEEN
ENERGEAN PLC,GB10758801,0610,42863,12,2019,1911.4956347089,960829.172376551,-63493.5029555436,60087.6423490558,1646.931509577,393.0,1911.4956347089,1646.931509577,960.829172376551,-63.4935029555436,60.0876423490558,2016.0,ENERGEAN
MIDWICH GROUP PLC,GB08793266,7490,41605,17,2019,281.31,65293.0,17182.0,689823.0,439.853766,930.0,281.31,439.853766,65.293,17.182,689.823,2012.0,MIDWICH
PENNON GROUP PLC,GB02366640,3700,32599,19,2019,6762.5,1712100.0,206300.0,1389900.0,,4801.0,6762.5,,1712.1,206.3,1389.9,1988.0,PENNON
ASTON MARTIN LAGONDA GLOBAL HOLDINGS PLC,GB11488166,2910,43308,30,2019,2231.1,329600.0,-126400.0,980500.0,1185.159011783,2450.0,2231.1,1185.159011783,329.6,-126.4,980.5,2017.0,ASTON MARTIN LAGONDA GLOBAL
LION FINANCE GROUP PLC,GB10917019,6420,42962,33,2019,4934.95219679442,571616.353404871,132864.895895649,294429.030262002,799.003205,7388.0,4934.95219679442,799.003205,571.616353404871,132.864895895649,294.429030262002,2016.0,LION FINANCE
PREMIER FOODS PLC,GB05160050,1089,38160,18,2019,3029.8,1680000.0,46500.0,847100.0,204.838423465,4155.0,3029.8,204.838423465,1680.0,46.5,847.1,2003.0,PREMIER FOODS
INVESTEC PLC,GB03633621,6419,36055,15,2019,24826.119,2388829.0,664491.0,858992.0,1057.349450937,,24826.119,1057.349450937,2388.829,664.491,858.992,1997.0,INVESTEC
ENQUEST PLC,GB07140891,0610,2010,15,2019,3640.29721788313,426064.854894545,-342415.881932336,1257405.78293743,365.272294807,958.0,3640.29721788313,365.272294807,426.06485489454496,-342.41588193233605,1257.40578293743,1904.0,ENQUEST
MEARS GROUP PLC,GB03232863,8121,35278,10,2019,693.381,118337.0,-66388.0,979857.0,324.841955782,6890.0,693.381,324.841955782,118.337,-66.388,979.857,1995.0,MEARS
COATS GROUP PLC,GB00103548,2899,3456,17,2019,1002.70548220096,267880.958420338,72933.7346253949,1073048.04966098,1077.832754874,17141.0,1002.70548220096,1077.832754874,267.880958420338,72.9337346253949,1073.04804966098,1908.0,COATS
RENEW HOLDINGS PLC,GB00650447,4120,21970,6,2019,297.208,92258.0,22257.0,599922.0,290.017505216,2779.0,297.208,290.017505216,92.258,22.257,599.922,1959.0,RENEW
SENIOR PLC,GB00282772,2932,12406,16,2019,1055.9,559600.0,29200.0,1110700.0,725.173852178,7605.0,1055.9,725.173852178,559.6,29.2,1110.7,1932.0,SENIOR
DFS FURNITURE PLC,GB07236769,4759,1969,14,2019,762.7,251800.0,18100.0,901000.0,538.921131486,5456.0,762.7,538.921131486,251.8,18.1,901.0,1904.0,DFS FURNITURE
COSTAIN GROUP PLC,GB01393773,4211,28775,13,2019,552.5,157700.0,-2900.0,1155600.0,172.603217994,3400.0,552.5,172.603217994,157.7,-2.9,1155.6,1977.0,COSTAIN
SIGMAROC PLC,GB05204176,6619,2004,18,2019,207.781,102048.0,1726.0,71230.0,125.60089828,717.0,207.781,125.60089828,102.048,1.726,71.23,1904.0,SIGMAROC
VICTORIA PLC,GB00282204,1393,12389,28,2019,1199.9,240600.0,-71800.0,625500.0,262.081817597,3410.0,1199.9,262.081817597,240.6,-71.8,625.5,1932.0,VICTORIA
MORGAN ADVANCED MATERIALS PLC,GB00286773,2059,12520,11,2019,1049.2,311700.0,73100.0,1051000.0,904.622883732,8560.0,1049.2,904.622883732,311.7,73.1,1051.0,1933.0,MORGAN ADVANCED MATERIALS
ICG PLC,GB02234775,6630,32225,16,2019,7018.0,1310700.0,110600.0,355900.0,2603.847008884,384.0,7018.0,2603.847008884,1310.7,110.6,355.9,1987.0,ICG
CLOSE BROTHERS GROUP PLC,GB00520241,6420,19513,18,2019,10561.3,1406400.0,201400.0,870100.0,2015.070082358,3103.0,10561.3,2015.070082358,1406.4,201.4,870.1,1952.0,CLOSE BROTHERS
HAYS PLC,GB02150950,7810,31986,21,2019,1502.9,701500.0,161700.0,1129700.0,2291.560171692,11509.0,1502.9,2291.560171692,701.5,161.7,1129.7,1986.0,HAYS
PLAYTECH PLC,GBIM008505V,5829,2002,10,2019,2652.11404974839,1046394.11652812,-16755.7508755249,1306019.64336631,1206.053029902,6048.0,2652.11404974839,1206.053029902,1046.39411652812,-16.7557508755249,1306.01964336631,1904.0,PLAYTECH
MCBRIDE PLC,GB02798634,2041,34039,9,2019,435.1,64200.0,8100.0,743200.0,146.238609379,3400.0,435.1,146.238609379,64.2,8.1,743.2,1992.0,MCBRIDE
TBC BANK GROUP PLC,GB10029943,6420,42426,20,2019,4879.08208166506,690723.335433717,143598.774106164,299188.717282312,717.026648,7654.0,4879.08208166506,717.026648,690.723335433717,143.598774106164,299.188717282312,2015.0,TBC BANK
VOLEX PLC,GB00158956,2434,7202,14,2019,,,,,,,,,,,,1918.0,VOLEX
RATHBONES GROUP PLC,GB01000403,6630,25954,22,2019,3398.734,485393.0,26923.0,348071.0,1200.510258799,1512.0,3398.734,1200.510258799,485.393,26.923,348.071,1970.0,RATHBONES
MARSTON'S PLC,GB00031461,1105,14/05/1890,14,2019,2815.8,774200.0,-17700.0,1182000.0,815.547319037,14038.0,2815.8,815.547319037,774.2,-17.7,1182.0,1890.0,MARSTON S
HOCHSCHILD MINING PLC,GB05777693,2441,2006,16,2019,1031.32111300257,615509.659003015,22066.0747371336,582776.358732427,935.888968698,3479.0,1031.32111300257,935.888968698,615.509659003015,22.0660747371336,582.776358732427,1904.0,HOCHSCHILD MINING
LAND SECURITIES GROUP PLC,GB04369054,9499,1955,23,2019,14360.0,8750000.0,-832000.0,741000.0,4128.526467315,568.0,14360.0,4128.526467315,8750.0,-832.0,741.0,1904.0,LAND SECURITIES
HILL & SMITH PLC,GB00671474,2511,22189,14,2019,712.5,307000.0,48400.0,696600.0,1169.107543168,4538.0,712.5,1169.107543168,307.0,48.4,696.6,1959.0,HILL SMITH
THE RANK GROUP PLC,GB03140769,9329,35055,18,2019,709.3,398000.0,29100.0,695100.0,621.18681143,8979.0,709.3,621.18681143,398.0,29.1,695.1,1995.0,RANK
ROTORK PLC,GB00578327,2899,20863,17,2019,722.035,539400.0,94100.0,672041.0,2923.048818637,3686.0,722.035,2923.048818637,539.4,94.1,672.041,1956.0,ROTORK
HUNTING PLC,GB00974568,4950,25640,17,2019,1079.98323236831,932667.757936868,30255.6871956967,736196.318162294,696.807866606,2876.0,1079.98323236831,696.807866606,932.667757936868,30.2556871956967,736.196318162294,1969.0,HUNTING
S4 CAPITAL PLC,GB10476913,7311,2016,55,2019,771.914,466301.0,-10040.0,215132.0,901.376193797,1831.0,771.914,901.376193797,466.301,-10.04,215.132,1904.0,S CAPITAL
DR. MARTENS PLC,GB12960219,4642,2020,12,2019,656.5,70500.0,74800.0,672200.0,,1606.0,656.5,,70.5,74.8,672.2,1904.0,DR MARTENS
FUTURE PLC,GB03757874,5819,36272,19,2019,386.4,213400.0,8100.0,221500.0,1024.879880593,1225.0,386.4,1024.879880593,213.4,8.1,221.5,1998.0,FUTURE
BODYCOTE PLC,GB00519057,2561,19476,11,2019,1027.1,705800.0,93800.0,734100.0,1822.662845082,5373.0,1027.1,1822.662845082,705.8,93.8,734.1,1952.0,BODYCOTE
RENISHAW PLC,GB01106260,2651,26758,19,2019,775.825,583277.0,92232.0,573959.0,3099.33629422,4968.0,775.825,3099.33629422,583.277,92.232,573.959,1972.0,RENISHAW
SEGRO PLC,GB00167591,6831,7445,18,2019,10082.7,7677600.0,857900.0,432500.0,9839.102886968,332.0,10082.7,9839.102886968,7677.6,857.9,432.5,1919.0,SEGRO
TULLOW OIL PLC,GB03919249,0910,36560,14,2019,6318.78976516274,749609.418783056,-1291087.14554735,1314864.91482961,901.0546685,989.0,6318.78976516274,901.0546685,749.609418783056,-1291.08714554735,1314.86491482961,1999.0,TULLOW OIL
FERREXPO PLC,GB05432915,0710,2005,11,2019,1478.15188640363,1030851.65448085,306649.39186228,1152564.87310241,935.618044519,8988.0,1478.15188640363,935.618044519,1030.85165448085,306.64939186228,1152.56487310241,1904.0,FERREXPO
DOMINO'S PIZZA GROUP PLC,GB03853545,5610,36438,14,2019,353.9,-41300.0,13100.0,610000.0,1480.060758987,3997.0,353.9,1480.060758987,-41.3,13.1,610.0,1998.0,DOMINO S PIZZA
CVS GROUP PLC,GB06312831,7500,39276,14,2019,377.4,163100.0,8200.0,406500.0,510.892075143,6412.0,377.4,510.892075143,163.1,8.2,406.5,2006.0,CVS
RWS HOLDINGS PLC,GB03002645,7490,34684,22,2019,577.306,397496.0,45140.0,355696.0,1606.594942768,2523.0,577.306,1606.594942768,397.496,45.14,355.696,1994.0,RWS
SHAWBROOK GROUP PLC,GB07240248,6420,2010,95,2019,8223.0,765700.0,93600.0,306200.0,,814.0,8223.0,,765.7,93.6,306.2,1904.0,SHAWBROOK
GENUS PLC,GB02972325,7211,34603,15,2019,803.6,487100.0,7800.0,488500.0,1722.64469254,2964.0,803.6,1722.64469254,487.1,7.8,488.5,1993.0,GENUS
F&C INVESTMENT TRUST PLC,GB00012901,6430,1868,11,2019,4561.08,4109049.0,677076.0,687724.0,4151.052568348,,4561.08,4151.052568348,4109.049,677.076,687.724,1904.0,F C INVESTMENT TRUST
SAGA PLC,GB08804263,7010,41613,15,2019,2094.8,588200.0,-312800.0,797300.0,469.221774079,5204.0,2094.8,469.221774079,588.2,-312.8,797.3,2013.0,SAGA
OSB GROUP PLC,GB11976839,6419,43587,23,2019,,,,,,,,,,,,2018.0,OSB
NINETY ONE PLC,GB12245293,6619,2019,11,2019,7651.3,151100.0,155400.0,761200.0,1076.517954218,1148.0,7651.3,1076.517954218,151.1,155.4,761.2,1904.0,NINETY ONE
GAMMA COMMUNICATIONS PLC,GB08943488,6190,41715,20,2019,238.4,152500.0,34500.0,328900.0,1260.591467678,1113.0,238.4,1260.591467678,152.5,34.5,328.9,2013.0,GAMMA COMMUNICATIONS
NEXT 15 GROUP PLC,GB01579589,7320,29810,13,2019,324.025,112711.0,2262.0,300711.0,437.956393927,2118.0,324.025,437.956393927,112.711,2.262,300.711,1980.0,NEXT
HELIOS TOWERS PLC,GB12134855,6190,43678,29,2019,930.152801570476,133597.530614752,-103570.475816,295545.47845066,1580.000042915,342.0,930.152801570476,1580.000042915,133.597530614752,-103.57047581600001,295.54547845066,2018.0,HELIOS TOWERS
MARSHALLS PLC,GB05100353,2361,38090,12,2019,562.569,295766.0,58240.0,544076.0,1720.448626514,2580.0,562.569,1720.448626514,295.766,58.24,544.076,2003.0,MARSHALLS
CLARKSON PLC,GB01190238,5222,27345,14,2019,619.4,380600.0,-12800.0,363000.0,918.715974,1587.0,619.4,918.715974,380.6,-12.8,363.0,1973.0,CLARKSON
BRIDGEPOINT GROUP PLC,GB11443992,6430,43283,29,2019,507.224,356339.0,28901.0,169837.0,,280.0,507.224,,356.339,28.901,169.837,2017.0,BRIDGEPOINT
AUTO TRADER GROUP PLC,GB09439967,4511,42048,29,2019,508.9,141600.0,205100.0,368900.0,4032.911906654,849.0,508.9,4032.911906654,141.6,205.1,368.9,2014.0,AUTO TRADER
GENUIT GROUP PLC,GB06059130,2223,39101,13,2019,690.6,361400.0,49600.0,447600.0,1085.385752369,3139.0,690.6,1085.385752369,361.4,49.6,447.6,2006.0,GENUIT
CREST NICHOLSON HOLDINGS PLC,GB06800600,2892,39836,19,2019,1576.2,854400.0,82500.0,1086400.0,997.879328393,1005.0,1576.2,997.879328393,854.4,82.5,1086.4,2008.0,CREST NICHOLSON
CARD FACTORY PLC,GB09002747,1812,41746,7,2019,568.8,221500.0,51600.0,451500.0,302.612677461,9642.0,568.8,302.612677461,221.5,51.6,451.5,2013.0,CARD FACTORY
IG GROUP HOLDINGS PLC,GB04677092,6612,2003,13,2019,1122.6,841800.0,158300.0,477200.0,2018.316902785,1788.0,1122.6,2018.316902785,841.8,158.3,477.2,1904.0,IG
METRO BANK HOLDINGS,GB14387040,6420,44833,23,2019,,,,,,,,,,,,2021.0,METRO BANK
PZ CUSSONS PLC,GB00019457,2041,20/02/1884,18,2019,946.9,451300.0,25700.0,689500.0,870.311656534,3986.0,946.9,870.311656534,451.3,25.7,689.5,1884.0,PZ CUSSONS
JOHNSON SERVICE GROUP PLC,GB00523335,9601,19606,11,2019,435.4,207500.0,30900.0,350600.0,724.731229145,5803.0,435.4,724.731229145,207.5,30.9,350.6,1952.0,JOHNSON SERVICE
PARAGON BANKING GROUP PLC,GB02336032,6420,32525,42,2019,14395.5,1108400.0,127400.0,297000.0,1236.654796461,1368.0,14395.5,1236.654796461,1108.4,127.4,297.0,1988.0,PARAGON BANKING
REACH PLC,GB00082548,1811,1777,11,2019,1328.6,635200.0,94300.0,702500.0,408.202380569,4573.0,1328.6,408.202380569,635.2,94.3,702.5,1903.0,REACH
THE BRITISH LAND COMPANY PLC,GB00621920,6831,21607,17,2019,11245.0,7147000.0,-1027000.0,613000.0,3115.470976755,672.0,11245.0,3115.470976755,7147.0,-1027.0,613.0,1958.0,BRITISH LAND
CHEMRING GROUP PLC,GB00086662,2611,2161,13,2019,498.3,305800.0,21900.0,378600.0,564.209580173,2453.0,498.3,564.209580173,305.8,21.9,378.6,1904.0,CHEMRING
RIT CAPITAL PARTNERS PLC,GB02129188,6430,31904,33,2019,3433.3,3145600.0,342300.0,372900.0,3317.336514917,56.0,3433.3,3317.336514917,3145.6,342.3,372.9,1986.0,RIT CAPITAL PARTNERS
YOUNG & CO'S BREWERY PLC,GB00032762,1105,1890,23,2019,989.6,590800.0,19300.0,311600.0,331.629683097,5145.0,989.6,331.629683097,590.8,19.3,311.6,1904.0,YOUNG S BREWERY
ELEMENTIS PLC,GB03299608,2059,35437,22,2019,1451.96814219752,690622.260371294,35361.8107274642,665777.539903292,1039.127783185,1342.0,1451.96814219752,1039.127783185,690.622260371294,35.3618107274642,665.777539903292,1996.0,ELEMENTIS
PPHE HOTEL GROUP LIMITED,GBGG47131,5510,39247,14,2019,1585.141,480761.0,33915.0,357692.0,785.49779,,1585.141,785.49779,480.761,33.915,357.692,2006.0,PPHE HOTEL
VANQUIS BANKING GROUP PLC,GB00668987,6492,22159,13,2019,2907.8,729300.0,76400.0,924100.0,1158.193610302,4854.0,2907.8,1158.193610302,729.3,76.4,924.1,1959.0,VANQUIS BANKING
LONDONMETRIC PROPERTY PLC,GB07124797,6831,40191,22,2019,2418.8,1438900.0,-5700.0,113400.0,1480.19497335,34.0,2418.8,1480.19497335,1438.9,-5.7,113.4,2009.0,LONDONMETRIC PROPERTY
TRAINLINE PLC,GB11961132,5229,43579,16,2019,701.326,372913.0,-80938.0,260753.0,2230.357492942,630.0,701.326,2230.357492942,372.913,-80.938,260.753,2018.0,TRAINLINE
SERICA ENERGY PLC,GB05450950,0610,38484,14,2019,364.545211632624,150905.003063474,48790.1535080228,199025.263648448,345.261423289,,364.545211632624,345.261423289,150.905003063474,48.7901535080228,199.02526364844798,2004.0,SERICA ENERGY
BARR (A.G.) PLC,GBSC005653,1107,1643,13,2019,297.9,208300.0,29800.0,257500.0,677.774690918,951.0,297.9,677.774690918,208.3,29.8,257.5,1903.0,BARR A G
OXFORD INSTRUMENTS PLC,GB00775598,2651,23284,9,2019,464.0,251600.0,33800.0,332200.0,735.164977355,1585.0,464.0,735.164977355,251.6,33.8,332.2,1962.0,OXFORD INSTRUMENTS
ROSEBANK INDUSTRIES PLC,GB685348EX,7022,2024,6,2019,,,,,,,,,,,,1904.0,ROSEBANK INDUSTRIES
DISCOVERIE GROUP PLC,GB02008246,2611,31511,17,2019,433.8,200500.0,14300.0,466400.0,435.546029115,4339.0,433.8,435.546029115,200.5,14.3,466.4,1985.0,DISCOVERIE
JUPITER FUND MANAGEMENT PLC,GB06150195,6430,2007,11,2019,928.7,611700.0,122800.0,379100.0,1874.738944981,529.0,928.7,1874.738944981,611.7,122.8,379.1,1904.0,JUPITER FUND MANAGEMENT
PAN AFRICAN RESOURCES PLC,GB03937466,2441,36581,16,2019,309.856023713501,144695.109875542,29982.2530513102,173006.427688451,223.46875703,2148.0,309.856023713501,223.46875703,144.695109875542,29.9822530513102,173.006427688451,1999.0,PAN AFRICAN RESOURCES
DAR GLOBAL PLC,GB14388348,6831,2022,21,2019,,,,,,,,,,,,1904.0,DAR GLOBAL
VOLUTION GROUP PLC,GB09041571,7739,41774,20,2019,327.735,176109.0,18227.0,235698.0,360.797021518,1679.0,327.735,360.797021518,176.109,18.227,235.698,2013.0,VOLUTION
TRITAX BIG BOX REIT PLC,GB08215888,6831,2012,31,2019,3861.9,2561200.0,141200.0,156200.0,2539.978782856,,3861.9,2539.978782856,2561.2,141.2,156.2,1904.0,TRITAX BIG BOX REIT
CMC MARKETS PLC,GB05145017,6612,38141,9,2019,464.456,282879.0,86937.0,294351.0,520.411437614,697.0,464.456,520.411437614,282.879,86.937,294.351,2003.0,CMC MARKETS
SPEEDY HIRE PLC,GB00927680,7739,24890,11,2019,490.8,209900.0,16800.0,406700.0,258.645628149,4065.0,490.8,258.645628149,209.9,16.8,406.7,1967.0,SPEEDY HIRE
FISHER (JAMES) & SONS PLC,GB00211475,5222,9530,9,2019,747.4,314000.0,36700.0,617100.0,1021.279023,2955.0,747.4,1021.279023,314.0,36.7,617.1,1925.0,FISHER JAMES SONS
FULLER SMITH & TURNER PLC,GB00241882,1105,10827,13,2019,802.6,429800.0,160900.0,342000.0,216.676472932,5166.0,802.6,216.676472932,429.8,160.9,342.0,1928.0,FULLER SMITH TURNER
YOUGOV PLC,GB03607311,7220,1998,11,2019,181.116,107445.0,14869.0,136487.0,597.193973076,959.0,181.116,597.193973076,107.445,14.869,136.487,1904.0,YOUGOV
IBSTOCK PLC,GB09760850,2361,42250,15,2019,771.079,464301.0,66092.0,412715.0,1289.16836178,2310.0,771.079,1289.16836178,464.301,66.092,412.715,2014.0,IBSTOCK
MURRAY INTERNATIONAL TRUST PLC,GBSC006705,6430,2558,11,2019,1746.393,1539055.0,172797.0,180527.0,1629.583379642,,1746.393,1629.583379642,1539.055,172.797,180.527,1906.0,MURRAY TRUST
UNITE GROUP PLC,GB03199160,5590,35200,25,2019,5016.7,3098000.0,-89200.0,156200.0,4580.500024876,1363.0,5016.7,4580.500024876,3098.0,-89.2,156.2,1995.0,UNITE
RESTORE PLC,GB05169780,7490,38170,13,2019,400.3,230000.0,19000.0,215600.0,684.308537,2165.0,400.3,684.308537,230.0,19.0,215.6,2003.0,RESTORE
PAYPOINT PLC,GB03581541,8291,35961,22,2019,257.987,38330.0,45668.0,214000.0,366.499504406,694.0,257.987,366.499504406,38.33,45.668,214.0,1997.0,PAYPOINT
HENRY BOOT PLC,GB00160996,4120,7270,19,2019,455.249,318486.0,37596.0,379693.0,424.820608,566.0,455.249,424.820608,318.486,37.596,379.693,1918.0,HENRY BOOT
GLOBALDATA PLC,GB03925319,5819,36565,11,2019,366.0,151600.0,3800.0,179500.0,1523.668829842,3355.0,366.0,1523.668829842,151.6,3.8,179.5,1999.0,GLOBALDATA
JADESTONE ENERGY PLC,GB13152520,0610,44218,22,2019,575.453263058284,171830.202139853,30869.1841274987,247994.512534078,,,575.453263058284,,171.83020213985301,30.8691841274987,247.994512534078,2020.0,JADESTONE ENERGY
SIRIUS REAL ESTATE LIMITED,GBGG46442,9499,39133,12,2019,1242.93473647858,710707.308328419,86985.0095409891,133061.288897894,684.28575264,244.0,1242.93473647858,684.28575264,710.707308328419,86.9850095409891,133.061288897894,2006.0,SIRIUS REAL ESTATE
VICTREX PLC,GB02793780,2221,34025,12,2019,536.2,461600.0,92400.0,294000.0,1865.752584444,973.0,536.2,1865.752584444,461.6,92.4,294.0,1992.0,VICTREX
GB GROUP PLC,GB02415211,5829,32741,15,2019,526.203,344934.0,17064.0,199101.0,1130.208304356,1022.0,526.203,1130.208304356,344.934,17.064,199.101,1988.0,GB
SAVANNAH ENERGY PLC,GB09115262,0910,2014,12,2019,872.623555743232,176355.59938338,-70559.768237118,13533.5136831532,214.227812143,40.0,872.623555743232,214.227812143,176.35559938338,-70.55976823711799,13.5335136831532,1904.0,SAVANNAH ENERGY
HAMMERSON PLC,GB00360632,6831,14718,15,2019,7315.4,4377200.0,-781200.0,237300.0,2365.548476873,553.0,7315.4,2365.548476873,4377.2,-781.2,237.3,1939.0,HAMMERSON
DERWENT LONDON PLC,GB01819699,6831,30827,30,2019,5633.1,4476900.0,283400.0,339000.0,4482.108598048,135.0,5633.1,4482.108598048,4476.9,283.4,339.0,1983.0,DERWENT LONDON
THE GYM GROUP PLC,GB08528493,9313,41408,16,2019,513.123,150163.0,3595.0,153134.0,399.096145317,2014.0,513.123,399.096145317,150.163,3.595,153.134,2012.0,GYM
SHAFTESBURY CAPITAL PLC,GB07145051,6831,2010,12,2019,3099.4,2477500.0,-253600.0,82500.0,2235.700997561,73.0,3099.4,2235.700997561,2477.5,-253.6,82.5,1904.0,SHAFTESBURY CAPITAL
ALLIANCE TRUST PLC,GBSC001731,6430,01/01/1888,38,2019,3161.702,2879392.0,548944.0,558752.0,,,3161.702,,2879.392,548.944,558.752,1888.0,ALLIANCE TRUST
PRIMARY HEALTH PROPERTIES PLC,GB03033634,6831,34774,20,2019,2573.4,1228500.0,-71300.0,169700.0,1946.114867399,,2573.4,1946.114867399,1228.5,-71.3,169.7,1994.0,PRIMARY HEALTH PROPERTIES
SAFESTORE HOLDINGS PLC,GB04726380,5210,37719,11,2019,1471.0,885900.0,132100.0,151800.0,1473.995094201,638.0,1471.0,1473.995094201,885.9,132.1,151.8,2002.0,SAFESTORE
OXFORD NANOPORE TECHNOLOGIES PLC,GB05386273,7211,2005,33,2019,164.735,109528.0,-72216.0,52061.0,,466.0,164.735,,109.528,-72.216,52.061,1904.0,OXFORD NANOPORE TECHNOLOGIES
SABRE INSURANCE GROUP PLC,GB10974661,6511,2017,9,2019,598.22,267417.0,45711.0,183238.0,769.999980927,160.0,598.22,769.999980927,267.417,45.711,183.238,1904.0,SABRE INSURANCE
BANKERS INVESTMENT TRUST PLC,GB00026351,6430,,45,2019,1232.59,1163209.0,126392.0,128825.0,1136.564934535,,1232.59,1136.564934535,1163.209,126.392,128.825,,BANKERS INVESTMENT TRUST
3I INFRASTRUCTURE PLC,GBJE95682,6430,2007,8,2019,2298.0,2269000.0,224000.0,27000.0,2206.299089736,,2298.0,2206.299089736,2269.0,224.0,27.0,1904.0,I INFRASTRUCTURE
SECURE TRUST BANK PLC,GB00541132,6419,20054,140,2019,2682.8,254100.0,31100.0,165500.0,295.64,979.0,2682.8,295.64,254.1,31.1,165.5,1953.0,SECURE TRUST BANK
GLOBALWORTH REAL ESTATE INVESTMENTS LIMITED,GBGG56250,6831,2013,12,2019,2980.85330328311,1639245.9895554,145697.37963028,191074.292008477,1776.36479729281,,2980.85330328311,1776.36479729281,1639.2459895554,145.69737963027998,191.074292008477,1904.0,GLOBALWORTH REAL ESTATE INVESTMENTS
BIG YELLOW GROUP PLC,GB03625199,5210,36033,12,2019,1616.321,1163876.0,92576.0,129313.0,1678.070804704,405.0,1616.321,1678.070804704,1163.876,92.576,129.313,1997.0,BIG YELLOW
ASA INTERNATIONAL GROUP PLC,GB11361159,6420,43234,20,2019,426.74846576141,84722.7831198592,26290.4393246839,106983.957502386,265.499997139,12480.0,426.74846576141,265.499997139,84.7227831198592,26.2904393246839,106.98395750238599,2017.0,ASA
AUCTION TECHNOLOGY GROUP PLC,GB13141124,5829,2020,26,2019,49.961,-38707.0,-8762.0,24772.0,,,49.961,,-38.707,-8.762,24.772,1904.0,AUCTION TECHNOLOGY
CHESNARA PLC,GB04947166,7010,37923,72,2019,8340.971,475491.0,79142.0,224116.0,474.1945646,316.0,8340.971,474.1945646,475.491,79.142,224.116,2002.0,CHESNARA
WORKSPACE GROUP PLC,GB02041612,6831,31622,19,2019,2735.5,1998000.0,72100.0,161400.0,1372.780019538,235.0,2735.5,1372.780019538,1998.0,72.1,161.4,1985.0,WORKSPACE
EDINBURGH WORLDWIDE INVESTMENT TRUST PLC,GBSC184775,6430,36045,13,2019,586.356,536718.0,33349.0,34074.0,530.758095447,,586.356,530.758095447,536.718,33.349,34.074,1997.0,EDINBURGH WORLDWIDE INVESTMENT TRUST
ARBUTHNOT BANKING GROUP PLC,GB01954085,6420,31355,18,2019,2595.379,208335.0,6176.0,78064.0,206.270847,470.0,2595.379,206.270847,208.335,6.176,78.064,1984.0,ARBUTHNOT BANKING
HICL INFRASTRUCTURE PLC,GB11738373,6619,2006,18,2019,2838.6,2838000.0,49500.0,0.0,3015.374057116,,2838.6,3015.374057116,2838.0,49.5,0.0,1904.0,HICL INFRASTRUCTURE
KISTOS HOLDINGS PLC,GB14490676,0610,44882,8,2019,,,,,,,,,,,,2021.0,KISTOS
FUNDING CIRCLE HOLDINGS PLC,GB07123934,6201,40191,18,2019,995.5,319000.0,-84700.0,167400.0,304.500969962,1055.0,995.5,304.500969962,319.0,-84.7,167.4,2009.0,FUNDING CIRCLE
ASHMORE GROUP PLC,GB03675683,6619,36129,8,2019,1049.2,854100.0,178600.0,316300.0,3631.414246841,307.0,1049.2,3631.414246841,854.1,178.6,316.3,1997.0,ASHMORE
PEEL HUNT LIMITED,GBGG65579,6420,43230,12,2019,623.367,45532.0,3657.0,95687.0,,258.0,623.367,,45.532,3.657,95.687,2017.0,PEEL HUNT
GULF MARINE SERVICES PLC,GB08860816,3011,41663,14,2019,586.991578024099,251244.903110643,-65372.0991504402,83260.2978874023,25.550558703,461.0,586.991578024099,25.550558703,251.244903110643,-65.37209915044019,83.2602978874023,2013.0,GULF MARINE SERVICES
CLS HOLDINGS PLC,GB02714781,6831,33738,28,2019,2305.6,1202400.0,135500.0,138900.0,1228.298259138,113.0,2305.6,1228.298259138,1202.4,135.5,138.9,1991.0,CLS
GRAINGER PLC,GB00125575,9499,1912,12,2019,2631.2,1223500.0,114900.0,67900.0,1505.80914469,255.0,2631.2,1505.80914469,1223.5,114.9,67.9,1904.0,GRAINGER
HARWORTH GROUP PLC,GB02649340,7010,33508,14,2019,616.278,463779.0,25480.0,85455.0,,70.0,616.278,,463.779,25.48,85.455,1990.0,HARWORTH
NEWRIVER REIT PLC,GB10221027,9499,2009,14,2019,1377.1,610600.0,-121100.0,144800.0,182.770615377,182.0,1377.1,182.770615377,610.6,-121.1,144.8,1904.0,NEWRIVER REIT
ON THE BEACH GROUP PLC,GB09736592,7911,42233,14,2019,289.9,129200.0,15600.0,140400.0,500.221562953,449.0,289.9,500.221562953,129.2,15.6,140.4,2014.0,ON BEACH
SUPERMARKET INCOME REIT PLC,GB10799126,9499,2017,11,2019,381.649,230470.0,10593.0,17394.0,251.824868514,,381.649,251.824868514,230.47,10.593,17.394,1904.0,SUPERMARKET INCOME REIT
IP GROUP PLC,GB04204490,6619,2001,33,2019,1295.7,1141900.0,-78900.0,19200.0,751.992639723,130.0,1295.7,751.992639723,1141.9,-78.9,19.2,1904.0,IP
GREAT PORTLAND ESTATES PLC,GB00596137,6831,21184,33,2019,2753.3,2203100.0,51800.0,80300.0,1729.348279459,114.0,2753.3,1729.348279459,2203.1,51.8,80.3,1957.0,GREAT PORTLAND ESTATES
S & U PLC,GB00342025,6491,1938,12,2019,306.081,179474.0,28882.0,89939.0,264.218018153,184.0,306.081,264.218018153,179.474,28.882,89.939,1904.0,S U
BIOPHARMA CREDIT PLC,GB10443190,6619,2016,12,2019,1089.03021631541,1069798.42119241,93227.1461782164,98262.393666931,,,1089.03021631541,,1069.79842119241,93.2271461782164,98.262393666931,1904.0,BIOPHARMA CREDIT
AVATION PLC,GB05872328,7739,38909,14,2019,1097.73351569959,189759.129807421,20248.2671106246,93983.0135670683,171.06444326,19.0,1097.73351569959,171.06444326,189.759129807421,20.248267110624603,93.9830135670683,2005.0,AVATION
REGIONAL REIT LIMITED,GBGG60527,9499,2015,7,2019,875.386,483728.0,26511.0,75645.0,488.465438787,,875.386,488.465438787,483.728,26.511,75.645,1904.0,REGIONAL REIT
TARGET HEALTHCARE REIT PLC,GB11990238,6619,2019,14,2019,538.379,413089.0,29884.0,34277.0,,,538.379,,413.089,29.884,34.277,1904.0,TARGET HEALTHCARE REIT
THE LAW DEBENTURE CORPORATION PLC,GB00030397,6430,1889,13,2019,913.058,775272.0,129941.0,36948.0,769.788565,133.0,913.058,769.788565,775.272,129.941,36.948,1904.0,LAW DEBENTURE CORPORATION
POLLEN STREET GROUP LIMITED,GBGG70165,9499,2021,6,2019,,,,,,,,,,,,1904.0,POLLEN STREET
CUSTODIAN PROPERTY INCOME REIT PLC,GB08863271,9499,2014,15,2019,590.513,426752.0,2123.0,40903.0,415.852814566,,590.513,415.852814566,426.752,2.123,40.903,1904.0,CUSTODIAN PROPERTY INCOME REIT
PICTON PROPERTY INCOME LIMITED,GBGG43673,9499,38610,16,2019,695.674,509283.0,22508.0,45664.0,487.368972606,9.0,695.674,487.368972606,509.283,22.508,45.664,2004.0,PICTON PROPERTY INCOME
SYNCONA LIMITED,GBGG55514,9499,2012,38,2019,1276.851,1246541.0,-195556.0,35708.0,1380.424266326,,1276.851,1380.424266326,1246.541,-195.556,35.708,1904.0,SYNCONA
GRIT REAL ESTATE INCOME GROUP LIMITED,GBGG68739,9499,44234,34,2019,680.888769754462,310959.471512445,22096.542173856,33897.9163835633,,69.0,680.888769754462,,310.959471512445,22.096542173856,33.8979163835633,2020.0,GRIT REAL ESTATE INCOME
MALIBU LIFE HOLDINGS LIMITED,GBGG47161,6430,2007,11,2019,636.271004861584,636028.654520823,104408.794604797,3874.55702022474,484.65475762,,636.271004861584,484.65475762,636.028654520823,104.40879460479701,3.87455702022474,1904.0,MALIBU LIFE
FIDELITY CHINA SPECIAL SITUATIONS PLC,GB07133583,6430,2010,20,2019,1408.384,1273047.0,-83075.0,-33597.0,1163.827579126,,1408.384,1163.827579126,1273.047,-83.075,-33.597,1904.0,FIDELITY CHINA SPECIAL SITUATIONS
TR PROPERTY INVESTMENT TRUST PLC,GB00084492,6430,1905,13,2019,1255.518,1136453.0,-148007.0,17401.0,1007.589346368,,1255.518,1007.589346368,1136.453,-148.007,17.401,1904.0,TR PROPERTY INVESTMENT TRUST
PACIFIC HORIZON INVESTMENT TRUST PLC,GB02342193,6430,,12,2019,224.247,203350.0,-3889.0,-3161.0,188.887305215,,224.247,188.887305215,203.35,-3.889,-3.161,,PACIFIC HORIZON INVESTMENT TRUST
LIVING REIT PLC,GB10814022,9499,2017,23,2019,544.347,369733.0,23717.0,21112.0,315.811980634,,544.347,315.811980634,369.733,23.717,21.112,1904.0,LIVING REIT
JPMORGAN JAPANESE INVESTMENT TRUST PLC,GB00223583,6430,1927,29,2019,930.003,816670.0,-26808.0,,711.103999375,,930.003,711.103999375,816.67,-26.808,,1904.0,JPMORGAN JAPANESE INVESTMENT TRUST
HELICAL PLC,GB00156663,6831,7006,29,2019,1023.721,598689.0,38717.0,31878.0,419.921500809,29.0,1023.721,419.921500809,598.689,38.717,31.878,1918.0,HELICAL
FIDELITY EMERGING MARKETS LIMITED,GBGG20790,6430,1989,12,2019,1036.34477375933,1028775.91003557,37778.1117508504,181.280709826534,919.503348631,,1036.34477375933,919.503348631,1028.77591003557,37.7781117508504,0.18128070982653402,1904.0,FIDELITY EMERGING MARKETS
CAB PAYMENTS HOLDINGS PLC,GB09659405,6420,2015,20,2019,,,,,,,,,,,,1904.0,CAB PAYMENTS
LENDINVEST PLC,GB08146929,6492,2012,12,2019,908.271,10128.0,-2208.0,20601.0,,220.0,908.271,,10.128,-2.208,20.601,1904.0,LENDINVEST
PANTHEON INFRASTRUCTURE PLC,GB13611678,9499,2021,16,2019,,,,,,,,,,,,1904.0,PANTHEON INFRASTRUCTURE
FIDELITY EUROPEAN TRUST PLC,GB02638812,9499,1991,11,2019,1141.931,1140562.0,223358.0,18083.0,1069.81168816,,1141.931,1069.81168816,1140.562,223.358,18.083,1904.0,FIDELITY EUROPEAN TRUST
GREENCOAT UK WIND PLC,GB08318092,6619,2012,9,2019,2448.527,1842766.0,43294.0,970.0,2282.376036089,,2448.527,2282.376036089,1842.766,43.294,0.97,1904.0,GREENCOAT UK WIND
PANTHEON INTERNATIONAL PLC,GB02147984,6430,1987,17,2019,1595.629,1498588.0,192324.0,,1203.490273126,,1595.629,1203.490273126,1498.588,192.324,,1904.0,PANTHEON
NEXTENERGY SOLAR FUND LIMITED,GBGG57739,6619,2008,22,2019,802.68,578629.0,-29651.0,51619.0,592.969011608,,802.68,592.969011608,578.629,-29.651,51.619,1904.0,NEXTENERGY SOLAR FUND
PHOENIX SPREE DEUTSCHLAND LIMITED,GBJE97031,9499,2007,5,2019,672.558768472605,356931.48288325,19086.1966311419,19531.3956733611,312.644516659,,672.558768472605,312.644516659,356.93148288325,19.0861966311419,19.5313956733611,1904.0,PHOENIX SPREE DEUTSCHLAND
BLACKROCK WORLD MINING TRUST PLC,GB02868209,6430,1993,54,2019,852.233,757110.0,114066.0,16546.0,670.306391057,,852.233,670.306391057,757.11,114.066,16.546,1904.0,BLACKROCK WORLD MINING TRUST
MOLTEN VENTURES PLC,GB09799594,6619,2006,16,2019,711.236,659618.0,39707.0,11255.0,418.591794212,33.0,711.236,418.591794212,659.618,39.707,11.255,1904.0,MOLTEN VENTURES
BRUNNER INVESTMENT TRUST (THE) PLC,GB00226323,6430,1927,10,2019,440.49,403787.0,51777.0,12151.0,368.011301854,,440.49,368.011301854,403.787,51.777,12.151,1904.0,BRUNNER INVESTMENT TRUST
OCTOPUS TITAN VCT PLC,GB06397765,6619,2007,19,2019,930.957,905840.0,67280.0,1153.0,824.813285494,,930.957,824.813285494,905.84,67.28,1.153,1904.0,OCTOPUS TITAN VCT
ALLIANZ TECHNOLOGY TRUST PLC,GB03117355,6430,1995,23,2019,584.827,583440.0,123519.0,2514.0,580.93259115,1707.0,584.827,580.93259115,583.44,123.519,2.514,1904.0,ALLIANZ TECHNOLOGY TRUST
PATRIA PRIVATE EQUITY TRUST PLC,GBSC216638,6619,36959,18,2019,730.861,710083.0,68092.0,6057.0,541.186951948,,730.861,541.186951948,710.083,68.092,6.057,2000.0,PATRIA PRIVATE EQUITY TRUST
THE NORTH AMERICAN INCOME TRUST PLC,GBSC005218,6430,1902,10,2019,434.502,413948.0,24268.0,5340.0,415.504821664,,434.502,415.504821664,413.948,24.268,5.34,1904.0,NORTH AMERICAN INCOME TRUST
THE SCOTTISH AMERICAN INVESTMENT COMPANY PLC,GBSC000489,6430,1873,11,2019,685.629,600488.0,107553.0,5341.0,628.439250945,,685.629,628.439250945,600.488,107.553,5.341,1904.0,SCOTTISH AMERICAN INVESTMENT
CT PRIVATE EQUITY TRUST PLC,GBSC179412,6430,1997,23,2019,355.179,304277.0,29567.0,3788.0,277.650074357,,355.179,277.650074357,304.277,29.567,3.788,1904.0,CT PRIVATE EQUITY TRUST
PERSONAL ASSETS TRUST PLC,GBSC074582,6430,1981,11,2019,971.865,968579.0,50970.0,4664.0,976.048181748,9.0,971.865,976.048181748,968.579,50.97,4.664,1904.0,PERSONAL ASSETS TRUST
MANX FINANCIAL GROUP PLC,GBIM004908V,6491,1935,8,2019,252.887,22319.0,2673.0,3356.0,11.307047013,127.0,252.887,11.307047013,22.319,2.673,3.356,1904.0,MANX FINANCIAL
MURRAY INCOME TRUST PLC,GBSC012725,9499,1923,11,2019,637.789,587150.0,42574.0,1890.0,561.9385105,,637.789,561.9385105,587.15,42.574,1.89,1904.0,MURRAY INCOME TRUST
CHRYSALIS INVESTMENTS LIMITED,GBGG65432,6619,2018,9,2019,382.787,381630.0,11264.0,,417.560608971,,382.787,417.560608971,381.63,11.264,,1904.0,CHRYSALIS INVESTMENTS
CALEDONIA INVESTMENTS PLC,GB00235481,6430,1928,37,2019,1823.4,1787300.0,-172900.0,3100.0,1348.350523236,66.0,1823.4,1348.350523236,1787.3,-172.9,3.1,1904.0,CALEDONIA INVESTMENTS
FIDELITY SPECIAL VALUES PLC,GB02972628,6430,1994,18,2019,717.342,698668.0,-36143.0,21134.0,694.566271171,,717.342,694.566271171,698.668,-36.143,21.134,1904.0,FIDELITY SPECIAL VALUES
SCHRODER ASIAN TOTAL RETURN INVESTMENT COMPANY PLC,GB02153093,6430,1987,24,2019,373.67,357871.0,46467.0,,360.254191655,,373.67,360.254191655,357.871,46.467,,1904.0,SCHRODER ASIAN TOTAL RETURN INVESTMENT
DISTRIBUTION FINANCE CAPITAL HOLDINGS PLC,GB11911574,8411,2019,19,2019,235.0,64556.0,-13504.0,358.0,95.977730857,80.0,235.0,95.977730857,64.556,-13.504,0.358,1904.0,DISTRIBUTION FINANCE CAPITAL
RTW BIOTECH OPPORTUNITIES LTD.,GBGG66847,9499,2017,49,2019,164.462904202301,163386.045612691,-988.454062791402,,,,164.462904202301,,163.386045612691,-0.9884540627914019,,1904.0,RTW BIOTECH OPPORTUNITIES
ABERFORTH SMALLER COMPANIES TRUST PLC,GBSC126524,6430,1990,13,2019,1419.674,1405800.0,299510.0,0.0,1378.809182246,,1419.674,1378.809182246,1405.8,299.51,0.0,1904.0,ABERFORTH SMALLER COMPANIES TRUST
CORDIANT DIGITAL INFRASTRUCTURE LIMITED,GBGG68630,9499,2021,32,2019,,,,,,,,,,,,1904.0,CORDIANT DIGITAL INFRASTRUCTURE
JPMORGAN CLAVERHOUSE INVESTMENT TRUST PLC,GB00754577,6430,1963,15,2019,508.782,448094.0,91898.0,17979.0,440.498981553,,508.782,440.498981553,448.094,91.898,17.979,1904.0,JPMORGAN CLAVERHOUSE INVESTMENT TRUST
BLACKROCK SMALLER COMPANIES TRUST PLC,GBSC006176,6430,1906,14,2019,855.091,767873.0,93080.0,0.0,724.634155657,,855.091,724.634155657,767.873,93.08,0.0,1904.0,BLACKROCK SMALLER COMPANIES TRUST
JPMORGAN EUROPEAN DISCOVERY TRUST PLC,GB02431143,6430,1989,27,2019,654.535,517253.0,-109871.0,253.0,400.251839829,,654.535,400.251839829,517.253,-109.871,0.253,1904.0,JPMORGAN EUROPEAN DISCOVERY TRUST
INTERNATIONAL PUBLIC PARTNERSHIPS LIMITED,GBGG45241,6430,2006,8,2019,2463.566,2425239.0,138168.0,,2686.806826317,,2463.566,2686.806826317,2425.239,138.168,,1904.0,PUBLIC PARTNERSHIPS
GRESHAM HOUSE ENERGY STORAGE FUND PLC,GB11535957,9499,2018,197,2019,208.329,205879.0,7692.0,52.0,219.59095849,,208.329,219.59095849,205.879,7.692,0.052,1904.0,GRESHAM HOUSE ENERGY STORAGE FUND
BLACKROCK THROGMORTON TRUST PLC,GB00594634,6430,1969,6,2019,481.917,470057.0,91395.0,13212.0,473.218093451,,481.917,473.218093451,470.057,91.395,13.212,1904.0,BLACKROCK THROGMORTON TRUST
NORTH ATLANTIC SMALLER COMPANIES INVESTMENT TRUST PLC,GB01091347,6430,1973,20,2019,622.709,620723.0,98852.0,0.0,481.440013504,,622.709,481.440013504,620.723,98.852,0.0,1904.0,NORTH ATLANTIC SMALLER COMPANIES INVESTMENT TRUST
HENDERSON SMALLER COMPANIES INVESTMENT TRUST PLC,GB00025526,6430,1887,8,2019,780.339,716145.0,-49862.0,524.0,640.941403981,,780.339,640.941403981,716.145,-49.862,0.524,1904.0,HENDERSON SMALLER COMPANIES INVESTMENT TRUST
THE GLOBAL SMALLER COMPANIES TRUST PLC,GB00028264,6430,1889,13,2019,907.314,854619.0,31427.0,6.0,811.965540709,,907.314,811.965540709,854.619,31.427,0.006,1904.0,GLOBAL SMALLER COMPANIES TRUST
FINSBURY GROWTH & INCOME TRUST PLC,GBSC013958,6430,1926,11,2019,1921.456,1878760.0,269757.0,451.0,1891.646342361,,1921.456,1891.646342361,1878.76,269.757,0.451,1904.0,FINSBURY GROWTH INCOME TRUST
JPMORGAN UK SMALL CAP GROWTH & INCOME PLC,GB02515996,6430,1990,66,2019,233.851,207740.0,-12507.0,82.0,179.915875943,,233.851,179.915875943,207.74,-12.507,0.082,1904.0,JPMORGAN UK SMALL CAP GROWTH INCOME
JPMORGAN EUROPEAN GROWTH & INCOME PLC,GB00237958,6430,1929,39,2019,376.075,316537.0,-66452.0,130.0,,,376.075,,316.537,-66.452,0.13,1904.0,JPMORGAN EUROPEAN GROWTH INCOME
THE CITY OF LONDON INVESTMENT TRUST PLC,GB00034871,6430,1891,9,2019,1736.829,1595723.0,42509.0,288.0,1611.942406694,,1736.829,1611.942406694,1595.723,42.509,0.288,1904.0,CITY OF LONDON INVESTMENT TRUST
HARBOURVEST GLOBAL PRIVATE EQUITY LIMITED,GBGG47907,9499,2007,6,2019,1679.49023665467,1678046.5915562,212342.291261106,,1466.275291704,,1679.49023665467,1466.275291704,1678.0465915562002,212.342291261106,,1904.0,HARBOURVEST GLOBAL PRIVATE EQUITY
HERALD INVESTMENT TRUST PLC,GB02879728,6430,1993,13,2019,1124.064,1122849.0,242032.0,264.0,996.214312439,,1124.064,996.214312439,1122.849,242.032,0.264,1904.0,HERALD INVESTMENT TRUST
TEMPLETON EMERGING MARKETS INVESTMENT TRUST PLC,GBSC118022,6430,1989,54,2019,1878.819,1775650.0,-226738.0,21.0,1593.120805949,,1878.819,1593.120805949,1775.65,-226.738,0.021,1904.0,TEMPLETON EMERGING MARKETS INVESTMENT TRUST
ICG ENTERPRISE TRUST PLC,GB01571089,6430,1981,16,2019,794.028,793545.0,80505.0,4267.0,665.35234079,,794.028,665.35234079,793.545,80.505,4.267,1904.0,ICG ENTERPRISE TRUST
GCP INFRASTRUCTURE INVESTMENTS LIMITED,GBJE105775,6430,2010,9,2019,1147.262,980096.0,59112.0,11271.0,1111.253226436,,1147.262,1111.253226436,980.096,59.112,11.271,1904.0,GCP INFRASTRUCTURE INVESTMENTS
THE MONKS INVESTMENT TRUST PLC,GB00236964,6430,1929,11,2019,2013.316,1862815.0,197221.0,0.0,1930.183758293,,2013.316,1930.183758293,1862.815,197.221,0.0,1904.0,MONKS INVESTMENT TRUST
NB PRIVATE EQUITY PARTNERS LIMITED,GBGG47214,9499,2009,32,2019,840.189001804651,682783.217588047,59368.2124066694,,566.278614253,,840.189001804651,566.278614253,682.783217588047,59.3682124066694,,1904.0,NB PRIVATE EQUITY PARTNERS
SCHRODER ASIAPACIFIC FUND PLC,GB03104981,6430,1995,35,2019,824.551,822182.0,13462.0,2137.0,728.497598629,,824.551,728.497598629,822.182,13.462,2.137,1904.0,SCHRODER ASIAPACIFIC FUND
AVI GLOBAL TRUST PLC,GB00028203,6430,1889,17,2019,1048.751,938941.0,24303.0,25891.0,822.638716855,,1048.751,822.638716855,938.941,24.303,25.891,1904.0,AVI GLOBAL TRUST
CAPITAL GEARING TRUST PLC,GBNI005574,6430,1963,18,2019,326.207,321928.0,17808.0,,328.870767317,,326.207,328.870767317,321.928,17.808,,1904.0,CAPITAL GEARING TRUST
PERSHING SQUARE HOLDINGS LIMITED,GBGG54602,9499,2012,6,2019,5494.90758801618,4243631.43964084,1637824.17978194,0.0,3090.587452272,,5494.90758801618,3090.587452272,4243.63143964084,1637.82417978194,0.0,1904.0,PERSHING SQUARE
PRINCESS PRIVATE EQUITY HOLDING LIMITED,GBGG35241,6430,1999,6,2019,813.362383246491,743722.123067344,132816.572726071,95.0328724737247,662.468184164,,813.362383246491,662.468184164,743.722123067344,132.816572726071,0.09503287247372469,1904.0,PRINCESS PRIVATE EQUITY HOLDING
MERCANTILE INVESTMENT TRUST (THE) PLC,GB00020537,6619,1884,35,2019,2366.542,2182822.0,483218.0,3215.0,2065.874667696,,2366.542,2065.874667696,2182.822,483.218,3.215,1904.0,MERCANTILE INVESTMENT TRUST
ASHOKA INDIA EQUITY INVESTMENT TRUST PLC,GB11356069,9499,2018,11,2019,,,,,,,,,,,,1904.0,ASHOKA INDIA EQUITY INVESTMENT TRUST
ABERDEEN ASIA FOCUS PLC,GB03106339,6430,1995,13,2019,498.565,441010.0,26974.0,68.0,389.957505415,,498.565,389.957505415,441.01,26.974,0.068,1904.0,ABERDEEN ASIA FOCUS
THE EUROPEAN SMALLER COMPANIES TRUST PLC,GB02520734,6430,1990,13,2019,585.024,521023.0,-42795.0,,446.966905063,,585.024,446.966905063,521.023,-42.795,,1904.0,EUROPEAN SMALLER COMPANIES TRUST
EDINBURGH INVESTMENT TRUST PLC,GBSC001836,6430,1889,45,2019,973.79,872484.0,-335100.0,3016.0,758.123938514,,973.79,758.123938514,872.484,-335.1,3.016,1904.0,EDINBURGH INVESTMENT TRUST
SEQUOIA ECONOMIC INFRASTRUCTURE INCOME FUND LIMITED,GBGG59596,9499,2014,13,2019,1685.712,1599865.0,-65361.0,,1555.391157175,,1685.712,1555.391157175,1599.865,-65.361,,1904.0,SEQUOIA ECONOMIC INFRASTRUCTURE INCOME FUND
JPMORGAN AMERICAN INVESTMENT TRUST PLC,GB00015543,6430,1881,41,2019,1095.771,1056796.0,199467.0,0.0,1011.059334169,,1095.771,1011.059334169,1056.796,199.467,0.0,1904.0,JPMORGAN AMERICAN INVESTMENT TRUST
JPMORGAN GLOBAL GROWTH & INCOME PLC,GB00024299,6430,1887,28,2019,473.618,441517.0,34938.0,1082.0,442.958990542,,473.618,442.958990542,441.517,34.938,1.082,1904.0,JPMORGAN GLOBAL GROWTH INCOME
THE MERCHANTS TRUST PLC,GB00028276,6430,1889,13,2019,719.3,622534.0,96356.0,0.0,600.513447857,1707.0,719.3,600.513447857,622.534,96.356,0.0,1904.0,MERCHANTS TRUST
TEMPLE BAR INVESTMENT TRUST PLC,GB00214601,6430,1926,7,2019,1100.238,985123.0,218690.0,1024.0,987.042058593,,1100.238,987.042058593,985.123,218.69,1.024,1904.0,TEMPLE BAR INVESTMENT TRUST
YELLOW CAKE PLC,GBJE125612,0721,2018,7,2019,218.485559654716,216075.46229743,10120.1436194344,,165.087334628,,218.485559654716,165.087334628,216.07546229743,10.120143619434401,,1904.0,YELLOW CAKE
FORESIGHT SOLAR FUND LIMITED,GBJE113721,6619,2013,32,2019,629.927,628024.0,-10751.0,,762.547616988,,629.927,762.547616988,628.024,-10.751,,1904.0,FORESIGHT SOLAR FUND
THE RENEWABLES INFRASTRUCTURE GROUP LIMITED,GBGG56716,6619,2013,19,2019,1883.776,1883437.0,162029.0,,2265.004092244,,1883.776,2265.004092244,1883.437,162.029,,1904.0,RENEWABLES INFRASTRUCTURE
FORESIGHT ENVIRONMENTAL INFRASTRUCTURE LIMITED,GBGG57682,6619,2004,12,2019,534.734,533014.0,-10683.0,,606.859235571,,534.734,606.859235571,533.014,-10.683,,1904.0,FORESIGHT ENVIRONMENTAL INFRASTRUCTURE
TWENTYFOUR INCOME FUND LIMITED,GBGG56128,6619,2013,41,2019,500.859,475370.0,-64860.0,,444.149029513,,500.859,444.149029513,475.37,-64.86,,1904.0,TWENTYFOUR INCOME FUND
THE SCHIEHALLION FUND LIMITED,GBGG65915,9499,2019,6,2019,376.021934525091,375637.216438165,13284.5821778387,,,,376.021934525091,,375.637216438165,13.2845821778387,,1904.0,SCHIEHALLION FUND
BH MACRO LIMITED,GBGG46235,6430,2007,6,2019,434.995236319209,426601.378919375,45316.4652904413,0.762107989816039,,,434.995236319209,,426.601378919375,45.3164652904413,0.000762107989816039,1904.0,BH MACRO
RUFFER INVESTMENT COMPANY LIMITED,GBGG41996,6430,2004,3,2019,410.151,406275.0,-4958.0,,390.502994077,,410.151,390.502994077,406.275,-4.958,,1904.0,RUFFER INVESTMENT
SCHRODER ORIENTAL INCOME FUND LIMITED,GBGG43298,9499,2005,24,2019,703.001,661804.0,23647.0,,664.588043205,,703.001,664.588043205,661.804,23.647,,1904.0,SCHRODER ORIENTAL INCOME FUND
SDCL EFFICIENCY INCOME TRUST PLC,GB11620959,9499,2018,52,2019,324.114,323530.0,11612.0,,296.346423719,,324.114,296.346423719,323.53,11.612,,1904.0,SDCL EFFICIENCY INCOME TRUST
BAILLIE GIFFORD US GROWTH TRUST PLC,GB11194060,9499,2018,10,2019,302.437,289929.0,49850.0,,296.441991234,,302.437,296.441991234,289.929,49.85,,1904.0,BAILLIE GIFFORD US GROWTH TRUST
UTILICO EMERGING MARKETS TRUST PLC,GB11102129,6430,2005,22,2019,465.446,414343.0,-138040.0,1521.0,367.997891223,,465.446,367.997891223,414.343,-138.04,1.521,1904.0,UTILICO EMERGING MARKETS TRUST
GEORGIA CAPITAL PLC,GB10852406,6619,2017,6,2019,,,,,,,,,,,,1904.0,GEORGIA CAPITAL
IMPAX ENVIRONMENTAL MARKETS PLC,GB04348393,6430,37263,45,2019,688.936,656981.0,139572.0,,681.448673567,,688.936,681.448673567,656.981,139.572,,2001.0,IMPAX ENVIRONMENTAL MARKETS
HG CAPITAL TRUST PLC,GB01525583,6430,1980,20,2019,1040.529,1039298.0,177494.0,,1049.118900028,,1040.529,1049.118900028,1039.298,177.494,,1904.0,HG CAPITAL TRUST
WORLDWIDE HEALTHCARE TRUST PLC,GB03023689,2120,1995,10,2019,1703.024,1538298.0,90776.0,0.0,1565.682958508,,1703.024,1565.682958508,1538.298,90.776,0.0,1904.0,WORLDWIDE HEALTHCARE TRUST
INVESCO ASIA DRAGON TRUST PLC,GB03011768,6430,1995,29,2019,227.993,227375.0,1188.0,,207.180260532,,227.993,207.180260532,227.375,1.188,,1904.0,INVESCO ASIA DRAGON TRUST
JPMORGAN INDIA GROWTH & INCOME PLC,GB02915926,6430,1994,25,2019,857.972,857629.0,87484.0,,778.037559584,,857.972,778.037559584,857.629,87.484,,1904.0,JPMORGAN INDIA GROWTH INCOME
ST. JAMES'S PLACE PLC,GB03183415,7010,35156,25,2019,117292.0,947200.0,187100.0,15800.0,6227.753534582,2575.0,117292.0,6227.753534582,947.2,187.1,15.8,1995.0,ST JAMES S PLACE
JPMORGAN EMERGING MARKETS GROWTH & INCOME PLC,GB02618994,6430,1991,54,2019,1314.084,1313769.0,151767.0,,1223.634858853,,1314.084,1223.634858853,1313.769,151.767,,1904.0,JPMORGAN EMERGING MARKETS GROWTH INCOME
THE BAILLIE GIFFORD JAPAN TRUST PLC,GBSC075954,6430,1981,18,2019,861.457,732105.0,-39034.0,,731.081142647,,861.457,731.081142647,732.105,-39.034,,1904.0,BAILLIE GIFFORD JAPAN TRUST
BLACKROCK GREATER EUROPE INVESTMENT TRUST PLC,GB05142459,6430,2004,51,2019,342.784,338442.0,18993.0,,326.414930764,,342.784,326.414930764,338.442,18.993,,1904.0,BLACKROCK GREATER EUROPE INVESTMENT TRUST
OCTOPUS APOLLO VCT PLC,GB05840377,6619,2006,33,2019,136.802,132373.0,4144.0,,123.802765447,,136.802,123.802765447,132.373,4.144,,1904.0,OCTOPUS APOLLO VCT
